-1	i don t get why ben affleck and superman are fighting each other in that new trailer
-1	rt jbouie ben afflect discovers one of his ancestors was a slave owner demands pbs to hide the fact http t co tiu84fvxl7
-1	rt melonifulvio start where you are use what you have do what you can arthur ashe quote http t co 4p38reqv6e
-1	rt _zellyn arthur_affect srhbutts also relevant http t co xh3svodbpn
-1	moon_clinic ben kuchera moviebob anthony burch arthur chu wil wheaton and joss whedon are only some of the many white people gg has
-1	ben_jones88 ha thanks ben
-1	bruce_arthur missed this when it was more timely but congrats on adding roster depth to the family
-1	i walk for ben de leon arthur de leon my uncles who died from cancer and my dad nilo de leon who beat cancer relayatsju
-1	ben arthur sends one to the robert wong wall but just a long out hurricane up 2 0 top 3rd
-1	thursday s listening list maryam mursal geoffrey oryema afro celt sound system joseph arthur ben orono remmy ongala amp orchestre cont
-1	youtube batman v superman dawn of justice exclusive teaser trailer 2016 hd henry cavill ben affleck http t co j2hikhjh7h
-1	abbyhoward kissless yeah women like moviebob mcintosh arthur chu ben kuchera will wheaton hey wait a sec
-1	buzzfeed ben and jerry s is releasing an ice cream brrr ito on 4 20 http t co rdxp29kqch http t co wgiue6j9dk eh i ll eat it
-1	rt gilroyvlogs time to get moving spring has sprung get up and get something done today see you tomorrow http t co adugqd2jky
-1	photo princearnold legendary soul singers ben e king otis redding johnnie taylor arthur conley and http t co rjxfvgwrar
-1	syalmans frito_kal ben arthur and i went to the matsuri festival and we kept making fun of all the cosplayers like it was embarrassing
-1	heelsrule1988 ksausville whoisalexjacob i loved arthur ben julia for that reason
-1	photoset kovalaris the many faces of sherlock holmes ben syder sir arthur conan doyle s sherlock http t co 7ow9cmyxmu
-1	apologies for the delay the winners of our 5 record store day vouchers are arthur mcivor ben barrett and http t co fnz7fxhaea
-1	rt qikipedia in 1900 sir arthur conan doyle caught fire during a cricket match at lord s the ball hit a box of matches in his pocket
-1	i added a video to a youtube playlist http t co d8sxeufrui dr yosef ben jochannan vs rabbi arthur seltzer dr ben saves the black
-1	rt motochi_ ben e king otis redding johnnie taylor arthur conley percy sledge http t co f9dnrflbce
-1	ciarondoo it exists though so i haven t completely lost the plot yet http t co 7qjbw0ydgy
-1	ben_lant astridvne wes andersoooooon bill murrrrraaaaaay
-1	majestymarzy ben barnes sam claflin max irons grant gust marlon teixeria you d definitely love him arthur sales done
-1	crash006 whmpodcast have i seen face off no eraserhead no sleeping with the enemy yes in class ben and arthur yes twice
-1	alison_prime chartoc polygon crecenteb he s more than decent he s one of the best shame he works with ben kuchera and arthur gies
-1	jokers_luck alison_prime pixelbuff theivyclover1 arthur gies ben kuchera and charlie hall all need to go before i think about it
-1	big thank you to kim carolyn melanie arthur and ben for pledging to the solar tuk crowdfunding campaign http t co 53blqtyarj
-1	orion and king arthur bova ben 9780765368065 http t co tuf9uyxiaa http t co zp2qum3a6b
-1	arthur_affect vivian_games awful to set them off on a sjw hate train i ll always remember ben kuchera s puzzled reaction to being
-1	king_nikes how about i would like to live somewhere close to arthur s seat or ben nevis
-1	macmillanedin mrhairyhaggis well last year i climbed up to arthur s seat and ended up climbing ben nevis loveedinburgh
-1	rt mscsarah that ass ben_lant http t co xqsyfmh4f3
-1	plantimagesolns arthur wetzel using swift method to register and track ben blackmore s sunflower leaves with fourier http t co dikl99mf90
-1	yell i love you across campus to arthur and ben and what i got was hey ok
-1	unknown ben e king otis redding johnnie taylor arthur conley amp percy sledge r i p percy sledge http t co ght3z4y3jy
-1	rt motochi_ ben e king otis redding johnnie taylor arthur conley percy sledge http t co f9dnrflbce
-1	rt motochi_ ben e king otis redding johnnie taylor arthur conley percy sledge http t co f9dnrflbce
-1	rt motochi_ ben e king otis redding johnnie taylor arthur conley percy sledge http t co f9dnrflbce
-1	ben e king otis redding johnnie taylor arthur conley percy sledge http t co f9dnrflbce
-1	suupbiggee ben and i going to dmv in the am i ll see what time we are free
-1	am_arthur i don t know but when you tweeted ben ben ben earlier it showed up as translate from dutch lol
-1	rt the_book_queen ben needs a slap too am_arthur slap some sense into him qaf
-1	ben needs a slap too am_arthur slap some sense into him qaf
-1	gah i forgot how much i adore michael and ben qaf
-1	so sad when ben doesn t resply to me
-1	i was looking forward to being uncle ben like the rice or like spiderman s uncle qaf
-1	rt myheart thanks will will_hodge less than 24 hours left to in ben arthur s fantastic answer song project myheart https t co qjc
-1	nads_isthename arthur and ben are coming today too
-1	rt isobelafraid ben and i have just gone from bowie lyrics to the arthur theme tune in less than thirty seconds
-1	ben and i have just gone from bowie lyrics to the arthur theme tune in less than thirty seconds
-1	dr yosef ben jochannan vs rabbi arthur seltzer dr ben saves the black h https t co 5ibw5swufp via youtube racism within judaism
-1	rt timreganporter i just backed ben arthur s call and response on kickstarter http t co grtc3rdw6j myheart
-1	thanks will will_hodge less than 24 hours left to in ben arthur s fantastic answer song project myheart https t co qjcze4v3vd
-1	rt timreganporter i just backed ben arthur s call and response on kickstarter http t co grtc3rdw6j myheart
-1	less than 24 hours left to be a part of call and response ben arthur s fantastic answer song project myheart https t co vbdmnbknqq
-1	ben e king otis redding johnnie taylor arthur conley and percy sledge http t co kmynr6zrgs
-1	ben amp jerry s free cone day intu metrocentre https t co kggdzrywx6
-1	i just backed ben arthur s call and response on kickstarter http t co grtc3rdw6j myheart
-1	every man takes the limits of his own field of vision for the limits of the world arthur schopenhauer
-1	had a good day out in the wind and rain enjoying a pint of g in ben arthur s bothy before the train home http t co ti9hh4uv5x
-1	musical artists i would pay for to see live ed sheeran james arthur adele ben howard
-1	ngopi sek ben gak edan arthur and the invisibles arthur and the minimoys with rahasia at legendmalang https t co wmvgp5rqff
-1	gameunboxing i m worried you have a people getting dressed fetish ben sharpysharps joemooredesign
-1	here you are again misgendering ben kuchera and arthur chu gentlermouse
-1	ryanphillippe i m not sure arthur is guilty that was a set up i think ben s wife has something to do this i have from the beginning
-1	rt fandompickups hetaliapickuplines how bout i show you exactly how big my big ben is england
-1	ben s been sleeping for over 12 hours now i already cleaned the kitchen and finished my online homework for chemistry
-1	i have found that if you love life life will love you back arthur rubinstein
-1	sidney parade ben howth valentine greatrakes adam and eve arthur wellesley boss croker herodotus
-1	watch ben arthur movies full onine youtube http t co 6sw7zqqmdj
-1	gameunboxing arthur_parsons legomarvelgame lol ben do u have a bro named bill xd
-1	rt mgsiegler death cab frontman ben gibbard on why jay z s tidal service is going to fail miserably http t co 752oa0cciu http t co
-1	ben carson is really milking this whole presidential candidacy thing https t co cygqzmud8g
-1	rt tategerber gameunboxing legomarvelgame arthur parsons and crew take note ben has award winning ideas classic suit as well please d
-1	gameunboxing legomarvelgame arthur parsons and crew take note ben has award winning ideas classic suit as well please d
-1	do ben allen and arthur gosse know each other
-1	gemls11 my bro thought hatem ben arfa was called ben arthur
-1	rt barbielk why you rushing ben out arthur fenton huh mikeabeach secretsandlies
-1	barbielk mikeabeach secretsandlies i think arthur just wants to help ben because he knows what cornell capable of
-1	rt barbielk why you rushing ben out arthur fenton huh mikeabeach secretsandlies
-1	why you rushing ben out arthur fenton huh mikeabeach secretsandlies
-1	threatening ben with dropping him off at maryssa s gt gt gt
-1	johnsonstyler sirgoonieb ben try s to make duck lips
-1	jacksondaidoji we look at you quickly i blushed as the man asked me something ben who is this me this is my brother arthur
-1	rt jamiesfifteen nice little article on ben arthur one of our original apprentices who s cooking up a storm in cornwall proud http
-1	ben franklin commented on how often the bald eagle waits for a smaller hawk to catch something then steals it kinda on point as a symbol
-1	ben_the_bos they re defending manhood
-1	arthur_affect so the puppies are mad that people write stories where dragons are sympathetic but this is a okay
-1	ben amp arthur 2002 full movie 1080p https t co waliaotumh via youtube
-1	rt croydonradio new podcast on croydon radio eclectic ben arthur avenue with djsteve8 http t co mst8yt2tdw
-1	drc111093 ben told me you practically lived there so i get scared about you always being with ske tbh
-1	drc111093 you re mad and you hate ben and i now tbh
-1	new podcast on croydon radio eclectic ben arthur avenue with djsteve8 http t co mst8yt2tdw
-1	arthur_hdz and the ability to not be ben affleck
-1	rt howardostrom sherlock holmes ben syder bensyder amp howardostrom are photo bombed by sir arthur conan doyle 221bcon http t co ykdn
-1	sherlock holmes ben syder bensyder amp howardostrom are photo bombed by sir arthur conan doyle 221bcon http t co ykdnv1habu
-1	i wonder if marzy shits herself when ben is ben
-1	holland s handbook for southern gardeners south and southwest ben arthur davi http t co wiwtbwplyx or http t co avqps9ctvi
-1	rt ferdistam j m w turner ben arthur scotland engraved by thomas lupton 1819 tate btitain art etching mezzotint paper http
-1	rt croydonradio on air now eclectic ben arthur avenue djsteve8 http t co ntl2pues9q
-1	rt croydonradio on air now eclectic ben arthur avenue djsteve8 http t co ntl2pues9q
-1	on air now eclectic ben arthur avenue djsteve8 http t co ntl2pues9q
-1	rt grahamdavida i m obsessed with ben carson s completely sensible if fogeyish and completely apolitical anti selfie piece http t co
-1	rt oldburtonian fordhallfarm great to see charlotte amp ben on bbc1 midlands news today especially to see arthur 1992 interview people
-1	sharpysharps arthur_parsons gameunboxing haydenctoss btw ben i would like to see harry potter too
-1	the more original a discovery the more obvious it seems afterwards arthur koestler
-1	rt oldburtonian fordhallfarm great to see charlotte amp ben on bbc1 midlands news today especially to see arthur 1992 interview people
-1	rt oldburtonian fordhallfarm great to see charlotte amp ben on bbc1 midlands news today especially to see arthur 1992 interview people
-1	fordhallfarm great to see charlotte amp ben on bbc1 midlands news today especially to see arthur 1992 interview people power
-1	don t miss bbcmtd 6 30pm 10yrs of fordhallfarm we found this in our archives from 2005 arthur amp son ben hollins http t co insqelkicb
-1	rick perry at 10 a m ben carson at noon jeb bush at 1 15 p m bobby jindal at 5 dinner is scheduled with ted cruz http t co rnhpekuld0
-1	you gotta watch this roman giving life lessons with a bit of a surprise for the parent romanatwoodgopro https t co 9bghkjdfu9
-1	new deadpool movie set photos featuring deadpool with his katanas called ben and arthur according to ryan reynolds
