-1	wakeup2news marstu67 o m g car 54 where are you
-1	car 54 where are you http t co bdrfk3t14m http t co v3qrgpwlhj
-1	car 54 where are you http t co bdrfk3t14m http t co isr5dh8n22
-1	rt blackkittiestar norbuck if it s like car 54 where are you i m in
-1	norbuck if it s like car 54 where are you i m in
-1	car 54 where are you http t co bdrfk3t14m http t co yr0xakuqk8
-1	charlotte rae was incredibly funny on car 54 where are you tgiriff
-1	calling all cars calling all cars car 54 where are you
-1	car 54 where are you http t co bdrfk3t14m
-1	car 54 where are you http t co bdrfk3t14m
-1	rt tqnews rt hrt_buses route 106 inbound is 14 minutes late in downtown newport news car 54 where are you
-1	rt hrt_buses route 106 inbound is 14 minutes late in downtown newport news car 54 where are you
-1	reverseimaging1 car 54 where are you washwizards had 2 tough losses on the road fans are worried about starting playoffs wizardstalk
-1	rt freetownpd car 54 where are you was an american sitcom that ran on nbc from 1961 to 1963 and was about two new york http t c
-1	car 54 where are you was an american sitcom that ran on nbc from 1961 to 1963 and was about two new york http t co mn1mjbeeqk
-1	car 54 where are you http t co bdrfk3t14m http t co teuxxhozrn
-1	car 54 where are you http t co bdrfk3bpgc
-1	car 54 where are you http t co bdrfk3t14m
-1	car 54 where are you http t co bdrfk3t14m
-1	car 54 where are you http t co bdrfk3t14m
-1	car 54 where are you http t co bdrfk3t14m
-1	car 54 where are you http t co bdrfk3t14m
-1	charles nelson reilly on car 54 where are you metv car54 matchgame charlesnelsonreilly http t co 2niiitzoec
-1	car 54 where are you http t co bdrfk3t14m
-1	car 54 where are you http t co bdrfk3t14m
-1	car 54 where are you don t know me video
-1	car 54 where are you how smart can you get http t co kaqecsglwq
-1	car 54 where are you http t co bdrfk3t14m
-1	car 54 where are you http t co bdrfk3t14m
-1	car 54 where are you fred gwynne joe e ross 8x10 glossy photo f1798 http t co ep7brm93pk http t co uqtxrzsyzw
-1	car 54 where are you fred gwynne joe e ross 8x10 glossy photo f1799 http t co dn5diovwj5 http t co vjzscgk8xv
-1	car 54 where are you http t co bdrfk3t14m
-1	car 54 where are you http t co bdrfk3t14m
-1	car 54 where are you http t co bdrfk3t14m
-1	car 54 where are you http t co bdrfk3t14m
-1	police coffee car 54 where are you coal harbour sea wall https t co monw3tsisv
-1	car 54 where are you http t co bdrfk3t14m
-1	car 54 where are you http t co bdrfk3t14m
-1	coast guard car 54 where are you http t co bmmjrky5oa via wordpressdotcom
-1	car 54 where are you walk down memory lane with http t co ua6klczmif http t co byzc9m6hu9
-1	car 54 where are you http t co bdrfk3t14m
-1	car 54 where are you http t co bdrfk3t14m
-1	car 54 where are you http t co bdrfk3t14m
-1	car 54 where are you http t co bdrfk3t14m
-1	car 54 where are you http t co bdrfk3t14m
-1	rt fejimanz chibdm i think it sang the song hot hot hot for that movie of car 54 where are you and also starred in that flick
-1	chibdm i think it sang the song hot hot hot for that movie of car 54 where are you and also starred in that flick
-1	car 54 where are you http t co bdrfk3t14m
-1	car 54 where are you http t co bdrfk3t14m
-1	car 54 where are you http t co bdrfk3t14m
-1	car 54 where are you http t co bdrfk3t14m
-1	car 54 where are you http t co bdrfk3t14m
-1	car 54 where are you cast notice herman and grampa and a host of other later well known stars do you recognize any others
-1	car 54 where are you http t co bdrfk3t14m
-1	car 54 where are you http t co bdrfk3t14m
-1	car 54 where are you http t co bdrfk3t14m
-1	car 54 where are you http t co bdrfk3t14m
-1	car 54 where are you the loves of sylvia schnauzer http t co 1ddbvocvce
-1	car 54 where are you http t co jpen9a4nkt
-1	car 54 where are you http t co bdrfk3t14m
-1	car 54 where are you http t co bdrfk3t14m
-1	billybobthomps olderbrother21 beccah_h tough call either i love lucy or car 54 where are you
-1	thekylestarks rusty_shackles did you hear they are remaking the car 54 where are you remake
