-1	torgo is in elementary yesss manos hands of fate ftw lol well someone dressed up like him but it s still in the show woo
-1	i m watching the manos the hands of fate episode of mst3k why because i m that devoted to getting a pal s sketch card right
-1	i m 90 sure the manos hanos fatos pet battle is a manos the hands of fate ref and it makes me giggle every time
-1	i m watching manos the hands of fate 1966 onthedvdplayer https t co owzkoauuu2 trakt
-1	i learned a valuable lesson at rifftrax live tonight there is a movie less watchable and coherent as manos the hands of fate tff2015
-1	rt michaeldambold you guys the manos hands of fate episode of mst3k is on tv
-1	you guys the manos hands of fate episode of mst3k is on tv
-1	rt oetaok oeta is proud to present the worst movie ever made manos the hands of fate at 9pm on mst3k http t co 1mlcn52cok http t
-1	rt newbs28 relaxing to random youtube videos and mst3k s take on manos and the hands of fate with greglabear and laurin simply stunnin
-1	relaxing to random youtube videos and mst3k s take on manos and the hands of fate with greglabear and laurin simply stunning
-1	tracebeaulieu on ok pbs manos the hands of fate at 9pm on mst3k http t co awtik0dmcm http t co ajlktk4atc yay
-1	rt oetaok oeta is proud to present the worst movie ever made manos the hands of fate at 9pm on mst3k http t co 1mlcn52cok http t
-1	rt oetaok oeta is proud to present the worst movie ever made manos the hands of fate at 9pm on mst3k http t co 1mlcn52cok http t
-1	rt oetaok oeta is proud to present the worst movie ever made manos the hands of fate at 9pm on mst3k http t co 1mlcn52cok http t
-1	rt oetaok oeta is proud to present the worst movie ever made manos the hands of fate at 9pm on mst3k http t co 1mlcn52cok http t
-1	rt frankconniff chrislhayes on msnbc did an mst3k tribute but fox does that every day by being the manos the hands of fate of news
-1	memories of high school thanks to oetaok and mst3k with manos the hands of fate
-1	rt oetaok oeta is proud to present the worst movie ever made manos the hands of fate at 9pm on mst3k http t co 1mlcn52cok http t
-1	rt oetaok oeta is proud to present the worst movie ever made manos the hands of fate at 9pm on mst3k http t co 1mlcn52cok http t
-1	oeta is proud to present the worst movie ever made manos the hands of fate at 9pm on mst3k http t co 1mlcn52cok http t co 4rcp8ocgvo
-1	rt curtgok tonight on oetaok at 9pm is the manos the hands of fate episode of mystery science theater 3000 one should really experi
-1	rt curtgok tonight on oetaok at 9pm is the manos the hands of fate episode of mystery science theater 3000 one should really experi
-1	rt curtgok tonight on oetaok at 9pm is the manos the hands of fate episode of mystery science theater 3000 one should really experi
-1	tonight on oetaok at 9pm is the manos the hands of fate episode of mystery science theater 3000 one should really experience this
-1	raiderute biasedgirl not to mention catalina caper tormented amp of course manos the hands of fate
-1	tonight on oeta freetoair 125w sat mst3k manos the hands of fate 1966 tom neyman john reynolds diane adelson 10pm e 7pm p
-1	manos the hands of fate is so far my favourite mst3k episode
-1	rt frankconniff chrislhayes on msnbc did an mst3k tribute but fox does that every day by being the manos the hands of fate of news
-1	rt frankconniff chrislhayes on msnbc did an mst3k tribute but fox does that every day by being the manos the hands of fate of news
-1	rt frankconniff chrislhayes on msnbc did an mst3k tribute but fox does that every day by being the manos the hands of fate of news
-1	rt frankconniff chrislhayes on msnbc did an mst3k tribute but fox does that every day by being the manos the hands of fate of news
-1	gameseek manos the hands of fate
-1	rt frankconniff chrislhayes on msnbc did an mst3k tribute but fox does that every day by being the manos the hands of fate of news
-1	rt frankconniff chrislhayes on msnbc did an mst3k tribute but fox does that every day by being the manos the hands of fate of news
-1	rt frankconniff chrislhayes on msnbc did an mst3k tribute but fox does that every day by being the manos the hands of fate of news
-1	rt frankconniff chrislhayes on msnbc did an mst3k tribute but fox does that every day by being the manos the hands of fate of news
-1	rt frankconniff chrislhayes on msnbc did an mst3k tribute but fox does that every day by being the manos the hands of fate of news
-1	rt frankconniff chrislhayes on msnbc did an mst3k tribute but fox does that every day by being the manos the hands of fate of news
-1	rt frankconniff chrislhayes on msnbc did an mst3k tribute but fox does that every day by being the manos the hands of fate of news
-1	rt frankconniff chrislhayes on msnbc did an mst3k tribute but fox does that every day by being the manos the hands of fate of news
-1	rt frankconniff chrislhayes on msnbc did an mst3k tribute but fox does that every day by being the manos the hands of fate of news
-1	rt frankconniff chrislhayes on msnbc did an mst3k tribute but fox does that every day by being the manos the hands of fate of news
-1	rt frankconniff chrislhayes on msnbc did an mst3k tribute but fox does that every day by being the manos the hands of fate of news
-1	rt frankconniff chrislhayes on msnbc did an mst3k tribute but fox does that every day by being the manos the hands of fate of news
-1	rt frankconniff chrislhayes on msnbc did an mst3k tribute but fox does that every day by being the manos the hands of fate of news
-1	rt frankconniff chrislhayes on msnbc did an mst3k tribute but fox does that every day by being the manos the hands of fate of news
-1	rt frankconniff chrislhayes on msnbc did an mst3k tribute but fox does that every day by being the manos the hands of fate of news
-1	rt frankconniff chrislhayes on msnbc did an mst3k tribute but fox does that every day by being the manos the hands of fate of news
-1	rt frankconniff chrislhayes on msnbc did an mst3k tribute but fox does that every day by being the manos the hands of fate of news
-1	rt frankconniff chrislhayes on msnbc did an mst3k tribute but fox does that every day by being the manos the hands of fate of news
-1	rt frankconniff chrislhayes on msnbc did an mst3k tribute but fox does that every day by being the manos the hands of fate of news
-1	rt frankconniff chrislhayes on msnbc did an mst3k tribute but fox does that every day by being the manos the hands of fate of news
-1	rt frankconniff chrislhayes on msnbc did an mst3k tribute but fox does that every day by being the manos the hands of fate of news
-1	rt frankconniff chrislhayes on msnbc did an mst3k tribute but fox does that every day by being the manos the hands of fate of news
-1	chrislhayes on msnbc did an mst3k tribute but fox does that every day by being the manos the hands of fate of news
-1	why so serious guess the movie manos the hands of fate https t co 2hjhr3npjr
-1	manos the hands of fate
-1	rt danno2430 if the rangers were dogs hagelin would be that satanic dog the master had in manos hands of fate
-1	if the rangers were dogs hagelin would be that satanic dog the master had in manos hands of fate
-1	photo genadfemale joel hodgson q amp a at the parkway theater in mpls prior to the manos the hands of fate http t co tnyslil2dk
-1	so manos the uh hands of fate https t co pftqq1gb6k
-1	so seriously this movie is so terrible y all don t ever watch manos the hands of fate
-1	lisamcguire1 tptrewire manos the hands of fate
-1	theblacktastic tfw hard drive dies me manos the hands of fate
-1	mystery science theater 3000 with joel hodgson manos the hands of fate mst3k http t co oozuhmkier
-1	waiting for the showing of manos the hands of fate it s been awhile since i ve been in a line this long mst3k
-1	tpt joelghodgson manos hands of fate the audience here is wild
-1	rt lisamcguire1 because you know manos the hands of fate mst3k tpt http t co edklhwxhcr
-1	aw man there s a showing of manos the hands of fate with joel hodgson at the parkway tonight for free and i didn t hear about it until rn
-1	mattbjorkman tpt manos manos the hands of fate
-1	lisamcguire1 tpt manos manos the hands of fate
-1	rt lisamcguire1 because you know manos the hands of fate mst3k tpt http t co edklhwxhcr
-1	rt lisamcguire1 because you know manos the hands of fate mst3k tpt http t co edklhwxhcr
-1	lisamcguire1 tpt manos the hands of fate
-1	because you know manos the hands of fate mst3k tpt http t co edklhwxhcr
-1	photo manos the hands of fate http t co ondyb5jtdk
-1	what s your favorite bad the room manos the hands of fate
-1	rt rarehorror watch hotel torgo a cool short documentary about one of the worst movies ever made manos the hands of fate https t
-1	watching manos the hands of fate just read that the actor who played torgo killed himself at 25 http t co j04ydjp5ld
-1	rt bretontheradio some days are like manos the hands of fate today was one of those
-1	some days are like manos the hands of fate today was one of those
-1	bittrscrptreadr manos the hands of fate
-1	rt rarehorror watch hotel torgo a cool short documentary about one of the worst movies ever made manos the hands of fate https t
-1	rt rarehorror watch hotel torgo a cool short documentary about one of the worst movies ever made manos the hands of fate https t
-1	rt rarehorror watch hotel torgo a cool short documentary about one of the worst movies ever made manos the hands of fate https t
-1	rt rarehorror watch hotel torgo a cool short documentary about one of the worst movies ever made manos the hands of fate https t
-1	rt rarehorror watch hotel torgo a cool short documentary about one of the worst movies ever made manos the hands of fate https t
-1	rt rarehorror watch hotel torgo a cool short documentary about one of the worst movies ever made manos the hands of fate https t
-1	rt rarehorror watch hotel torgo a cool short documentary about one of the worst movies ever made manos the hands of fate https t
-1	rt rarehorror watch hotel torgo a cool short documentary about one of the worst movies ever made manos the hands of fate https t
-1	watch hotel torgo a cool short documentary about one of the worst movies ever made manos the hands of fate https t co vxc45ewxbg
-1	hanfreakinsolo like is there anyone more fond of the film manos the hands of fate than mst3k fans
-1	i should clarify i still do love the movies because there s no way i could say no to mitchell or manos hands of fate
-1	yousain manos the hands of fate agent from harm most of the godzilla vs series are great too it s all great
-1	what s your favorite horror movie manos the hands of fate http t co 0x2vneneaq
-1	rt frankconniff hughhewitt says clinton campaign is dems weekend at bernie s okay but cruz campaign is gop s manos the hands of fat
-1	rt frankconniff hughhewitt says clinton campaign is dems weekend at bernie s okay but cruz campaign is gop s manos the hands of fat
-1	rt frankconniff hughhewitt says clinton campaign is dems weekend at bernie s okay but cruz campaign is gop s manos the hands of fat
-1	rt frankconniff hughhewitt says clinton campaign is dems weekend at bernie s okay but cruz campaign is gop s manos the hands of fat
-1	racecarjones the allure of that show was how bad it was to start with brilliantly bad manos hands of fate anyone how can you be worse
-1	rt frankconniff hughhewitt says clinton campaign is dems weekend at bernie s okay but cruz campaign is gop s manos the hands of fat
-1	rt frankconniff hughhewitt says clinton campaign is dems weekend at bernie s okay but cruz campaign is gop s manos the hands of fat
-1	rt frankconniff hughhewitt says clinton campaign is dems weekend at bernie s okay but cruz campaign is gop s manos the hands of fat
-1	rt frankconniff hughhewitt says clinton campaign is dems weekend at bernie s okay but cruz campaign is gop s manos the hands of fat
-1	rt frankconniff hughhewitt says clinton campaign is dems weekend at bernie s okay but cruz campaign is gop s manos the hands of fat
-1	rt frankconniff hughhewitt says clinton campaign is dems weekend at bernie s okay but cruz campaign is gop s manos the hands of fat
-1	rt frankconniff hughhewitt says clinton campaign is dems weekend at bernie s okay but cruz campaign is gop s manos the hands of fat
-1	rt frankconniff hughhewitt says clinton campaign is dems weekend at bernie s okay but cruz campaign is gop s manos the hands of fat
-1	rt frankconniff hughhewitt says clinton campaign is dems weekend at bernie s okay but cruz campaign is gop s manos the hands of fat
-1	rt frankconniff hughhewitt says clinton campaign is dems weekend at bernie s okay but cruz campaign is gop s manos the hands of fat
-1	rt frankconniff hughhewitt says clinton campaign is dems weekend at bernie s okay but cruz campaign is gop s manos the hands of fat
-1	rt frankconniff hughhewitt says clinton campaign is dems weekend at bernie s okay but cruz campaign is gop s manos the hands of fat
-1	rt frankconniff hughhewitt says clinton campaign is dems weekend at bernie s okay but cruz campaign is gop s manos the hands of fat
-1	rt frankconniff hughhewitt says clinton campaign is dems weekend at bernie s okay but cruz campaign is gop s manos the hands of fat
-1	hughhewitt says clinton campaign is dems weekend at bernie s okay but cruz campaign is gop s manos the hands of fate
-1	69 manos the hands of fate 1966 1 2 out of 5 kenoscopeyearinfilm2015 http t co mrrqnqacht
-1	rt hestiahdruid if you re drunk or high enough manos the hands of fate is available for free to prime users on amazon btw gt gt
-1	rt hestiahdruid if you re drunk or high enough manos the hands of fate is available for free to prime users on amazon btw gt gt
-1	i ve been informed that manos the hands of fate is available for free to amazon prime users will be very drunk later for that
-1	if you re drunk or high enough manos the hands of fate is available for free to prime users on amazon btw gt gt
-1	crosis101 you and me both modern anime sucks more than manos the hands of fate
-1	rt dvdinfatuation the working title of this film was the lodge of sins http t co ydqvhi4v9q
-1	rt dvdinfatuation the working title of this film was the lodge of sins http t co ydqvhi4v9q
-1	rt dvdinfatuation the working title of this film was the lodge of sins http t co ydqvhi4v9q
-1	rt dvdinfatuation the working title of this film was the lodge of sins http t co ydqvhi4v9q
-1	rt dvdinfatuation the working title of this film was the lodge of sins http t co ydqvhi4v9q
-1	the working title of this film was the lodge of sins http t co ydqvhi4v9q
-1	having finally watched manos the hands of fate i can officially confirm that the tree of life is still the worst movie ever made
-1	mst3k manos the hands of fate full movie with annotations https t co akuj638gnc via youtube
-1	manos the hands of fate
-1	whelp i guess it s time to watch mst3k manos the hands of fate because damn
-1	seeing some of the stupid crap going on now i d rather watch manos the hands of fate without the riffing am i a masochist now
-1	if manos the hands of fate can get an hd remastered blu ray release then by god there s hope for every movie
-1	manos god of primal darkness the hands of fate have doom this let s play thy will is done you have no http t co wgpawdrtg1
