-1	braket the possibility of luke s son being a part of the movies is amazing and i think i saw mandalorian armor plus kylo ren s mask hype
-1	spy kids was the only film in the series that i watch son of the mask is one of those films that make you g http t co lbmw7rly7d
-1	human najud download ang spy kids son of the mask and pk
-1	no fucking way son of the mask is on and brianna wont let me watch it
-1	300 is one of the worst movies ever right up there with napoleon dynamite and son of the mask
-1	jefito rottentomatoes this is cool list i never even heard of son of the mask siskel amp ebert gave thumbs up to speed 2
-1	son of the mask dvd 2005 jamie kennedy http t co dqrxa3y4ap http t co thhmwlpyym
-1	i want the son of the harpy mask cool sia got
-1	in soulcalibur iv you can only use the mask of sobek for women handy for ammit too bad you can t use it for men or sc v
-1	i liked a youtube video from astartshow http t co 8owvojxtis the legend of zelda majora s mask glitches son of a glitch
-1	son of the mask was so much better than the mask
-1	hd movie http t co j833dngjkj son of the mask 2005 bro sis http t co eb36kwuajb
-1	s0methingfunny i mean who doesn t remember his brilliant performance in son of the mask
-1	movies i watched recently touch and go my fair lady son of the mask pay it forward the first wifes club price of glory
-1	pile_of_derp illex can someone find a picture of the stunt double from son of the mask
-1	kinkelashadd i have a feeling it will be the creators from my next review also i m still trying to get my son of the mask review back up
-1	heres my son wearing my most unique piece of art known as the concord 11 gas mask by the one and https t co 3tziqpxpzg
-1	my favourite film you ask i know it s a clich but the son of the mask always satisfies when the baby puts on the evil mask chills
-1	aragorn son of arathorn gwydion son of don same dude discuss prydain middleearth http t co uxgleleexu
-1	quietlylost mynameslunchbox empire strikes back not bad but nowhere near as good son of the mask predator ii
-1	4 son of the mask topfive guiltypleasures http t co sr5xajzoff
-1	kalpenn what was it like working with victoria thaine on son of the mask i heard alot of people couldnt take there eyes off her hehe
-1	nadiagoguma94 kyaaaahrzl typo ya cant take my eyes off of u lagu lam citer son of the mask
-1	_amora_enchant doom places his hand on his chin of his mask as he postulates upon the notion of bringing her son back hmmm i don t know
-1	rt karinarogers620 mis juegos favoritos son 1 majora s mask 2 five night at freddy s 3 the last of us 4 the walking dead 5 min
-1	mis juegos favoritos son 1 majora s mask 2 five night at freddy s 3 the last of us 4 the walking dead 5 minecraft
-1	son of the mask
-1	fanboyflicks hey mark i could not find your son of the mask movie review on your fb page could you tweet me back the link to the video
-1	rt ghostbcfans1 demigod our task behind mask chosen son oh you rebel chief destroyer of the earth rise from precipice through birth
-1	go movie http t co 2026vl880r son of the mask 2005 http t co grhdgy9r5y
-1	demigod our task behind mask chosen son oh you rebel chief destroyer of the earth rise from precipice through birth
-1	rt jacksonarrr rocky balboa is making a movie where he trains apollo creed s son this is has the potential to be just as terrible as son
-1	rocky balboa is making a movie where he trains apollo creed s son this is has the potential to be just as terrible as son of the mask
-1	filled with nothing more than misery with the mask of the unbattled son https t co xvf1opogru
-1	son of the mask is such a great movie
-1	son of the mask
-1	now watching son of the mask
-1	son i ran up on somebody mother in the crowd with my gas mask and scared the shit out of her i felt so bad afterwards
-1	rt desiraayyy_ son of the mask is such a weird movie omfg
-1	son of the mask is such a weird movie omfg
-1	watching the son of mask
-1	son of the mask is on
-1	rt justinshauf i was going through some of my old toys with my son whoever holds the licensing rights to mask amp dino riders need to brin
-1	watching son of the mask just koolin
-1	son of the mask is on
-1	nw son of the mask
-1	son of the mask
-1	the son of the mask ft really bad actor loki is on no but yes
-1	watching son of the mask
-1	son of the mask will always be my fav movie
-1	rt billysubway fabregas takes off his mask to reveal he s actually the son of satan
-1	watching son of the mask
-1	bruh son of the mask was my shit
-1	movie fights idea these two movies are both showing on cable which do you watch the master of disguise or son of the mask
-1	rt billysubway fabregas takes off his mask to reveal he s actually the son of satan
-1	rt billysubway fabregas takes off his mask to reveal he s actually the son of satan
-1	rt billysubway fabregas takes off his mask to reveal he s actually the son of satan
-1	rt uyidm2 billysubway fabregas takes off his mask to reveal he s actually the son of satan
-1	billysubway fabregas takes off his mask to reveal he s actually the son of satan
-1	billysubway fabregas takes off his mask to reveal he s actually the son of satan olote go away we ve won the league
-1	rt billysubway fabregas takes off his mask to reveal he s actually the son of satan
-1	rt billysubway fabregas takes off his mask to reveal he s actually the son of satan
-1	loool the pain is real billysubway fabregas takes off his mask to reveal he s actually the son of satan
-1	rt billysubway fabregas takes off his mask to reveal he s actually the son of satan
-1	rt billysubway fabregas takes off his mask to reveal he s actually the son of satan
-1	rt billysubway fabregas takes off his mask to reveal he s actually the son of satan
-1	rt billysubway fabregas takes off his mask to reveal he s actually the son of satan
-1	billysubway fabregas takes off his mask to reveal he s actually the son of satan
-1	rt billysubway fabregas takes off his mask to reveal he s actually the son of satan
-1	rt billysubway fabregas takes off his mask to reveal he s actually the son of satan
-1	rt billysubway fabregas takes off his mask to reveal he s actually the son of satan
-1	son of the mask saves the day what a day to be alive
-1	rt billysubway fabregas takes off his mask to reveal he s actually the son of satan
-1	rt billysubway fabregas takes off his mask to reveal he s actually the son of satan
-1	rt billysubway fabregas takes off his mask to reveal he s actually the son of satan
-1	rt billysubway fabregas takes off his mask to reveal he s actually the son of satan
-1	boris karloff life mask the monster son of frankenstein http t co oum5ohlbhe http t co rwu4ypaps1
-1	rt billysubway fabregas takes off his mask to reveal he s actually the son of satan
-1	rt billysubway fabregas takes off his mask to reveal he s actually the son of satan
-1	rt billysubway fabregas takes off his mask to reveal he s actually the son of satan
-1	rt billysubway fabregas takes off his mask to reveal he s actually the son of satan
-1	fabregas takes off his mask to reveal he s actually the son of satan
-1	boris karloff life mask the monster son of frankenstein http t co 0lemw2mjba http t co x76wjtqksr
-1	son of the mask 1 0
-1	rt justinshauf i was going through some of my old toys with my son whoever holds the licensing rights to mask amp dino riders need to brin
-1	rt justinshauf i was going through some of my old toys with my son whoever holds the licensing rights to mask amp dino riders need to brin
-1	have you ever seen son of the mask that movie is freakin scary
-1	i was going through some of my old toys with my son whoever holds the licensing rights to mask amp dino riders need to bring that stuff back
-1	http t co mful3bulqo deals movies dvd bluray the mask 1994 son of the mask new dvd boxset
-1	fiirtationship what s up with his chin he look like the green dude from son of the mask
-1	realemilyattack son of the mask
-1	son of the mask better than the original mask
-1	why my header the son of the mask who did this fam
-1	can t believe i used to like son of the mask
-1	i properly watched son of the mask for the firsr time since i was little and honestly i think it deserves more than 2 1 stars on imdb
-1	nw son of the mask
-1	beringseagold dad kelly wins worst father award dish soap in the mask of your son and then you laugh what a jackass
-1	then i feel sad that i will never have as much money as it took to render a single effects shot in son of the mask swings roundabouts
