-1	extinct_surf suck my ass but yea thats what i was thinking except i cant go earlier if i have school huh
-1	rt party_stories_ when you crowd surf in a house party school plano west http t co 2zm7i4svlt
-1	surfcastle surf school as been working since 2007 bringing unique surf experiences to all our trainees we take http t co iwz1crwky0
-1	when school finished ima be the happiest person
-1	surf s up carnival this weekend at saint sebastian catholic school carnival westla http t co zht5od35py
-1	school of surf is out http t co f3sshxmwrz stories via riwmag starboardwind luismvsousa
-1	simplicity is about doing less but doing it better localssurf watch our simplifiers video http t co ha1cqn893k siegelgale
-1	hello sunny nice shades eh just wrapped up afree saturday surf school at deerfield beach with https t co sy16fp9zs0
-1	18 apr 2015 today s wave in bali by bow s surf bali surfing guide and school http t co aip9mx90h1 http t co lmmlse4vts
-1	learn to surf in lossiemouth lessons amp equipment hire available at new wave surf school http t co 2ikqdvj99s http t co d8fdppcnjv
-1	simplicity is about doing less but doing it better localssurf watch our simplifiers video http t co r7zh6max0z
-1	lovely weather blouberg pitty edenonthebay grass is in a bad state surf school in action http t co fwbtjwqeso
-1	riding your first wave with the tony silvagni surf school http t co tan3l9f3bx via walkingontravel
-1	love this old school surf van surfing http t co b5kzaiqqad
-1	surfing surfing advanced pop up gift surf school hawaii http t co t2oefz8tlk http t co dvxwlto9hc
-1	corsi surf kayaksurf sup wave blackwave surf school amp shop http t co a6qkf4hpmt
-1	lou surfou is good for you ecole de surf surf school surf seignosse surfingfrance billabong http t co manxa2hid2
-1	stay in newquay and have surf lessons with the escape school discounts available http t co lj7vswiw3l
-1	sat 18 amp sun 19 apr liberty longboard classic son surf school strand helderberg http t co rdu5brd8gk
-1	meowman jamesvhenry meow meow meow endless sun surf school https t co eywhtmlv8s
-1	i m at msp surf school in galle southen https t co 4dpver10ds
-1	to the waves girlsurfing crosscountry surfeasy funandfitness currumbinalley surf easy surf school https t co oqmaihaygd
-1	mom at work and pops he at school well that s what mama said but i ain t no fool tsu_surf
-1	rt lowlifebvrfield listen to nachopicasso in the trump prod by harry fraud by surf school recordings np on soundcloud https t c
-1	rt carolinabeachnc join pro surfer amp cb native toni silvagni at the inaugural tony silvagni surf school foam board fest http t co xsy
-1	rt lowlifebvrfield listen to nachopicasso in the trump prod by harry fraud by surf school recordings np on soundcloud https t c
-1	listen to nachopicasso in the trump prod by harry fraud by surf school recordings np on soundcloud https t co tciab63fkv
-1	spankin new greco soft tops for surf lessons amp clinics surfschool softtopboards magiksea https t co k09luvphcx
-1	rt fairfaxnswnorth surfingaus how good s this surf photo the evolution of a grommet http t co ilksfmldsq via mrtaree http t co
-1	pottery barn kids hawaii and california surf school wood wall picture art link http t co evi7a83jui http t co zhwv9xkeej
-1	rt carolinabeachnc join pro surfer amp cb native toni silvagni at the inaugural tony silvagni surf school foam board fest http t co xsy
-1	the 2015 guide to surf universities which surf school suits you best http t co jrzzjgfzd7 via the_inertia
-1	rt carolinabeachnc join pro surfer amp cb native toni silvagni at the inaugural tony silvagni surf school foam board fest http t co xsy
-1	can i just lie all day play and surf like normal summer from school
-1	fistral today fistral fistralbeach fistralbeachsurfschool fistral beach surf school amp surf hire https t co fqea476xdz
-1	my school has a surf unit for pe
-1	instructor luan medeiros training hard in pipa brasil zangs surf wear surfcamppipa surf school brazil
-1	we want to keep it simple so we can handle growth in the right way http t co r7zh6mjlcp http t co grqvokgyqg
-1	check out the new promo from our friends in lahinch surf experience hands down the best surf school in lahinch http t co babzuijsp1
-1	proskiier doing your surf school
-1	rt killemwhiteboy can i skip school amp surf
-1	uc campuses ranked by the inertia as top academic surf schools guess which one is the top core surf school http t co jtebox0eqt
-1	next level surf camp the original european surf tour surf lifestyle and surf school company all wrapped in one http t co kljxb0qsid
-1	join pro surfer amp cb native toni silvagni at the inaugural tony silvagni surf school foam board fest http t co xsyrl8begf
-1	can i skip school amp surf
-1	riding your first wave with the tony silvagni surf school http t co 2sj3podlet via walkingontravel
-1	this sunday ajani s irie surf school barbados host its annual surf competition at pebbles beach after party at http t co kxvmwm944c
-1	happy aloha friday from your friends at hans hedemann surf school hawaii have a great weekend pc josephlibby http t co u8y39mjuw6
-1	rt barbadosboosy new videos up at boosy s surf school on facebook photo credit mark harris barbados surfing soupbowl gopro http t
-1	school of rock is on and i ve decided i want to crowd surf at least once in my life
-1	volunteer randy helped us build our school in el paredon in partnership with surf for life and loved the http t co wi2vnp0jts
-1	rt ravensurfschool raven surf school is opening a new office in portugal on the beautiful unspoiled algarve based in lagos we will h
-1	review of the tony silvagni surf school from walkingontravels http t co of4hsifjq4
-1	rt photographerswb give and surf is a non profit that provides school programs and surf outreach mentorship in indigenous communities htt
-1	fresh homemade local bodhi breakfast is served bodhi surf school https t co twqzfzfk1z
-1	can t surf on fridays because this school shit isn t wavy
-1	just think about this while you re all at school i m heading to santa cruz to surf
-1	rt dory high school http t co ollub6zsdb
-1	school of surf is out http t co ppfhek4q94 stories via ifcafunboard virtualstarr justjomtien
-1	give and surf is a non profit that provides school programs and surf outreach mentorship in indigenous communities http t co e6nrciewsu
-1	rt friddle_brandon gona be one of those high school grom that surf after school
-1	gona be one of those high school grom that surf after school
-1	join the corky carroll s surf school newsletter http t co c2oxzgwsrp
-1	a brand i made for my final project for school art artwork skate surf beach beachlife https t co rs4vaxgcpv
-1	raven surf school is opening a new office in portugal on the beautiful unspoiled algarve based in lagos we will http t co ji6du3op0w
-1	17 apr 2015 today s wave in bali by bow s surf bali surfing guide and school http t co aip9mx90h1 http t co z8qrxzaz1d
-1	surf school 05 jpg nude female celebrity scenes pictures and videos celebrity surfschool05jpg pictures videos
-1	don t wanna go to school wanna surf
-1	no longer temporary manager of the surf school phew
-1	i must go to sleep for 3hrs in order to go to school this is what happens when i surf through the internet noregrets
-1	sat 18 amp sun 19 apr liberty longboard classic son surf school strand helderberg http t co yhy7nfxkfe
-1	primeamazon vans men s backpack skate bag treflip black grey vn 0okiy30 school bag http t co demnilxmet surf skate street retweet
-1	riding your first wave with the tony silvagni surf school http t co eomwkc2bqz via walkingontravel
-1	why do we have to go to school i wanna just stay at home and surf the internet all day and all night
-1	surf_strat why do u revive so late like do you have work or school or some shit
-1	morning at pro surf school bali pic https t co wt3ruldb8f
-1	rt imrufamaequinto surf school then cool down with shower https t co zsiiibj7ai
-1	surf school then cool down with shower https t co zsiiibj7ai
-1	we hi hawaii surf surfoahu northshore paradise hi surf shop amp school https t co knu4qng765
-1	they don t have surf taco in wisconsin i can t go to school there
-1	rt kailab3ar starryeyed82 ashmarie_27 we have to go to his surf school remember
-1	starryeyed82 ashmarie_27 we have to go to his surf school remember
-1	rt daswamidon friday night surf camping trips redondo to hungtinton beach high school days https t co nm6ulxiv9k
-1	friday night surf camping trips redondo to hungtinton beach high school days https t co nm6ulxiv9k
-1	a6 is there some sort of volunteer run surf school that needs help weekendwanderlust
-1	everyone is stressing about school and all i m stressing about is putting my surf board on an air plane and where i m traveling next
-1	flowerpower surfschool 2015 with amazing moments lots of fun good waves join our daily surf classes or rent http t co vihehdny19
-1	listen to curren y amp smoke dza first light prod by harry fraud by surf school recordings np on soundcloud https t co fi5nahyhuw
-1	the internet is a blessing amp a curse if i need to know anything about someone s relationship family school work i just surf the internet
-1	new review for boosy s surf school on tripadvisor is up thanks donna http t co 9es30n9xoj barbados gopro surf http t co deupvnh32b
-1	sunset yoga in playa carrillo with chillasana yoga amp surf school cs vinyasa yoga will not only optimize your http t co katg4dnk2s
-1	surf school at tynemouth longsands http t co yphu78ejrr
-1	rt ravenser surf school at tynemouth longsands this evening http t co enlxa5cofq
-1	rt ravenser surf school at tynemouth longsands this evening http t co enlxa5cofq
-1	rt ravenser surf school at tynemouth longsands this evening http t co enlxa5cofq
-1	surf school at tynemouth longsands this evening http t co enlxa5cofq
-1	flowerpower surfschool 2015 with amazing moments lots of fun good waves join our daily surf classes or rent http t co jk1x2sszyt
-1	rt cozyknights beachjewellery_ surfsouthwest one amp half miles from the best surf school in devon
-1	who thought of corky carroll s surf school the first surf school of huntington beach http t co aurgqggzww
-1	cozyknights surfsouthwest seriously that s great and surfsouthwest can i park my car at your surf school for cheap or free
-1	danbeav i m from the bayou yo went kayaking in the surf before a hurricane in high school i ll be right in my element
-1	surf school tynemouth longsands http t co rnusjzbkbj
-1	rt comedyortruth how am i supposed to go to school do homework study stay in shape be social help out at home and get 8 hours of s
-1	rt cozyknights beachjewellery_ surfsouthwest one amp half miles from the best surf school in devon
-1	goliveoutdoors you can book a surf lesson at woolacombe here http t co sispcllqbn get on it
-1	did transworld surf really just get blocked at school
-1	beachjewellery_ surfsouthwest one amp half miles from the best surf school in devon
-1	another day another poorly drawn naked person hartford art school https t co n8qtkgaaza
-1	s o to the three girls in shark s surf shop tees at hale right now i think you re at the wrong school ladies lfk
-1	waterworld surfing school presenta save the reef surf contest chequea la entrevista a roly con toda la http t co fwrvwrlysr
-1	surf the 2015 guide to surf universities which surf school suits you best http t co njzymkczbo http t co xxpb22fdot santacruz
-1	flowerpower surfschool 2015 with amazing moments lots of fun good waves join our daily surf classes or rent http t co vt2wqleaf0
-1	rt clickhole shocking this is what our kids school lunches look like http t co d8yptdpqat http t co kn0gmg3hii
-1	school of surf is out http t co 1g2tqgoijp stories via 4windsurf windsurfmag maxmassironi
-1	took the surf to school time to get these locs retwisted
-1	surf the 2015 guide to surf universities which surf school suits you best http t co njzymkczbo http t co ookq97khx1 santacruz
-1	surf the 2015 guide to surf universities which surf school suits you best http t co sspqml6dpy santacruz http t co r1twoovhvi
-1	surf the 2015 guide to surf universities which surf school suits you best http t co njzymkczbo http t co wgr35zizvs santacruz
-1	welcome to domizar cornish wave mobile surf school check out their profile here http t co y50o5fd1sl http t co srevogjrbq
-1	surf the 2015 guide to surf universities which surf school suits you best http t co njzymkczbo http t co bwzthegu2t santacruz
-1	riding your first wave with the tony silvagni surf school http t co zjisiopwon via walkingontravel
-1	surf the 2015 guide to surf universities which surf school suits you best http t co njzymkczbo http t co nw3aulfpft santacruz
-1	read how vivit has helped customers improve business with onlinebookings http t co laubhxm2ni
-1	16 apr 2015 today s wave in bali by bow s surf bali surfing guide and school http t co aip9mx90h1 http t co a3tuqtrsf5
-1	surf the 2015 guide to surf universities which surf school suits you best http t co njzymkczbo http t co g91prdog0b santacruz
-1	tbt to 10 years ago today on my 20th birthday at surf school in seven mile beach nsw australia https t co uknia6ysog
-1	surf the 2015 guide to surf universities which surf school suits you best http t co njzymkua2w http t co ajnelkerdp santacruz
-1	this is what we re up to this weekend wanna join pull in and visit us at our new surf amp sup school https t co p5chuqlrbd
-1	surf the 2015 guide to surf universities which surf school suits you best http t co uxu4t4prsd surfboards http t co ox7gehqhad
-1	interested in learning to surf el palmar in panama has a great surf school enjoy the waves inside panama http t co yvn27u8zi8
-1	it s the perfect time of year for a surf lesson with get wet surf school http t co o3gci47b3d
-1	riding your first wave with the tony silvagni surf school http t co 5pl35ykpfd via walkingontravel
-1	surf the 2015 guide to surf universities which surf school suits you best http t co njzymkua2w http t co 9n0gjjgtp4 santacruz
-1	surf the 2015 guide to surf universities which surf school suits you best http t co njzymkua2w http t co pdvvs3oyuk santacruz
-1	surf the 2015 guide to surf universities which surf school suits you best http t co njzymkua2w http t co lvzkfgcstj santacruz
-1	riding your first wave with the tony silvagni surf school http t co yod9efxgzc via walkingontravel
-1	i ve just bought 1 day surfing lesson from odysseys surf school bali get it now before its too late
-1	surf the 2015 guide to surf universities which surf school suits you best http t co njzymkua2w http t co tiyljwqny0 santacruz
-1	surf the 2015 guide to surf universities which surf school suits you best http t co njzymkczbo http t co gy2jboji5i santacruz
-1	we hi hawaii surf surfoahu northshore paradise hi surf shop amp school https t co knu4qng765
-1	surf school quiksilver juliendavid justoneeye juliendavidxquiksilver surf hang10 just one eye https t co m392kaygzs
-1	surf the 2015 guide to surf universities which surf school suits you best http t co njzymkua2w santacruz http t co cr8fjuov2c
-1	surf the 2015 guide to surf universities which surf school suits you best http t co njzymkczbo http t co gwtjays0m8 santacruz
-1	oakley backpack green military black nylon laptop bag hiking school skate surf at tactical gear zone http t co edw4utgriq oakley hiki
-1	oakley backpack green military black nylon laptop bag hiking school skate surf at tactical gear zone http t co o28azqksof oakley hiki
-1	surf the 2015 guide to surf universities which surf school suits you best http t co njzymkczbo http t co 4ehcghd4ju santacruz
-1	surf the 2015 guide to surf universities which surf school suits you best http t co njzymkua2w santacruz http t co kmzrygevg4
-1	shoresurf welcome to owler your company profile can be accessed here http t co ye8iwyromo
-1	surf the 2015 guide to surf universities which surf school suits you best http t co njzymkczbo http t co hpcjgtx1vj santacruz
-1	surf the 2015 guide to surf universities which surf school suits you best http t co njzymkczbo santacruz http t co krd9fc6nmd
-1	surf the 2015 guide to surf universities which surf school suits you best http t co njzymkczbo http t co cbzlqf9vco santacruz
-1	i can t be bothered with school
-1	rt ccabelloch hey let s hit up walmart and grab some chipotle and surf our way through california before high school starts yo
-1	surf the 2015 guide to surf universities which surf school suits you best http t co njzymkczbo http t co 1orkpfiscz santacruz
-1	if it flood them bitches go want you to surf to school
-1	love the natural world and kindered spirits corky cochran surf school xo
-1	surf the 2015 guide to surf universities which surf school suits you best http t co njzymkczbo http t co jorg84y0ro santacruz
-1	surf the 2015 guide to surf universities which surf school suits you best http t co sspqml6dpy santacruz http t co eovqcghs9t
-1	watch this this could be you s trip high school grad trip excursions surf camp http t co olipkhgp8u
-1	plankers coolsport00 shoulder surf school action appropriate but not the rest we need to be capable of considering age offenses
-1	primeamazon vans men s backpack skate bag treflip black grey vn 0okiy30 school bag http t co demnilxmet surf skate street retweet
-1	surf the 2015 guide to surf universities which surf school suits you best http t co njzymkczbo http t co tfek3ovvej santacruz
-1	just told someone that i m from california amp they ask if i used to surf to school
-1	the golden breed surf movie complete old school longboarding music by da https t co spx8d5wun5 via youtube surf classic film
-1	amazing sup tour of the copper coast waterford with freedom surf school and adventure summerscoming flatdays
-1	rt biarritzblog cause surfing is everything biarritz lagoondy surfschool cotedesbasques surf board placetosurf thelittlecartel http
-1	stoked school of surf prize winner dutch for days never at home http t co hkhyp5xond
-1	surf the 2015 guide to surf universities which surf school suits you best http t co njzymkczbo http t co g5yrtfnevp santacruz
-1	rt giveandsurf we re so stoked to be partnering with surf for life to build a new school in bahia roja this summer http t co sohwolcupf
-1	wade_2000 idk but im at school
-1	baia de peniche well located on the bay of peniche ba a de peniche bodyboard surf school combines all the http t co 0tn0t2txn1
-1	baia de peniche well located on the bay of peniche ba a de peniche bodyboard surf school combines all the http t co qoij4hdsaf
-1	popehat when i visited pepperdine in high school it was with pre med in mind when i left that day i was thinking more about the surf team
-1	surf the 2015 guide to surf universities which surf school suits you best http t co njzymkczbo http t co ntxpys0raz santacruz
-1	east coast hui surf school will be donating 50 to the mr8 foundation today when you sign up for surf camp god bless http t co i66bhns21p
-1	huntington beach surf lessons farewell to alex gray http t co lm9eecrjp6
-1	after school beach surf jumping http t co dijyxlhjn1
-1	rt _alexoverboard i m so upset i can t go to skate and surf cause i still be at school there s so many good bands playing
-1	i m so upset i can t go to skate and surf cause i still be at school there s so many good bands playing
-1	flowerpower surfschool 2015 with amazing moments lots of fun good waves join our daily surf classes or rent http t co t5sj9rlnb2
-1	surf the 2015 guide to surf universities which surf school suits you best http t co njzymkczbo http t co zqpt12ubr7 santacruz
-1	the 2015 guide to surf universities which surf school suits you best http t co ttrv83cz6r the_inertia http t co frugzomis7
-1	rt shopsurfjobs 2015 guide to surf universities which surf school suits you best http t co aahjvimcra http t co 0w1yb3oh9m
-1	rt shopsurfjobs 2015 guide to surf universities which surf school suits you best http t co fjo9rrfanr http t co 0kuajl6aqy
-1	rt shopsurfjobs 2015 guide to surf universities which surf school suits you best http t co rucbeohu3h http t co 9bhxm6twcr
-1	why the heck do i surf internet like i have no homework and 16382949 pages to memorize and there s no school tomorrow
-1	stay in newquay and have surf lessons with the escape school discounts available http t co lj7vswrkel
-1	rt santacruz_agent surf the 2015 guide to surf universities which surf school suits you best http t co njzymkczbo http t co imydt
-1	surf the 2015 guide to surf universities which surf school suits you best http t co njzymkczbo http t co imydtswksb santacruz
-1	surf the 2015 guide to surf universities which surf school suits you best http t co njzymkua2w santacruz http t co nipxkhtoyr
-1	surf the 2015 guide to surf universities which surf school suits you best http t co njzymkczbo http t co rqnx2aru2t santacruz
-1	rt cfcamerer caltech surf student josh kim coauthored w us in amer econ rev before grad school he s off to stanford econ phd http
-1	thinking of our indo jax surf school family tomorrow they will travel to varkala beach kerala to share their http t co 5ebkprumpp
-1	caltech surf student josh kim coauthored w us in amer econ rev before grad school he s off to stanford econ phd http t co baqghavetu
-1	rt lajollamom riding your first wave with the tony silvagni surf school http t co xa5kbucg1x via walkingontravel
-1	surf the 2015 guide to surf universities which surf school suits you best http t co njzymkczbo http t co l918euj5tf santacruz
-1	rt ucsdnews uc san diego ranked no 2 academic surf school by the inertia a website for surfers http t co crkx1gsokm ucsd http t
-1	rt ucsdnews ucsd ranked no 2 academic surf school by the inertia a website for surfers http t co sa1ubzqabd http t co rat3149i5r
-1	my new sounds bloues break april 15 2015 billy hector old school thang ghetto surf https t co 7mbjmp9ju9 on soundcloud
-1	rt lajollamom riding your first wave with the tony silvagni surf school http t co xa5kbucg1x via walkingontravel
-1	school of surf is out http t co jmbbnkibsp stories via thetravellers1 stokednews gigimadeddu
-1	rt lajollamom riding your first wave with the tony silvagni surf school http t co xa5kbucg1x via walkingontravel
-1	the suicide death of a high school student from a prestigious academy turns out to be a homicide soon he was dragged away by the surf
-1	surf the 2015 guide to surf universities which surf school suits you best http t co njzymkczbo http t co nyssqwtvfa santacruz
-1	surf the 2015 guide to surf universities which surf school suits you best http t co njzymkua2w santacruz http t co butghedpaj
-1	one went to a mcdonalds and went to hunter sports high school surf_strat
-1	we braaing tonight come join us stoked school of surf will be giving away a prize http t co xj4maaen1l
-1	surf the 2015 guide to surf universities which surf school suits you best http t co njzymkczbo http t co rvc2xg2jrk santacruz
-1	surf the 2015 guide to surf universities which surf school suits you best http t co njzymkczbo http t co 3hqancknex santacruz
-1	eat surf stare at school works lay down in bed but never sleeping whatislife
-1	aaron_dont_surf get to school you an fagit
-1	blessed to see another day up getting ready for school np tsu_surf you re worst
-1	surf the 2015 guide to surf universities which surf school suits you best http t co njzymkczbo http t co g4ehuk2zuu santacruz
-1	old school http t co 3vs909swmb
-1	15 apr 2015 today s wave in bali by bow s surf bali surfing guide and school http t co aip9mx90h1 http t co advdaocdai
-1	surf the 2015 guide to surf universities which surf school suits you best http t co njzymkczbo http t co xrwayqk5cv santacruz
-1	rt surferliving rt shopsurfjobs 2015 guide to surf universities which surf school suits you best http t co hhymwga2tw http t co w
-1	surf the 2015 guide to surf universities which surf school suits you best http t co njzymkczbo http t co hfzbnj6mzy santacruz
-1	rt shopsurfjobs 2015 guide to surf universities which surf school suits you best http t co hhymwga2tw http t co wkksc8q9rx
-1	lil bros going for a surf after school http t co aqyprmhfmk
-1	surf the 2015 guide to surf universities which surf school suits you best http t co njzymkczbo http t co hzz5lzn11t santacruz
-1	surf the 2015 guide to surf universities which surf school suits you best http t co njzymkczbo http t co s2nzgxgnkv santacruz
-1	surf school nude sex scenes pictures and videos http t co vxlgn1hban celebrity surfschool pictures videos
-1	surf the 2015 guide to surf universities which surf school suits you best http t co njzymkczbo http t co jop6o82bo7 santacruz
-1	taaaasssiiiaaaa fuck school
-1	surf_vb_all_day melissa i love you too please rest we have school in a few hours
-1	parliament primary school keeping kids safe in the surf pps15 ymcaempowers surfsafe
-1	surf the 2015 guide to surf universities which surf school suits you best http t co njzymkczbo http t co g0fcw22dk4 santacruz
-1	whenever i surf tumblr in school it lags like hell
-1	rt sadii_22 aggravated is hell phone on do not disturb tsu_surf where have you been on until i k o school in the a m
-1	aggravated is hell phone on do not disturb tsu_surf where have you been on until i k o school in the a m
-1	i m pretty sure everyone in school was in love with you
-1	rt isasurfing going against all odds to surf amp go to school in india isa ambassador saku is an inspiration http t co z8h30eyve9 http
-1	gakuen polizi encouraging high school girls to surf porn sites on a regular basis haha xd jkjk
-1	interested in learning to surf el palmar in panama has a great surf school enjoy the waves inside panama http t co lvjmosbmrp
-1	surf the 2015 guide to surf universities which surf school suits you best http t co njzymkczbo http t co oxxaukv7rc santacruz
-1	i just played after school navigators on audio surf and i was like w the whole time
-1	fatboy_kevin cont plus by the time i learn to surf if i do id be to old for it to be cool like i would want to still be in high school
-1	rt surfschoolsc this is what it s all about sharingthestoke surfschoolsantacruz surf smile shaka surfschool https t co 2cjc0nei
-1	this is what it s all about sharingthestoke surfschoolsantacruz surf smile shaka surfschool shaka http t co xp3il6rrrm
-1	this is what it s all about sharingthestoke surfschoolsantacruz surf smile shaka surfschool https t co 2cjc0neiwo
-1	rt surferliving rt shopsurfjobs the 2015 guide to surf universities which surf school suits you best http t co hhymwga2tw http t
-1	surf the 2015 guide to surf universities which surf school suits you best http t co njzymkczbo http t co 0yncdqp9dp santacruz
-1	rt tinaaxt school needs to be over so i can just go to the beach and surf
-1	school needs to be over so i can just go to the beach and surf
-1	surf school stand up paddle boarding body boarding sand boarding coastal tours fish markets hotspring http t co wdrbisolub
-1	surf the 2015 guide to surf universities which surf school suits you best http t co njzymkczbo http t co 5ii4cgqvb3 santacruz
-1	riding your first wave with the tony silvagni surf school http t co 8d8nizjs2l via walkingontravel
-1	if i had a dollar for every time i got stung by a sting ray last summer working at corky caroll s surf school i d have 4 dollars
-1	rt ucsdnews uc san diego ranked no 2 academic surf school by the inertia a website for surfers http t co crkx1gsokm ucsd http t
-1	rt lajollamom riding your first wave with the tony silvagni surf school http t co xa5kbucg1x via walkingontravel
-1	surfing surfing advanced pop up gift surf school hawaii http t co t2oefz8tlk http t co du2vse0jt5
-1	school holidays family fun at bondi beach 23c in amp out of water magnificent surf lifestyle https t co 51chljsixn
-1	redgoldeden i can t bring my 1 due to finals school have extra ticket hope to make friends and find a couch to surf for the night
-1	surf the 2015 guide to surf universities which surf school suits you best http t co njzymkczbo http t co boljnxw9yu santacruz
-1	rt surftravelblogs rt shopsurfjobs the 2015 guide to surf universities which surf school suits you best http t co bmdetk0dth http
-1	so little time try to understand that i m trying to make everybody s changing by keane at surf school bali https t co pcw9rnqn10
-1	grace school rewards their students with the fun company s triply lindy surf n slide http t co 8z2pgfkpko
-1	rt surferliving rt shopsurfjobs the 2015 guide to surf universities which surf school suits you best http t co hhymwga2tw http t
-1	rt ucsdnews uc san diego ranked no 2 academic surf school by the inertia a website for surfers http t co crkx1gsokm ucsd http t
-1	rt ucsdnews uc san diego ranked no 2 academic surf school by the inertia a website for surfers http t co crkx1gsokm ucsd http t
-1	katie bond amp claire collins win today s for setting up across the board a surf school for children with autism
-1	rt surferliving rt shopsurfjobs the 2015 guide to surf universities which surf school suits you best http t co hhymwga2tw http t
-1	rt ucsdnews uc san diego ranked no 2 academic surf school by the inertia a website for surfers http t co crkx1gsokm ucsd http t
-1	rt surftripfinder rt shopsurfjobs the 2015 guide to surf universities which surf school suits you best http t co aahjvimcra http
-1	uc san diego ranked no 2 academic surf school by the inertia a website for surfers http t co crkx1gsokm ucsd http t co 8r4zteihrj
-1	riding your first wave with the tony silvagni surf school http t co xa5kbucg1x via walkingontravel
-1	just gotta make it through this week of school then surf trip
-1	surf the 2015 guide to surf universities which surf school suits you best http t co njzymkczbo http t co bjnqpjftfs santacruz
-1	rt surftravelblogs rt shopsurfjobs the 2015 guide to surf universities which surf school suits you best http t co bmdetk0dth http
-1	rt surftripfinder rt shopsurfjobs the 2015 guide to surf universities which surf school suits you best http t co aahjvimcra http
-1	dakotamaeshop you are the go to girl for corky cochran surf school xo
-1	rt shopsurfjobs the 2015 guide to surf universities which surf school suits you best http t co aahjvimcra http t co 0w1yb3oh9m
-1	rt shopsurfjobs the 2015 guide to surf universities which surf school suits you best http t co rucbeohu3h http t co 9bhxm6twcr
-1	surf the 2015 guide to surf universities which surf school suits you best http t co sspqmlnoh6 santacruz http t co xnuptuwylv
-1	surf the 2015 guide to surf universities which surf school suits you best http t co njzymkczbo santacruz http t co l4g7hnay0o
-1	surf the 2015 guide to surf universities which surf school suits you best http t co njzymkczbo http t co uzoahy2kqr santacruz
-1	rt shopsurfjobs the 2015 guide to surf universities which surf school suits you best http t co bmdetk0dth http t co 9b1t8oh5tw
-1	rt surferliving rt shopsurfjobs the 2015 guide to surf universities which surf school suits you best http t co hhymwga2tw http t
-1	rt surferliving rt shopsurfjobs the 2015 guide to surf universities which surf school suits you best http t co hhymwga2tw http t
-1	rt surferliving rt shopsurfjobs the 2015 guide to surf universities which surf school suits you best http t co hhymwga2tw http t
-1	rt surferliving rt shopsurfjobs the 2015 guide to surf universities which surf school suits you best http t co hhymwga2tw http t
-1	rt shopsurfjobs the 2015 guide to surf universities which surf school suits you best http t co hhymwga2tw http t co wkksc8q9rx
-1	the 2015 guide to surf universities which surf school suits you best http t co k3okytbaw7 http t co qnc81titop
-1	surf the 2015 guide to surf universities which surf school suits you best http t co njzymkczbo santacruz http t co silsb8v62d
-1	surf the 2015 guide to surf universities which surf school suits you best http t co njzymkczbo http t co vvk8ddewzl santacruz
-1	rt triumpalism rt blackjeezuss rt party_stories_ when you crowd surf in a house party school plano west http t co ctmnv9krjw
-1	rt saxonstandridge party_stories_ when you crowd surf in a house party school plano west http t co pjzgbsjbts madeit http t
-1	rt juniormanika party_stories_ when you crowd surf in a house party school plano west http t co 7xdpvzxy64
-1	surf the 2015 guide to surf universities which surf school suits you best http t co njzymkczbo http t co c14u0ookhu santacruz
-1	after school surf seah
-1	after school surf sesh http t co io2zzr954l
-1	sunset yoga in playa carrillo with chillasana yoga amp surf school cs vinyasa yoga will not only optimize your http t co enzatu4h00
-1	little surfer riding your first wave with the tony silvagni surf school http t co t8sdfmunsl via keryn means http t co 6cfxlknvez
-1	couple s surf school for bangladeshi girls changes lives pedia for today http t co anthkn2bpe
-1	surf the 2015 guide to surf universities which surf school suits you best http t co njzymkczbo http t co 6jxlrxhezq santacruz
-1	rt wilmingtoncoast fun traveltuesday piece by walkingontravel riding your first wave with the tony silvagni surf school http t co zt
-1	fun surf this morning especially after the high school surf club left stoked http t co awtnnmijde
-1	rt wilmingtoncoast fun traveltuesday piece by walkingontravel riding your first wave with the tony silvagni surf school http t co zt
-1	fun traveltuesday piece by walkingontravel riding your first wave with the tony silvagni surf school http t co ztxnywssqf ttot surf
-1	surf the 2015 guide to surf universities which surf school suits you best http t co njzymkczbo http t co jwns7lldd0 santacruz
-1	bedroomm bite me surf school i haven t seen the sun in decades
-1	surf the 2015 guide to surf universities which surf school suits you best http t co njzymkczbo http t co md98ytsc35 santacruz
-1	well i think it s safe to say i haven t miss being in school
-1	cas surf the 2015 guide to surf universities which surf school suits you best http t co gidhip5sly
-1	review of tony silvagni surf school via walkingon http t co 6trcm1zlfc
-1	riding your first wave with the tony silvagni surf school http t co ttdf9vsy08 via walkingontravel
-1	rt g_b_dub if surf drops during school you already know imma leave
-1	the 2015 guide to surf universities which surf school suits you best http t co houhhsmgmp iscriviti alla new http t co fmglp3d5px
-1	if surf drops during school you already know imma leave
-1	the 2015 guide to surf universities which surf school suits you best http t co wydat423cy calpolysanluisobispo
-1	wish i could surf the internet on the computer while at work everything be blocked worse than school lol
-1	the 2015 guide to surf universities which surf school suits you best http t co kwmopmlz4o
-1	surf s up beach aljezur praiaamoreira algarve portugal surfing surfschool ig_travel ig_portugal sea san http t co gbrygxkthd
-1	little surfer riding your first wave with the tony silvagni surf school http t co yl9uwyf2n3 via walkingontravel
-1	school surf work n repeat
-1	riding your first wave with the tony silvagni surf school http t co rgujms4abz via walkingontravel
-1	want to learn how to dance we have some good time to share http t co 2ajuqt7fjy fuerteventura corralejo surf http t co rsgozq9y8n
-1	school of surf is out http t co 3zdsa2pr01 stories via redhdwindsurfer sportsandmusics windsurfingstor
-1	my mom thinks i sneak out to surf before school i give my sister a ride everyday
-1	riding your first wave with the tony silvagni surf school http t co bic6u8rwpv via walkingontravel
-1	rt ristolable dumb guy from high school i have a lot of money now me i make free jokes on the computer
-1	about to surf my way to school
-1	rt tonguemagazine back to reality solo x quiksilver_mx quiksilver backpack surf school antara ag47 https t co liloxuwwr0
-1	kitesurfing beginner course 4 days kailua surf school fuerteventura http t co pbwhgksbfb
-1	pasta point maldives special sought after high season and school holiday spots just opened up get in from http t co xkn02ayezy
-1	riding your first wave with the tony silvagni surf school http t co reciz7ny4x via walkingontravel
-1	fuck everyone that doesn t have a pass and drives to school you re all pricks and i hope your cars get towed
-1	riding your first wave with the tony silvagni surf school http t co gmxxl0lkcs via walkingontravel
-1	the owler community added a new company profile porthcawlsurf available here http t co vgtvyzklkr
-1	new instagram photo tagged at gary s surf school http t co uep6nybmin
-1	welcome quiksilversurfs your business profile has been created http t co gtynzydasy
-1	rt thesurfingsumo some great reviews for westcountry surf school on our site http t co ldmpbdrq7r learntosurf surfing http t co i1
-1	rt globalboarders what a day perfect for the start of the school surf clubs grassroots surfing cornwall surfinggb waves sun
-1	rt chancetherapp kick back chancetherapper good enough back to school 10 day acid rap amp surf http t co hrpjw8qmns
-1	what a day perfect for the start of the school surf clubs grassroots surfing cornwall surfinggb waves sun stoked
-1	great article about learning to surf in carolinabeachnc courtesy of walkingontravel http t co u4insxewh5 carolinabeachnc tt
-1	blacktown_lad going on a 2 day surf camp with school down near phillip island
-1	check out elle s beach of the week http t co 0b9jhcrwro raw rugged coastline epic surf and boho chic design surferslodgepeniche
-1	raleigh team burner 1985 old school bmx restored nos skyway vw camper surf http t co uvdaij2mom http t co gtrxcmgznd
-1	17 for a 3 hour surf lesson for one choice of four locations http t co oynqp65itj
-1	almost summer pettirosso surf school http t co gmxvizy9tt tramite youtube
-1	can t access to twitter from school work connect through a webproxy to surf with privacy http t co pqdfvwfi3u and bypass security
-1	rt coolumsurfschol term 2 surf groms is starting the second week back of school we will be offering classes on monday or friday http
-1	i want to lighten my hair go to cosmetology school and surf everyday that s all
-1	rt dscottwrites you can t stop the waves but you can learn to surf jonkabatzinn mindfulness http t co crsdpa4uee http t co 2
-1	tsu_surf hit my dm senior year of high school didn t sugar coat shit i play college ball now in newark my home hood grateful jersey
-1	port macquarie surf school 1 middle rock rd lake cathie nsw 2445 australia http t co e9dht1cokp
-1	when you want to go surf but you have to go to school 1gottago boring sucks
-1	sometimes i want to wake up and surf before school just because and then i remember i m in alaska and i can t onemonth
-1	the super stocks thunder road surf route 101 school is a drag gary usher cd http t co ynsz9izjp9 http t co tzjccwk96h
-1	the super stocks thunder road surf route 101 school is a drag gary usher cd http t co use9yttcgf http t co dyv0hv7tgu
-1	sd surf school is now on twitter follow us and share us with your friends so they can come and learn how to surf too
-1	dscottwrites u can t stop the waves but u can learn 2 surf jonkabatzinn mindfulness http t co fkpk0rvvnn http t co 1qmzuvgl8m
-1	new boardshorts hawaii surf northshore surfshophawaii hi surf shop amp school https t co ag2tsuu7ml
-1	rt party_stories_ when you crowd surf in a house party school plano west http t co 2zm7i4svlt
-1	why do kids have nightmares about coming to school in their pajamas i basically do that all the time
-1	rt dscottwrites you can t stop the waves but you can learn to surf jonkabatzinn mindfulness http t co crsdpa4uee http t co 2
-1	rt dscottwrites you can t stop the waves but you can learn to surf jonkabatzinn mindfulness http t co crsdpa4uee http t co 2
-1	what better way to astro school a prisoner has been downgraded from surf clubs tumblr also uses
-1	rt lqthegawwd rt worldstarvlne this really how bitches was in school http t co f78dyat11q
-1	riding your first wave with the tony silvagni surf school http t co mwellncl95 via walkingontravel
-1	at http t co rm2i7rwbjg yoga meditate mudra school holidays becomes surf school which would you rather http t co lc1bmd8ky2
-1	school holidays becomes surf school which would you rather on the sand bondi beach sydney https t co mnmqvlfuca
-1	term 2 surf groms is starting the second week back of school we will be offering classes on monday or friday http t co 3udsf04yj8
-1	rt snowboardracing old school carving time carve snowboard surf mustache https t co jm5dykdnkd
-1	roxy s insta makes me wanna quit school learn to surf and work for them
-1	riding your first wave with the tony silvagni surf school http t co s6tdqm2phg via walkingontravel
-1	riding your first wave with the tony silvagni surf school http t co kolcmlxppr via walkingontravel
-1	rt dscottwrites you can t stop the waves but you can learn to surf jonkabatzinn mindfulness http t co crsdpa4uee http t co 2
-1	rt dscottwrites you can t stop the waves but you can learn to surf jonkabatzinn mindfulness http t co crsdpa4uee http t co 2
-1	rt dscottwrites you can t stop the waves but you can learn to surf jonkabatzinn mindfulness http t co crsdpa4uee http t co 2
-1	rt dscottwrites you can t stop the waves but you can learn to surf jonkabatzinn mindfulness http t co crsdpa4uee http t co 2
-1	rt dscottwrites you can t stop the waves but you can learn to surf jonkabatzinn mindfulness http t co crsdpa4uee http t co 2
-1	rt dscottwrites you can t stop the waves but you can learn to surf jonkabatzinn mindfulness http t co crsdpa4uee http t co 2
-1	rt dscottwrites you can t stop the waves but you can learn to surf jonkabatzinn mindfulness http t co crsdpa4uee http t co 2
-1	rt dscottwrites you can t stop the waves but you can learn to surf jonkabatzinn mindfulness http t co crsdpa4uee http t co 2
-1	old school carving time carve snowboard surf mustache https t co jm5dykdnkd
-1	rt dscottwrites you can t stop the waves but you can learn to surf jonkabatzinn mindfulness http t co crsdpa4uee http t co 2
-1	rt dscottwrites you can t stop the waves but you can learn to surf jonkabatzinn mindfulness http t co crsdpa4uee http t co 2
-1	rt dscottwrites you can t stop the waves but you can learn to surf jonkabatzinn mindfulness http t co crsdpa4uee http t co 2
-1	rt dscottwrites you can t stop the waves but you can learn to surf jonkabatzinn mindfulness http t co crsdpa4uee http t co 2
-1	rt dscottwrites you can t stop the waves but you can learn to surf jonkabatzinn mindfulness http t co crsdpa4uee http t co 2
-1	you can t stop the waves but you can learn to surf jonkabatzinn mindfulness http t co crsdpa4uee http t co 2kkkrypatv
-1	missmirandaal seriosly there was this white girl in y school she was like a surf board and after summer when school started she a big but
-1	after school surf sesh tomorrow
-1	family fun surf lessons godfathersoftheoceansurfschool burleigh heads beach mungabarry http t co m3s4tulyhc
-1	hey pcr miss u best i ever had grey sky morning by vertical horizon with hebrina at surf school bali https t co mdujngdqxa
-1	let s get out there getwet learntosurfgoldcoast surfschool surfing shredders surf http t co 7drw8eqcch http t co najwulexmq
-1	a letter my mom found tht she wrote to my dad in high school asking him to surf less and pay more attention to her http t co e4fwnokvqh
-1	back to reality solo x quiksilver_mx quiksilver backpack surf school antara ag47 https t co liloxuwwr0
-1	riding your first wave with the tony silvagni surf school http t co phcjf37fyl via walkingontravel
-1	work school surf
-1	dad having a good time familyfun surfeasy holidayprogramme surf easy surf school https t co v2p5846b6n
-1	riding your first wave with the tony silvagni surf school http t co rilj2kucqx via walkingontravel
-1	riding your first wave with the tony silvagni surf school http t co ju5ca00lbz via walkingontravel
-1	rt ssandrabyrne surf lesson with equipment hire tramore surf school https t co avrpfpdbmp via livingsocialie surfing deal tramore
-1	another life remedy post yoga ouijetaime california thewhalesvagina i mean sandiego surf meta school http t co ic5utwb64m
-1	back to reality quiksilver backpack surf school antara ag47 actionsports surf skate https t co liloxuwwr0
-1	surf lesson with equipment hire tramore surf school https t co avrpfpdbmp via livingsocialie surfing deal tramore waterford lesson
-1	can i like drop out of school build a house near the beach have a hammock as a bed amp surf
-1	rt festivalseekers rt bcvacation pacific surf school in tofino offers group and family surf lessons private lessons gear rentals amp m
-1	couple s surf school for bangladeshi girls changes lives pedia for today http t co anthkn2bpe
-1	great day in school then 4 hours in wetsuit in oil waves learned how to pop a surf rescue board spring tomandersonbks porthcawlsurf
-1	eviewilkins1 no way did you do surf school coolcat
-1	rt surfgsd another happy group of young surfers caswellbay heading up beach after a lush apr s school surf http t co u4bftgvuy1
-1	we re so stoked to be partnering with surf for life to build a new school in bahia roja this summer http t co sohwolcupf
-1	gymboree nwt surf legend surf school monkey t shirt size 2t http t co pryhca9fid http t co ewlwx1rize
-1	rt becciblakeway amazing weekend with woolacombe bay surf school and i m totally going to become a surfer girl http t co tlpsg4apc4
-1	rt foxnewsaustin del valle high school teacher confesses to having sexual intercourse with a student multiple times student says she l
-1	exciting stuff coming soon with ajani s irie surf school barbados keep your eyes here theoldjamminn http t co ctpo32ljbn
-1	pablitovz backside turn barra an surf gopro goprohero4 surfschool mondaymotivation http t co kbb8m8mqhu
-1	are you looking for a surf camp for teens in spain http t co 7ryicxd70g surfschool summer2015 cantabria nomadsurfers
-1	og_rada lol yea that s only kause it was gladiator school surf still killed em tho
-1	rt dscottwrites you can t stop the waves but you can learn to surf jonkabatzinn mindfulness http t co crsdpa4uee http t co t
-1	couple s surf school for bangladeshi girls changes lives http t co uchgf7y2zt newyork york http t co pp26qkeh96
-1	riding your first wave with the tony silvagni surf school http t co tapbb9a4hz via walkingontravel
-1	rt surfgsd another happy group of young surfers caswellbay heading up beach after a lush apr s school surf http t co u4bftgvuy1
-1	another happy group of young surfers caswellbay heading up beach after a lush apr s school surf http t co u4bftgvuy1
-1	chancetherapper im in school your video is what i needed to get me trough today it made my brain light up just waiting for surf now
-1	ls amp shaka surf school 100 liquid fun http t co srktepyudf
-1	riding your first wave with the tony silvagni surf school http t co haj7ywuc4w via walkingontravel
-1	riding your first wave with the tony silvagni surf school http t co 9f45wgr2vu via walkingontravel
-1	don t you just love school inset days beachlife surf http t co 7muwhbfxk5
-1	don t you just love school inset days beachlife surf https t co vnlaq7ngfp
-1	wave are narly as fuck about to go surf well everyone else is still in school got the ocean to myself
-1	rt comedyortruth i ve been ready for the last day of school since the first day of school
-1	i checked in at carolina school of surf on yelp http t co w1mtq2usdo
-1	memories from manawai surf school travel travelphotography surfing instadaily canary https t co oxtkhzdn9v
-1	riding your first wave with the tony silvagni surf school http t co zqkfvwdtu9 via walkingontravel
-1	close to impossible to sleep in the beds at school with another person lol
-1	moonemoji california facts we surf to school if we don t say dude at least 10 times a day we will die http t co sdg3gjjnty
-1	rt dscottwrites you can t stop the waves but you can learn to surf jonkabatzinn mindfulness http t co crsdpa4uee http t co t
-1	rt thesurfingsumo some great reviews for westcountry surf school on our site http t co ldmpbdrq7r learntosurf surfing http t co i1
-1	riding your first wave with the tony silvagni surf school http t co j9u5rfgspg via walkingontravel
-1	rt schoolofsurf school of surf is out http t co ndieftudqj stories via yellowflate continentseven watersportinfos
-1	school of surf is out http t co ndieftudqj stories via yellowflate continentseven watersportinfos
-1	im so down skip school and go teach kids how 2 surf
-1	surf lesson on life http t co 0zhadnhu6n
-1	1 have my own apartment by the time i m 23 2 have my all orange civic si 3 lean to surf 4 still going to school pursuing my dreams
-1	hello surfing ahikava surf school amp smoothie bar https t co j8cpaqysnj
-1	rt abi_may_jackson it s been awesome surfers lodge peniche huge thanks full report on surf school holiday coming soon patraveleditor ht
-1	listen to curren y amp smoke dza first light prod by harry fraud by surf school recordings np on soundcloud https t co fi5nahyhuw
-1	rt becciblakeway amazing weekend with woolacombe bay surf school and i m totally going to become a surfer girl http t co tlpsg4apc4
-1	amazing weekend with woolacombe bay surf school and i m totally going to become a surfer girl http t co tlpsg4apc4
-1	it s been awesome surfers lodge peniche huge thanks full report on surf school holiday coming soon patraveleditor http t co n8jykx71sm
-1	great deal for surfing ttot deals travel travelskills tni weekend rtw lp luxchat smtravel http t co kns1dfk66m
-1	rt surf_bude he he he it s gonna be fun fun fun at the surf school today the waves are lining up perfectly wearebude http t co 0mdlr
-1	riding your first wave with the tony silvagni surf school http t co vdn3wpg18q gottravel
-1	via walkingontravel riding your first wave with the tony silvagni surf school http t co lt1y3eupkz travel
-1	riding your first wave with the tony silvagni surf school http t co fqdspwqmcx via walkingontravel
-1	stay in newquay and have surf lessons with the escape school discounts available http t co lj7vswiw3l
-1	after 6 hours of kite surf lesson the best kite school is at the lagoon of grand cul de sac with enguerrand espinassou
-1	rt surfinggb https t co npok06vuob aquajuice brit school surf champs surfdome aceruk_official billabongeurope santacruz_eu c
-1	rt tripoutsurf sunrise the start of the day sunrise surf surfschool picture color https t co d2kfmaqd5z
-1	sunrise the start of the day sunrise surf surfschool picture color https t co d2kfmaqd5z
-1	thanks to freedom surf school amp adventure for being one of the sponsors for our upcoming bout on april 18th in http t co tmjq4ibr4r
-1	big thanks to freedom surf school amp adventure for being one of the sponsors for our upcoming bout on april 18th http t co e4ho0gbl5h
-1	https t co npok06vuob aquajuice brit school surf champs surfdome aceruk_official billabongeurope santacruz_eu carvevisionaries
-1	he he he it s gonna be fun fun fun at the surf school today the waves are lining up perfectly wearebude http t co 0mdlrxqjhv
-1	dad said if i give 110 on tomorrow s work out i don t have to go to school and i can go surf instead
-1	going to bali we highly recommend http t co q9jzgzdx1h personal touch fun friendly what seperates pro surf http t co z5qrabexz3
-1	at http t co zbge1vbkvc like and share my friend s surf school instagram best surf school in tahiti the be http t co wdtt46ahvw
-1	couple s surf school for bangladeshi girls changes lives http t co rp0sxqujd7 surfboards http t co xonywxns88
-1	njhlotsoflove we can surf and drink out of coconuts all day bc fuck school
-1	i just want my new wetsuit this wensday so i can ditch school and be warm in the water while i surf
-1	rt stephgracemeyer men ink article bound by sea features jack viorel of indo jax surf school http t co sh02delnmy iwrotethat surfin
-1	back to school tomorrow
-1	rt taetrilly hbkmyo announcing my acceptance at surf school with my dude taetrilly dude we are going to kill it
-1	rt hbkmyo announcing my acceptance at surf school with my dude taetrilly
-1	hbkmyo announcing my acceptance at surf school with my dude taetrilly dude we are going to kill it
-1	announcing my acceptance at surf school with my dude taetrilly
-1	guard rails surf kasparov penis run kids run diet in school we slytherin has become diarrhea mug you airs ayy it s the qmart
-1	rt alexaatrujillo lil surf sesh before school with mcleavins http t co gs0thomxm5
-1	couple s surf school for bangladeshi girls changes lives http t co bbtkoqdr92
-1	_chance_em_ we got em hi surf shop amp school https t co tp2tedhlg1
-1	hd school by liquid shredder surfboards the best surf camp boards 100 liquid fun http t co vhlmagx1gh
-1	couple s surf school for bangladeshi girls changes lives http t co mlh6e0zlhj
-1	going to surf school would be cool
-1	rt dscottwrites you can t stop the waves but you can learn to surf jonkabatzinn mindfulness http t co crsdpa4uee http t co t
-1	farmdog surf school i miss you see you this summer
-1	rt thecamp_2012 we are having an awesome spring isalber1 hitting this sweet right hander surfschool surf http t co lj8rx5mnic
-1	get a group of friends to take lessons and it lowers the cost corky carroll s surf school on yelp http t co frizkh8rkp
-1	this was in the movie surf ninjas old school surfninjas chinatown central plaza https t co kmmo0b0tsu
-1	rt thecamp_2012 we are having an awesome spring isalber1 hitting this sweet right hander surfschool surf http t co lj8rx5mnic
-1	we are having an awesome spring isalber1 hitting this sweet right hander surfschool surf http t co lj8rx5mnic
-1	duuuur thanks westcountry surf school for the sweaters you deliberately left here for us both as presents http t co ry1xuvshqy
-1	surf chill then comeback to tx for school
-1	more fun ones http t co susqa3lenq fuerteventura corralejo elcotillo surf kailua http t co 9ggxfyzxsm
-1	rt jossbaysurfing memphis came down today to see what was going down at the surf school she gave her seal of approval https t co dmz
-1	end of surf school party dress http t co tis7edrqxy http t co tkpfg13vbj
-1	rt ebshackett i want to go back and surf i don t want to go to school croyde bay devon https t co fcvuwdyzhs
-1	only in florida will you find a school where they have a period where they teach u to surf highschoolgoals
-1	i want to go back and surf i don t want to go to school croyde bay devon https t co fcvuwdyzhs
-1	memphis came down today to see what was going down at the surf school she gave her seal of approval https t co dmziv3svhf
-1	rt dscottwrites you can t stop the waves but you can learn to surf jonkabatzinn mindfulness http t co crsdpa4uee http t co t
-1	rt dscottwrites you can t stop the waves but you can learn to surf jonkabatzinn mindfulness http t co crsdpa4uee http t co t
-1	rt dscottwrites you can t stop the waves but you can learn to surf jonkabatzinn mindfulness http t co crsdpa4uee http t co t
-1	rt dscottwrites you can t stop the waves but you can learn to surf jonkabatzinn mindfulness http t co crsdpa4uee http t co t
-1	rt dscottwrites you can t stop the waves but you can learn to surf jonkabatzinn mindfulness http t co crsdpa4uee http t co t
-1	surf school day two sea swallowed 1 mouthful bruises 9 seconds stood up on board 0 75 quarter second improvement i ll take that
-1	rt jordannofficial i m not ready to go back to school tomorrow
-1	rt dscottwrites you can t stop the waves but you can learn to surf jonkabatzinn mindfulness http t co crsdpa4uee http t co t
-1	rt dscottwrites you can t stop the waves but you can learn to surf jonkabatzinn mindfulness http t co crsdpa4uee http t co t
-1	rt dscottwrites you can t stop the waves but you can learn to surf jonkabatzinn mindfulness http t co crsdpa4uee http t co t
-1	rt dscottwrites you can t stop the waves but you can learn to surf jonkabatzinn mindfulness http t co crsdpa4uee http t co t
-1	rt dscottwrites you can t stop the waves but you can learn to surf jonkabatzinn mindfulness http t co crsdpa4uee http t co t
-1	rt dscottwrites you can t stop the waves but you can learn to surf jonkabatzinn mindfulness http t co crsdpa4uee http t co t
-1	you can t stop the waves but you can learn to surf jonkabatzinn mindfulness http t co crsdpa4uee http t co todgyzgchs
-1	watch our simplifiers video featuring localssurf nysurf simplicitypays http t co r7zh6mjlcp
-1	checking the surf from our deck old school scope photo cred thomcoupe surfcheck superlife https t co if6ysyq26f
-1	rt mr516 rt gleamsatm word high school was fun rt tsu_surf niggas party thursday to sunday wake up monday broke tryna figure out l
-1	rt gleamsatm word high school was fun rt tsu_surf niggas party thursday to sunday wake up monday broke tryna figure out life
-1	rt gleamsatm word high school was fun rt tsu_surf niggas party thursday to sunday wake up monday broke tryna figure out life
-1	word high school was fun rt tsu_surf niggas party thursday to sunday wake up monday broke tryna figure out life
-1	stop by mondo taitu mono loco surf school amp tajada de sandia to get your give amp surf gear today not in bocas http t co umq7ukqxdn
-1	i posted 21 photos on facebook in the album surf school april 2015 http t co 4pd99rd9mg
-1	work life work beach harlyn surf school harlynsurfschool cornwall sand instructors https t co featvodmp0
-1	school of surf is out http t co b8k8jqoire stories via windsurfingstor poolewindsurf surfandclimb_de
-1	rt party_stories_ when you crowd surf in a house party school plano west http t co 2zm7i4svlt
-1	couple s surf school for bangladeshi girls http t co o4v64fz0yj
-1	hard work surf surflessons surfschool escoladesurfemporda mediterraneansurf estartit https t co vh953nsiin
-1	surf lessons sign up http t co cnky6obfvl
-1	surf surfing hawaii boards hi surf shop amp school https t co enxvl2uibp
-1	rt putycan daily activity in aw surf school http t co zchnhdwkpc
-1	prom 2015 carlisle high school surf_n_twerf victorianyoung berean assembly https t co qxbapmz1cf
-1	this girl just said she had surf school and now the alien babes are watching her like i think they re interested imho
-1	rt timple_yohan flagler is turning into less and less of a surf school since everyone s fucking boards are being stolen burninhell
-1	flagler is turning into less and less of a surf school since everyone s fucking boards are being stolen burninhell
-1	my bed at school gt bed at home
-1	i am so stoked to hit the waves for a surf sesh school needs to be over i need to go surfing like now
-1	surf school 06 jpg nude female celebrity scenes pictures and videos celebrity surfschool06jpg pictures videos
-1	couple s surf school for bangladeshi girls changes lives http t co rp0sxqujd7 surfboards http t co g5ru7w0xj7
-1	couple s surf school for bangladeshi girls changes lives http t co uchgf7grbj
-1	http t co uic8rlot1w couple s surf school for bangladeshi girls changes lives cnrapp
-1	wnd tcot couple s surf school for bangladeshi girls changes lives new york times in 2009 vanessa r http t co giwl459g0m news
-1	enews endtimesnews couple s surf school for bangladeshi girls changes lives new york ti http t co uxrxzgyxgu via worldnetdaily
-1	couple s surf school for bangladeshi girls changes lives http t co kezgxcdkkz liberty
-1	couple s surf school for bangladeshi girls changes lives new york times in 2009 vanessa rude and her husba http t co rwdpbhakvk
-1	couple s surf school for bangladeshi girls changes lives new york times in 2009 vanessa rude and her husba http t co sd8266mook
-1	couple s surf school for bangladeshi girls changes lives new york times in 2009 vanessa rude and her husba http t co btu8nwiqpq
-1	couple s surf school for bangladeshi girls changes lives http t co yccvfmvoam new york times in 2009 vanessa rude and her husband r
-1	new post couple s surf school for bangladeshi girls changes lives http t co yjrpsboapq
-1	surf school day one sea water drunk 3 mouthfuls muscles aching all of em bruises 8 seconds stood up on board 0 5 fun tons
-1	surf spider man reboot will center on peter parker as a high school superhero http t co povdg011re http t co mi7fy3cjjm
-1	couple s surf school for bangladeshi girls changes lives http t co izaaam2oui
-1	ace news report couple s surf school for bangladeshi girls changes lives new york times in 2009 vanessa r http t co b7rg5lfn7o
-1	couple s surf school for bangladeshi girls changes lives http t co olybzoxyfy
-1	new york times in 2009 vanessa rude and her husband rashed alam began offering surf lessons and english lesso http t co szuhcjqrdj
-1	news headlines wnd couple s surf school for bangladeshi girls changes lives http t co eaxetvkntz
-1	couple s surf school for bangladeshi girls changes lives http t co 3lrsef8eln
-1	couple s surf school for bangladeshi girls changes lives http t co 5c8hzfgfxu
-1	couple s surf school for bangladeshi girls changes lives http t co uomxtphe56
-1	rt surfschoolsc the true locals of the ocean nellysmagicmoments surfschoolsantacruz surfschool surf surfing whale http t c
-1	rt surfschoolsc the true locals of the ocean nellysmagicmoments surfschoolsantacruz surfschool surf https t co xoedpqb3va
-1	the true locals of the ocean nellysmagicmoments surfschoolsantacruz surfschool surf surfing whale http t co wm1ez8zgn3
-1	the true locals of the ocean nellysmagicmoments surfschoolsantacruz surfschool surf https t co xoedpqb3va
-1	surf lesson on life http t co 0zhadnz4yl
-1	pete from shore surf school off the forecourt with this beautiful 5 4 racecar from canvas surfboards classic http t co wg7cd03mjp
-1	i liked a youtube video from surfingcroyde http t co xzrwcvtvqz lyndon wake surf school
-1	surfcamp costa rica http t co tdu7ahppse
-1	rt johnnyalonso exreverend hwilson2009 carlton thank you that wildkat screams w old school surf tone i love collecting vintage guitar
-1	exreverend hwilson2009 carlton thank you that wildkat screams w old school surf tone i love collecting vintage guitars
-1	rt party_stories_ when you crowd surf in a house party school plano west http t co 2zm7i4svlt
-1	rt fablousfour when you are in school and someone says one direction celebrityawards2015 one direction http t co ngzd657pxw
-1	rt filthyfrank satan used to pick me up from school in a run down subaru thinkin he was my dad or something wtf
-1	ok so v dramatic day at the surf school
-1	sluhxctrack when is my boy ben hayes up to set a new school record in the triple
-1	fuerteventura surf school http t co wn0welbrr3
-1	moana surf school was pumping today such fun lessons thanks all you wonderful students for making it so enjoyable d
-1	rt seasurffun i m on a hiiighway to surf sanfrancisco oceanbeach weekends surfschool http t co s6u1qol3hn
-1	rt _trippyjones listen to adrian lau james bond prod by hannibal king by surf school recordings np on soundcloud https t co gkhj
-1	rt seasurffun i m on a hiiighway to surf sanfrancisco oceanbeach weekends surfschool http t co s6u1qol3hn
-1	i m on a hiiighway to surf sanfrancisco oceanbeach weekends surfschool http t co s6u1qol3hn
-1	listen to adrian lau james bond prod by hannibal king by surf school recordings np on soundcloud https t co gkhjatruqe
-1	school of surf learn with the pros http t co qiyelio5hq
-1	surf_nwildwood i know that goofy lol but with 200 hrs of fire school amp emergency mgmnt school under my belt i always go safety 1st
-1	school of surf is out http t co 3akh1hmao4 stories via boylos_lymebay islandlotion stormchasershq
-1	surfing surfing advanced pop up gift surf school hawaii http t co t2oefz8tlk http t co lhcchdeysl
-1	rt thesurfingsumo some great reviews for westcountry surf school on our site http t co ldmpbdrq7r learntosurf surfing http t co i1
-1	surf clinic today at madison ave for junior high school class 10 12 open for business after that till 4 today fun waves and good times
-1	the calm before the waves la union surf school https t co ysvczudnvs
-1	he needs to work on getting the legs straight any guesses on which surf coach this is surfberbere surfschool h http t co 3k99qpwwly
-1	rt thesurfingsumo some great reviews for westcountry surf school on our site http t co ldmpbdrq7r learntosurf surfing http t co i1
-1	angry that cornwallcouncil want more power but don t want to run the toilets or debate important issues like surf school licences
-1	rt thesurfingsumo some great reviews for westcountry surf school on our site http t co ldmpbdrq7r learntosurf surfing http t co i1
-1	son you hold footage like lux back in in 06 snoopdogg can you please drop those gladiator school battles at least daylyt vs surf
-1	end of lesson group shot surf sunshine surfschool by getwetsurf http t co fde9k9roxi http t co seckuw7tfz
-1	new shelves thank you salassiei hi surf shop amp school https t co w8mw8ygiwa
-1	aloha friday hi surf shop amp school https t co vrvdumvacu
-1	just posted a photo hi surf shop amp school https t co twjtkqzgtw
-1	rt worldstarever he freestyling at school https t co dwifd0mksi
-1	tour with all dreams surf school reserve yours
-1	angiebuttag yeah its really good have you heard of surf curse they are somewhat kinda sorta like old school surf rock haha
-1	schoolwasbad i ve never seen reservoir dogs i really need to though but i love this band haha i like the whole old school surf rock vibe
-1	skippy s turn to score at surf school this week surfschool skippy seeaustralia diamondhead https t co vlkaetjplj
-1	saturday class literally goes to school to surf the net
-1	rt bcvacation pacific surf school in tofino offers group and family surf lessons private lessons gear rentals amp more pacificsurfco
-1	surf school with kidlets awesome spring break
-1	rt sincerelytumblr me at school http t co khy4hakclt
-1	when you live close to the ocean might as well have a high school surf team maui hana hawaii https t co dedglkxxnd
-1	jenna s drunk art school sculpting http t co z71fnqgvwo staged http t co rdazaoviwj
-1	rt thesurfingsumo some great reviews for westcountry surf school on our site http t co ldmpbdrq7r learntosurf surfing http t co i1
-1	bangladesh surfing club and school provides girls with education and freedom to realize their potential http t co swqvc7kk4a
-1	pacific surf school in tofino vancouverisland offers year round group and family surf lessons gear rentals and surf camps pacificsurfco
-1	rt thesurfingsumo some great reviews for westcountry surf school on our site http t co ldmpbdrq7r learntosurf surfing http t co i1
-1	rt thesurfingsumo some great reviews for westcountry surf school on our site http t co ldmpbdrq7r learntosurf surfing http t co i1
-1	rt thesurfingsumo some great reviews for westcountry surf school on our site http t co ldmpbdrq7r learntosurf surfing http t co i1
-1	picking up some boards and heading out surfari surf school on yelp http t co 4m1rwxmbus
-1	rt thesurfingsumo some great reviews for westcountry surf school on our site http t co ldmpbdrq7r learntosurf surfing http t co i1
-1	rt apexkerryj_ paulmars24 take these fools to surf school young wave child word to harry fraud
-1	rt thesurfingsumo some great reviews for westcountry surf school on our site http t co ldmpbdrq7r learntosurf surfing http t co i1
-1	rt thesurfingsumo some great reviews for westcountry surf school on our site http t co ldmpbdrq7r learntosurf surfing http t co i1
-1	rt thesurfingsumo some great reviews for westcountry surf school on our site http t co ldmpbdrq7r learntosurf surfing http t co i1
-1	some great reviews for westcountry surf school on our site http t co ldmpbdrq7r learntosurf surfing http t co i1uwqjvlub
-1	rt juanma_furio primer ba o post gh15 con my family de mediterranean surf school http t co swmfizfmkd
-1	paulmars24 take these fools to surf school young wave child word to harry fraud
-1	stay in newquay and have surf lessons with the escape school discounts available http t co lj7vswiw3l
-1	i saw nsu swag surf i stg ain t no other school fuckin with a amp t when it come to that
-1	rt isasurfing going against all odds to surf amp go to school in india isa ambassador saku is an inspiration http t co z8h30eyve9 http
-1	if i just could stop school and surf everyday
-1	the north devon surf school http t co khnzhtwrwa
-1	surf sesh after school thank the lord http t co yuj1llqhu4
-1	surfing surfing advanced pop up gift surf school hawaii http t co t2oefz8tlk http t co tyvwd246s0
-1	aw surf school http t co fu2xnidoey
-1	beccacox98 this is totally going to happen as soon as we leave school
-1	love this baby pink super soft sweatshirt by hawaiianfire a surf wear brand and school run by https t co sbkzyythcd
-1	rt isasurfing going against all odds to surf amp go to school in india isa ambassador saku is an inspiration http t co z8h30eyve9 http
-1	going against all odds to surf amp go to school in india isa ambassador saku is an inspiration http t co z8h30eyve9 http t co wkjuhfqail
-1	surf yoga and pilates school http t co lvbufk8umo sign travel beach photography
-1	today at aw surf school http t co o91s6opzj8
-1	the new skibennetts ski school van towing a fresh new mastercraftboat x23 surf edition this boat https t co 2ibtjkbrua
-1	waves too crowded by surf school students laguna beach independent newspaper surfboards http t co yuk7qnjqu8
-1	vintage old navy baja california waveriders surf school shirt mens large vintage oldnavy surf shirt http t co wieafuubdp via ebay
-1	rt surfingcroyde our awesome new sign is up and out directing everyone to the best surf school in croyde as ever https t co q0txqebt
-1	taking a grape and sucking the juice and life out of it and turning it into a raisin is a good illustration of what school does to me
-1	pacific surf school in tofino offers year round group and family surf lessons private lessons gear rentals and surf camps pacificsurfco
-1	our awesome new sign is up and out directing everyone to the best surf school in croyde as ever https t co q0txqebtwh
-1	rt surfinggb stoked to be working with our newest accredited surf school cbsurfschool surf cornwall
-1	via new wave surf school http t co gnlg1miixy
-1	can i drop out of school and move to hawaii and just surf and lay on the beach and eat pineapple for the rest of my life
-1	rt surfinggb stoked to be working with stivesurfschool again during 2015 as an accredited surf school surf stives yewwww
-1	rt surfinggb stoked to be working with stivesurfschool again during 2015 as an accredited surf school surf stives yewwww
-1	100 getting surf taco before i go back to school today
-1	please tell the high school kids to stop taking the booths in the union
-1	rt mackie_studio from yesterdays surf school shoot at watergatebay with a new brand we are working with called blue mackiestudio http
-1	school of surf is out http t co zd79xaxwla stories via riwmag teleamenoticias wakewindandsurf
-1	from yesterdays surf school shoot at watergatebay with a new brand we are working with called blue mackiestudio http t co dqrn3uk20i
-1	stoked to be working with stivesurfschool again during 2015 as an accredited surf school surf stives yewwww
-1	stoked to be working with our newest accredited surf school cbsurfschool surf cornwall
-1	rt laurisaneuwirth this surfing school in bangladesh is empowering girls one wave at time http t co srz6le5fdc http t co dltohhccqq
-1	this surfing school in bangladesh is empowering girls one wave at time http t co srz6le5fdc http t co dltohhccqq
-1	happy siblings day today is also beach wear day at school so jonah made a surf board to take with https t co ucaecfcvkd
