-1	amandasoprano i love how the victims have to help the creeping terror by obligingly climbing into his mouth while they re screaming
-1	the creeping terror just ate a vfw dance i guess all that twisting was wrecking its nerves bmoviemaniacs
-1	i cannot describe how awful the creeping terror is bmoviemaniacs
-1	rt normanchristof dead girl superstar see the creeping terror of these un dead beauties zomibie pin ups via r zombies http t co kf
-1	dead girl superstar see the creeping terror of these un dead beauties zomibie pin ups via r zombies http t co kfxsxfhqne zombies
-1	aklingus the creeping terror is up there down there too
-1	thehouseonpinestreet must see horror film creeping up on thebabadook and itfollows http t co zayx6tothz houseonpinest terror_weekend
-1	rt darkcorners3 we review the creeping terror everyone s man eating pile of carpets https t co leeixzwhzw
-1	rt darkcorners3 we review the creeping terror everyone s man eating pile of carpets https t co leeixzwhzw
-1	we review the creeping terror everyone s man eating pile of carpets https t co leeixzwhzw
-1	rt truthoncinema up for something different this year redonyella might be just the right mix of western flare and creeping terror http
-1	sherifflonestar stringmaker4 francescawoodwt they re good territory my choice there is the creeping terror http t co xiqojb9qsf which
-1	india morocco need to join forces to fight terror groups like is new delhi april 10 ians the creeping http t co kcssxhjmnk
-1	india morocco need to join forces to fight terror groups like is new delhi april 10 ians the creeping http t co nrxwv8fzim
-1	india morocco need to join forces to fight terror groups like is new delhi april 10 ians the creeping http t co xew7tnssqo
-1	india morocco need to join forces to fight terror groups like is new delhi april 10 ians the creeping http t co 1io4h8f4yu
