-1	who s your caddy after an amazing weekend in golf check out our new clemsongolf shirt http t co fawlbnpccc http t co xgnbev3zx6
-1	rt pbbrookeknight modelmonday my meloncakesbrand who s your caddy t shirts are available now http t co 9omnejk05o http t co 8cca
-1	rt pbbrookeknight tanks avail next week meloncakesbrand also use code imafan and get 50 off next order http t co 9omnek1buo
-1	tanks avail next week meloncakesbrand also use code imafan and get 50 off next order http t co 9omnek1buo
-1	rt pbbrookeknight modelmonday my meloncakesbrand who s your caddy t shirts are available now http t co 9omnejk05o http t co 8cca
-1	rt pbbrookeknight modelmonday my meloncakesbrand who s your caddy t shirts are available now http t co 9omnejk05o http t co 8cca
-1	rt pbbrookeknight modelmonday my meloncakesbrand who s your caddy t shirts are available now http t co 9omnejk05o http t co 8cca
-1	rt pbbrookeknight modelmonday my meloncakesbrand who s your caddy t shirts are available now http t co 9omnejk05o http t co 8cca
-1	modelmonday my meloncakesbrand who s your caddy t shirts are available now http t co 9omnejk05o http t co 8ccajxacmj
-1	who s your caddy my misadventures carrying the bag kindle edition newly tagged golf http t co e360flbkpw
-1	who s your caddy 2007 http t co mvfidmx7fo
-1	rt pbbrookeknight friskyfriday get your meloncakesbrand who s your caddy tee http t co iahk6cs0wf rjophoto http t co wv8jkeg
-1	rt pbbrookeknight friskyfriday get your meloncakesbrand who s your caddy tee http t co iahk6cs0wf rjophoto http t co wv8jkeg
-1	rt pbbrookeknight friskyfriday get your meloncakesbrand who s your caddy tee http t co iahk6cs0wf rjophoto http t co wv8jkeg
-1	friskyfriday get your meloncakesbrand who s your caddy tee http t co iahk6cs0wf rjophoto http t co wv8jkegyto
