-1	watching accidental love http t co srg6ogyuqj
-1	photo typographz love yourself handwritten typography 3 23 15 http t co gqm38lfbyw http t co kmi5p7jgbm
-1	rt a1__juuu if i told da bitch i love ha just kno the shit was accidental
-1	if i told da bitch i love ha just kno the shit was accidental
-1	julianne moore got an accidental love text from her son https t co spthmrqv9f via youtube
-1	post 116 love another one from me and amy i don t believe in accidental love love happens https t co ntigblplup
-1	i love when food gets accidental cooked at work amp we have to eat it lol
-1	rt vohocuxyha accidental love and hip http t co snrehzqi60
-1	phandroid lots of accidental leaks by oems lately anyway i can t wait for the g4 love my g3
-1	rt henslimounca accidental in love http t co wvnidcxqph
-1	the perfection of the paperclip shares stories of bitter rivalries amp a love of everyday objects win a copy today http t co 1q1gifmbia
-1	and my accidental find of the day is the little vintage wedding company on facebook love love love their stuff vintage wedding
-1	rt shojoshit legendary accidental kiss this is why we must love ouran high school host club http t co bz6o8ri4h2
-1	rt shojoshit legendary accidental kiss this is why we must love ouran high school host club http t co bz6o8ri4h2
-1	i love how good my avi turned out it really was an accidental pic
-1	nordstrom tom the fantastic associate who helped me called it accidental shopping i m in love with these http t co 9jgeytqd54
-1	http t co 5irwjotdym jessica biel from accidental love boobs
-1	accidental love biel http t co ma4m3b8k2r
-1	rt shojoshit legendary accidental kiss this is why we must love ouran high school host club http t co bz6o8ri4h2
-1	rt vohocuxyha accidental love and hip http t co snrehzqi60
-1	rt muffhelnimas accidental love bl miller pdf http t co dunfwwtiqz
-1	http t co ttgk73zdhp jessica biel from accidental love tits
-1	the accidental husband love film http t co ntbamdqixo
-1	rt vohocuxyha accidental love and hip http t co snrehzqi60
-1	goodsaturday switch places with your great great grandmother and fall in love the accidental wife kindle sale http t co yxwn6ewie6
-1	rt itidoutot accidental love asianfanfic http t co qkvp6vh701
-1	coming of age novel shows all that love and loss is and the never ending perseverance of youth http t co 2nn5023mwh by meredithrachek
-1	rt itidoutot accidental love asianfanfic http t co qkvp6vh701
-1	marketing love the story of a rookie mistake a redesign and an accidental middle finger to google http t co byg53cbrx8
-1	rt _harukimurakami how does one fall in love basically it s an accidental collision it s unpredictable and inescapable
-1	coming of age novel shows all that love and loss is and the never ending perseverance of youth http t co 8c31klbv26 by meredithrachek
-1	rt findnewbooks coming of age novel shows all that love and loss is and the never ending perseverance of youth http t co oemovsz20k by
-1	coming of age novel shows all that love and loss is and the never ending perseverance of youth http t co oemovsz20k by meredithrachek
-1	did you know that 60 of accidental fires in homes start in the kitchen food for thought definitely http t co pj4nj4vq56
-1	coming of age novel shows all that love and loss is and the never ending perseverance of youth http t co tsr3enkj2j by meredithrachek
-1	coming of age novel shows all that love and loss is and the never ending perseverance of youth http t co qz03mmx0et by meredithrachek
-1	coming of age novel shows all that love and loss is and the never ending perseverance of youth http t co buhnrfmbhg by meredithrachek
-1	rt smisdynamite coming of age novel shows all that love and loss is and the never ending perseverance of youth http t co thzf2borqs by
-1	coming of age novel shows all that love and loss is and the never ending perseverance of youth http t co quraunyfee by meredithrachek
-1	accidental love movie reviews http t co n3hr3pcibl
-1	coming of age novel shows all that love and loss is and the never ending perseverance of youth http t co thzf2borqs by meredithrachek
-1	rt itidoutot accidental love asianfanfic http t co qkvp6vh701
-1	rt muffhelnimas accidental love bl miller pdf http t co dunfwwtiqz
-1	rt vohocuxyha accidental love and hip http t co snrehzqi60
-1	accidental love https t co avcxdyo569
-1	santai watching accidental love https t co m1uyxyloon
-1	rt ebbrochendu accidental love movie trailer http t co klyqq6hmip
-1	accidental reading trend woman out of place is protected by man dealing with significant trauma they fall in love no one is surprised
-1	rt griskadede accidental love questions and answers http t co e0lkwldjvq
-1	accidental love filmweb http t co gm5i0ytzw3
-1	i liked a youtube video http t co utpfiks093 accidental love official trailer 1 2015 jake gyllenhaal jessica biel movie hd
-1	olgakay accidental babies need love too because the accidental baby makers usually aren t up for that job 0_o
-1	accidental love marks lmao
-1	accidental love questions and answers http t co e0lkwldjvq
-1	http t co 89lbtihpnj jessica biel accidental love tits
-1	rt hillary_mac love your life and what you ve been given it is not accidental search for your purpose and do it the best you can
-1	http t co 1saov3omnx jessica biel from accidental love boobs
-1	my layout was accidental but i love it
-1	accidental love http t co aiekawxxnv
-1	accidental love http t co ziyykw0izq personal_growth
-1	arinaayhy i already watched love rosie so im gonna watch accidental love now thank you
-1	skittlesftniall haa maybe u should try love rosie or accidental love or paddington hahahaha
-1	rt shojoshit legendary accidental kiss this is why we must love ouran high school host club http t co bz6o8ri4h2
-1	love your life and what you ve been given it is not accidental search for your purpose and do it the best you can
-1	rt shojoshit legendary accidental kiss this is why we must love ouran high school host club http t co bz6o8ri4h2
-1	accidental love http t co jznmgvj0xv
-1	please don t anyone dare to watch accidental love quite possibly the worst movie ever made
-1	love sarah_brichetto don t mind a little accidental matching sometimes vwomengirlsnight https t co nbxwjkm9yu
-1	accidental love movie trailer http t co klyqq6hmip
-1	love hate relationship w my accidental 4 hour naps
-1	i love felicity s accidental double entendres
-1	emorottie oooh what sorta thing are they i love that sorta accidental thing hugging a fursuiter at a con found me an ace metal band lol
-1	rt ramtighblumceb accidental love song http t co kbukt5npsx
-1	this love is accidental so
-1	love those accidental naps on the couch
-1	love is an on purpose attempt not an accidental coincidence you have to love with purpose fightforyourmarriage
-1	oh how i love an accidental rhyme
-1	rt b4ndlyrics_ don t be so sentimental this is love is accidental so give it up
-1	colmestdagh smithand1015 i love our accidental book club i thought of the name since it just accidentally happened
-1	if i tell a bitch i love her u kno dat shit accidental
-1	accidental love xxxv http t co clv6a5cx8w
-1	love these two accidental color combos happygardeningaccidents gardenchat http t co kyuafgd289
-1	rt muffhelnimas accidental love bl miller pdf http t co dunfwwtiqz
-1	rt soniaortiz96 sleepyainoa fav accidental todo en calma laralara i love you too
-1	sleepyainoa fav accidental todo en calma laralara i love you too
-1	rt b4ndlyrics_ don t be so sentimental this is love is accidental so give it up
-1	friskywhiskey89 i have two accidental cats but i can t let them die so i ve learned to love them
-1	accidental love and hip http t co snrehzqi60
-1	now playing preston gunderson accidental love letters http t co vzlpekopsl
-1	rt muffhelnimas accidental love bl miller pdf http t co dunfwwtiqz
-1	love this shot of these to cuties and there accidental matchy printebebe play date too m http t co i8urilniau http t co qojseeypaa
-1	i liked a youtube video http t co rxk4crupps julianne moore got an accidental love text from her son
-1	watch accidental love 2015 movie streaming online check out this url http t co 6vt7sh4bat
-1	accidental love official trailer 1 2015 jake gyllenhaal jessica biel movie hd https t co c1wkabgeo0
-1	an accidental friendship leads to an unexpected love that refuses to be denied romance love http t co vvzlzezhmm http t co wnot4f7sml
-1	http t co ciyigjdzng the trailer for accidental love with jessica biel has a good spice nudes
-1	healthy seeming watermelon um it seems that way because it is http t co 52m7gxr1ye
-1	accidental photo that i love http t co gvchrsholf
-1	rt shojoshit legendary accidental kiss this is why we must love ouran high school host club http t co bz6o8ri4h2
-1	rt yoo_jijidopee tlogan15__ then if i tell a bitch i love her then that shit was accidental bet
-1	rt muffhelnimas accidental love bl miller pdf http t co dunfwwtiqz
-1	accidental love asianfanfic http t co qkvp6vh701
-1	kathytpr wareflo i would love to but my attendance this year was accidental and an unlikely event probably not to be repeated
-1	katie couric makes them read beautiful accidental love sonne https t co hly687ktht
-1	katie couric makes them read beautiful accidental love sonne https t co 0tuvkoai1v
-1	dont be so sentimental no this love was accidental so give it up this was never meant to be more than a memory for you
-1	rt shojoshit legendary accidental kiss this is why we must love ouran high school host club http t co bz6o8ri4h2
-1	rt b4ndlyrics_ don t be so sentimental this is love is accidental so give it up
-1	rt b4ndlyrics_ don t be so sentimental this is love is accidental so give it up
-1	rt b4ndlyrics_ don t be so sentimental this is love is accidental so give it up
-1	rt b4ndlyrics_ don t be so sentimental this is love is accidental so give it up
-1	rt b4ndlyrics_ don t be so sentimental this is love is accidental so give it up
-1	rt b4ndlyrics_ don t be so sentimental this is love is accidental so give it up
-1	rt b4ndlyrics_ don t be so sentimental this is love is accidental so give it up
-1	rt b4ndlyrics_ don t be so sentimental this is love is accidental so give it up
-1	coming of age novel shows all that love and loss is and the never ending perseverance of youth http t co 9e9myylqpe by meredithrachek
-1	rt b4ndlyrics_ don t be so sentimental this is love is accidental so give it up
-1	rt b4ndlyrics_ don t be so sentimental this is love is accidental so give it up
-1	don t be so sentimental this is love is accidental so give it up
-1	katie couric makes them read beautiful accidental love sonne https t co zlmyefa9dq
-1	accidental love review film http t co wqbkqpe5nw
-1	coming of age novel shows all that love and loss is and the never ending perseverance of youth http t co 2nn5023mwh by meredithrachek
-1	coming of age novel shows all that love and loss is and the never ending perseverance of youth http t co qz03mmx0et by meredithrachek
-1	coming of age novel shows all that love and loss is and the never ending perseverance of youth http t co oemovsz20k by meredithrachek
-1	coming of age novel shows all that love and loss is and the never ending perseverance of youth http t co buhnrfmbhg by meredithrachek
-1	coming of age novel shows all that love and loss is and the never ending perseverance of youth http t co quraunyfee by meredithrachek
-1	coming of age novel shows all that love and loss is and the never ending perseverance of youth http t co thzf2borqs by meredithrachek
-1	rt lpobryan coming of age novel shows all that love and loss is and the never ending perseverance of youth http t co tsr3enkj2j by me
-1	coming of age novel shows all that love and loss is and the never ending perseverance of youth http t co 8c31klbv26 by meredithrachek
-1	rt lpobryan coming of age novel shows all that love and loss is and the never ending perseverance of youth http t co tsr3enkj2j by me
-1	coming of age novel shows all that love and loss is and the never ending perseverance of youth http t co tsr3enkj2j by meredithrachek
-1	nailed accidental love https t co yj37cw4q9m
-1	rt shojoshit legendary accidental kiss this is why we must love ouran high school host club http t co bz6o8ri4h2
-1	rt shojoshit legendary accidental kiss this is why we must love ouran high school host club http t co bz6o8ri4h2
-1	rt shojoshit legendary accidental kiss this is why we must love ouran high school host club http t co bz6o8ri4h2
-1	watching accidental love https t co mieqqcfpsn
-1	rt cwmotivation good morning good people be thankful love your life and what god has given you it is not accidental you have a purpos
-1	rt shojoshit legendary accidental kiss this is why we must love ouran high school host club http t co bz6o8ri4h2
-1	rt shojoshit legendary accidental kiss this is why we must love ouran high school host club http t co bz6o8ri4h2
-1	rt shojoshit legendary accidental kiss this is why we must love ouran high school host club http t co bz6o8ri4h2
-1	my review for the worst film of 2015 so far accidentallove is up on my blog david o russell shame on you sir https t co taiwlu0jyn
-1	rt shojoshit legendary accidental kiss this is why we must love ouran high school host club http t co bz6o8ri4h2
-1	rt shojoshit legendary accidental kiss this is why we must love ouran high school host club http t co bz6o8ri4h2
-1	rt doblu accidental love is election season satire from 2008 but released in 2015 ouch http t co ked5w8erh3 http t co iugjkvqnzx
-1	accidental love is election season satire from 2008 but released in 2015 ouch http t co uyuszolk7e http t co glhs4x6cr4
-1	katie couric makes them read beautiful accidental love sonne https t co prhbvmdeg6
-1	greta_worm accidental twinning for the win haha i love you
-1	rt shojoshit legendary accidental kiss this is why we must love ouran high school host club http t co bz6o8ri4h2
-1	rt shojoshit legendary accidental kiss this is why we must love ouran high school host club http t co bz6o8ri4h2
-1	erauworldwide alum and ntsb board member robert sumwalt found love of aviation by accident http t co nxenamdvz0 avgeek theglobeerau
-1	the best love is accidental the kind that you don t go out looking for it just comes to you via http t co mnwznrydt7
-1	the best love is accidental the kind that you don t go out looking for it just comes to you via http t co tvn9f3t5dt
-1	the best love is accidental the kind that you don t go out looking for it just comes to you via http t co 6ygf1imthw
-1	rt shojoshit legendary accidental kiss this is why we must love ouran high school host club http t co bz6o8ri4h2
-1	shojoshit legendary accidental kiss this is why we must love ouran high school host club http t co g3kusca289
-1	katie couric makes them read beautiful accidental love sonne https t co 68qzyw6osm
-1	tlogan15__ then if i tell a bitch i love her then that shit was accidental bet
-1	this love was accidental
-1	coming of age novel shows all that love and loss is and the never ending perseverance of youth http t co 9e9myylqpe by meredithrachek
-1	accidental in love http t co wvnidcxqph
-1	rt shojoshit legendary accidental kiss this is why we must love ouran high school host club http t co bz6o8ri4h2
-1	rt shojoshit legendary accidental kiss this is why we must love ouran high school host club http t co bz6o8ri4h2
-1	the best love is accidental the kind that you don t go out looking for it just comes to you
-1	rt shojoshit legendary accidental kiss this is why we must love ouran high school host club http t co bz6o8ri4h2
-1	rt leofelnici accidental love vs in love http t co iemopninun
-1	rt progcanetry accidental love by gary soto characters http t co 7qxgcsj5oz
-1	katie couric makes them read beautiful accidental love sonne https t co ellohay16c
-1	rt flocconsini accidental love taeny http t co q8ckmcal8r
-1	rt shojoshit legendary accidental kiss this is why we must love ouran high school host club http t co bz6o8ri4h2
-1	rt pueuee that gif retweet was accidental but i m projecting psychic love
-1	love marriage and especially accidental marriage fics hate reading mentions of jewellery mystruggle
-1	rt progcanetry accidental love by gary soto characters http t co 7qxgcsj5oz
-1	rt thotscallmero if i tell a bitch i love her then you know that shit was accidental
-1	if i tell a bitch i love her then you know that shit was accidental
-1	katie couric makes them read beautiful accidental love sonne https t co 1qwdcm2jnp
-1	rt progcanetry accidental love by gary soto characters http t co 7qxgcsj5oz
-1	kloepfer is entirely self taught having studied engineering on the internet i prefer no guns but love this idea http t co whg67teb3q
-1	rt muffhelnimas accidental love bl miller pdf http t co dunfwwtiqz
-1	baskin robbins accidental love confession studio c workin https t co gzevhfuqrv
-1	that gif retweet was accidental but i m projecting psychic love
-1	coming of age novel shows all that love and loss is and the never ending perseverance of youth http t co quraunyfee by meredithrachek
-1	baskin robbins accidental love confession studio c workin https t co v9k43jxwqf
-1	rt findnewbooks coming of age novel shows all that love and loss is and the never ending perseverance of youth http t co oemovsz20k by
-1	rt findnewbooks coming of age novel shows all that love and loss is and the never ending perseverance of youth http t co oemovsz20k by
-1	rt lpobryan coming of age novel shows all that love and loss is and the never ending perseverance of youth http t co tsr3enkj2j by me
-1	coming of age novel shows all that love and loss is and the never ending perseverance of youth http t co oemovsz20k by meredithrachek
-1	coming of age novel shows all that love and loss is and the never ending perseverance of youth http t co tsr3enkj2j by meredithrachek
-1	coming of age novel shows all that love and loss is and the never ending perseverance of youth http t co thzf2borqs by meredithrachek
-1	baskin robbins accidental love confession studio c workin https t co fva0it4aau
-1	coming of age novel shows all that love and loss is and the never ending perseverance of youth http t co 8c31klbv26 by meredithrachek
-1	coming of age novel shows all that love and loss is and the never ending perseverance of youth http t co qz03mmx0et by meredithrachek
-1	baskin robbins accidental love confession studio c workin https t co hdrmvcpmph
-1	rt jyoungprime daheeprime our love is accidental but i always smile when i think about it and about u thinking about i belong to u
-1	http t co ciyigjmovi the trailer for accidental love with jessica biel has a good spice ass
-1	daheeprime our love is accidental but i always smile when i think about it and about u thinking about i belong to u
-1	baskin robbins accidental love confession studio c workin https t co rki8fmnfvz
-1	baskin robbins accidental love confession studio c workin https t co gcmsbvqegu
-1	baskin robbins accidental love confession studio c workin https t co pz2a2bguo2
-1	baskin robbins accidental love confession studio c workin https t co zfzok1golr
-1	watching accidental love https t co orpboqa8qb
-1	rt credunovra accidental love verses http t co ih7nknuzoc
-1	if i tell her i love her then it s accidental
-1	then if i tell a bitch i love her then that shit was accidental
-1	don t be so sentimental no this love was accidental so give it up this was never meant to be more than a memory for you all time low
-1	the worst accidental sext mistakes wow http t co ui8tcubgzp
-1	rt krisrapsbetter must suck a little to have to love an accidental baby
-1	rt krisrapsbetter must suck a little to have to love an accidental baby
-1	rt krisrapsbetter must suck a little to have to love an accidental baby
-1	rt credunovra accidental love verses http t co ih7nknuzoc
-1	don t be so sentimental no this love was accidental so give it up this was never meant to be more than a memory for you
-1	rt shojoshit legendary accidental kiss this is why we must love ouran high school host club http t co bz6o8ri4h2
-1	rt shojoshit legendary accidental kiss this is why we must love ouran high school host club http t co bz6o8ri4h2
-1	rt progcanetry accidental love by gary soto characters http t co 7qxgcsj5oz
-1	must suck a little to have to love an accidental baby
-1	rt ramtighblumceb accidental love song http t co kbukt5npsx
-1	photoset bookriot you know you want some book fetish love that shirt http t co r8d9niqaa9
-1	tczzzzzz accidental bars tho
-1	rt earthtocary love it when i get accidental selfies from him http t co 6cg5qsbxy0
-1	love it when i get accidental selfies from him http t co 6cg5qsbxy0
-1	i love your accidental follow then unfollow
-1	coming of age novel shows all that love and loss is and the never ending perseverance of youth http t co zbw5f2cmxl by meredithrachek
-1	another great discovery in the name of accidental science i love science you look for one thing and in more http t co ndqejh3jin
-1	coming of age novel shows all that love and loss is and the never ending perseverance of youth http t co buhnrfmbhg by meredithrachek
-1	accidental love was so dumb
-1	rt jessokfine love accidental honesty http t co 1x3hdoeg2y
-1	rt anna_abel26 i love accidental naps they are the best
-1	rt muffhelnimas accidental love bl miller pdf http t co dunfwwtiqz
-1	http t co juhislapvg jessica biel from accidental love sexscene
-1	love his ambition and drive and this may be the solution for some people but not everyone personally i think http t co knoo5wnl6j
-1	accidental twinning ft a cat spring sister finallysunny twinning love https t co nngkqox394
-1	don t be so sentimental no this love was accidental so give it up this was never meant to be more than a memory for you
-1	accidental love daily two cents http t co r5bapks7nj via po_st
-1	rt credunovra accidental love verses http t co ih7nknuzoc
-1	i am a fan of gun ownership but i love this idea keep working there are some legitimate questions but http t co udfsh9kj0j
-1	i love accidental naps they are the best
-1	accidental love downloaded
-1	just sent an accidental voice recording of myself singing king kunta to my aunt i barely talk to love life
-1	y know what s a really great feeling when i find out completely accidental how much love someone actually has for me it s like
-1	dibadisney i love the accidental meta joke that the actor who can t make anything sound convincing is the double agent
-1	rt yournewbooks coming of age novel shows all that love and loss is and the never ending perseverance of youth http t co 2nn5023mwh by
-1	coming of age novel shows all that love and loss is and the never ending perseverance of youth http t co 2nn5023mwh by meredithrachek
-1	imore accidental apple pay triggers when iphone and nfc don t get along i love apple pay but i wi http t co vjfcbuspqh iphone
-1	rt beingauthor an accidental friendship leads to an unexpected love that refuses to be denied romance love http t co vvzlzezhmm http
-1	ended a phone call to soon to be ex husband with i love u completely accidental was distracted trying order coffee v awkward
-1	rt beingauthor an accidental friendship leads to an unexpected love that refuses to be denied romance love http t co vvzlzezhmm http
-1	rt beingauthor an accidental friendship leads to an unexpected love that refuses to be denied romance love http t co vvzlzezhmm http
-1	rt beingauthor an accidental friendship leads to an unexpected love that refuses to be denied romance love http t co vvzlzezhmm http
-1	an accidental friendship leads to an unexpected love that refuses to be denied romance love http t co vvzlzezhmm http t co ehjm2dsvdv
-1	you ve got to love these young people s representants http t co j9vc5uxshr
-1	rt muffhelnimas accidental love bl miller pdf http t co dunfwwtiqz
-1	rt compreemimen accidental love book trailer http t co 8bi3bm4arl
-1	http t co tkffuaqjsn the trailer for accidental love with jessica biel has a good body nudes
-1	13 hilarious accidental twitter poems http t co z6xys7qpgv
-1	accidental love book trailer http t co 8bi3bm4arl
-1	you love guns until your child dies http t co lw8rxnxmp7
-1	accidental love metacritic http t co cr9qzezos8
-1	haileypower he made me do it you know i love you and all your accidental killer glory
-1	http t co ttgk73zdhp jessica biel from accidental love nudes
-1	technews accidental apple pay triggers when iphone and nfc don t get along i love apple pay but i wish i http t co opkpo2uewd
-1	accidental apple pay triggers when iphone and nfc don t get along i love apple pay but i wish it wouldn t http t co gmqqvclgay
-1	accidental apple pay triggers when iphone and nfc don t get along i love apple pay but i wish it wou http t co jg23h0zder apple
-1	rt eyelineronacat_ if dave is the killer amp i think he is his motivation is either what he feels is love or it was accidental secretsan
-1	the worst accidental sext mistakes wow http t co izpp7zfijo
-1	rt shojoshit legendary accidental kiss this is why we must love ouran high school host club http t co bz6o8ri4h2
-1	rt jizzneyland got an accidental autocorrect i love you from falsealien and that s about the nicest thing she s ever done without k
-1	kca votejkt48id ripsnhacks accidental love 2015 720p bluray mediafire links 650mb
-1	joemacintosh accidental apple pay triggers when iphone and nfc don t get along i love apple pay http t co tijfftw0sc joelikesios
-1	accidental apple pay triggers when iphone and nfc don t get along http t co 7btdvdms6e i love apple pay but http t co vytzhmsjzc
-1	accidental apple pay triggers when iphone and nfc don t get along i love apple pay but i wish it wouldn t http t co sfmbvwshgs
-1	accidental apple pay triggers when iphone and nfc don t get along i love apple pay but i wish it w http t co 9ul0yjkjtv iphone
-1	accidental apple pay triggers when iphone and nfc don t get along i love apple pay but i wish it wouldn t http t co mc8var5ivj
-1	accidental apple pay triggers when iphone and nfc don t get along i love apple pay but i wish it w http t co odpwh4g1fc iphone
-1	accidental apple pay triggers when iphone and nfc don t get along i love apple pay but i wish it wouldn t http t co 2ivyyawizy
-1	accidental love 2015 720p bluray mediafire links 650mb http t co 7y0kcxjjbe
-1	lelu love gets an accidental creampie http t co jdi6cdqogo tits porn sex video nsfw
-1	got an accidental autocorrect i love you from falsealien and that s about the nicest thing she s ever done without knowing
-1	rt shojoshit legendary accidental kiss this is why we must love ouran high school host club http t co bz6o8ri4h2
-1	watching accidental love https t co 754rpevhde
-1	home injuries are a leading source of accidental death for http t co p9slldfs8k can we keep our love one s safe http t co 6edjusr9vt
-1	coming of age novel shows all that love and loss is and the never ending perseverance of youth http t co quraunyfee by meredithrachek
-1	_christiancash naa it s called accidental love
-1	rt lpobryan coming of age novel shows all that love and loss is and the never ending perseverance of youth http t co tsr3enkj2j by me
-1	rt yournewbook coming of age novel shows all that love and loss is and the never ending perseverance of youth http t co 8c31klbv26 by
-1	rt lpobryan coming of age novel shows all that love and loss is and the never ending perseverance of youth http t co tsr3enkj2j by me
-1	coming of age novel shows all that love and loss is and the never ending perseverance of youth http t co tsr3enkj2j by meredithrachek
-1	accidental love verses http t co ih7nknuzoc
-1	coming of age novel shows all that love and loss is and the never ending perseverance of youth http t co thzf2borqs by meredithrachek
-1	rt shojoshit legendary accidental kiss this is why we must love ouran high school host club http t co bz6o8ri4h2
-1	coming of age novel shows all that love and loss is and the never ending perseverance of youth http t co oemovsz20k by meredithrachek
-1	rt shojoshit legendary accidental kiss this is why we must love ouran high school host club http t co bz6o8ri4h2
-1	blu ray review accidental love david o russell s lost movie with http t co 5ffkx4vyhk jessicabiel
-1	blu ray review accidental love david o russell s lost movie with jessica biel jake gyllenhaal it s rea http t co 6sr8cznwv5
-1	rt shojoshit legendary accidental kiss this is why we must love ouran high school host club http t co bz6o8ri4h2
-1	i liked accidental love a lot it was mostly silly but the performances made it an easy watch http t co pgdvtnqygr
-1	coming of age novel shows all that love and loss is and the never ending perseverance of youth http t co 8c31klbv26 by meredithrachek
-1	coming of age novel shows all that love and loss is and the never ending perseverance of youth http t co qz03mmx0et by meredithrachek
-1	rt shojoshit legendary accidental kiss this is why we must love ouran high school host club http t co bz6o8ri4h2
-1	i just love doing accidental splits down the stairs
-1	rt shojoshit legendary accidental kiss this is why we must love ouran high school host club http t co bz6o8ri4h2
-1	rayburn anthony accidental love http t co qrovugqrii
-1	rt jonnyecology accidental renaissance readers choose photos that look like italian paintings in pictures http t co tuiklqycy1 lov
-1	just had an instagram like on a 79 week old picture unlucky love we ve all been there we ve all had accidental slip ups
-1	rt progcanetry accidental love by gary soto characters http t co 7qxgcsj5oz
-1	rt muffhelnimas accidental love bl miller pdf http t co dunfwwtiqz
-1	rt shojoshit legendary accidental kiss this is why we must love ouran high school host club http t co bz6o8ri4h2
-1	rt shojoshit legendary accidental kiss this is why we must love ouran high school host club http t co bz6o8ri4h2
-1	boy do i love accidental naps
-1	rt shojoshit legendary accidental kiss this is why we must love ouran high school host club http t co bz6o8ri4h2
-1	dopescreens lessons in hate love is a beautiful and moving story and the accidental skype call is hilarious
-1	rt shojoshit legendary accidental kiss this is why we must love ouran high school host club http t co bz6o8ri4h2
-1	dopescreens pls go read lessons in hate love by fantasybrain dutch amp the accidental skype call by louisyouhottie english
-1	legendary accidental kiss this is why we must love ouran high school host club http t co bz6o8ri4h2
-1	pharmalot love the blog but there r typos accidental omissions of words etc in a lot of posts not a big deal just a friendly heads up
-1	rt muffhelnimas accidental love bl miller pdf http t co dunfwwtiqz
-1	accidental love
-1	watching accidental love https t co w4rujnkkl7
-1	accidental love movie review and trailer http t co qz2tyqzahg movies usa
-1	don t be so sentimental this love was accidental so
-1	dvdtalk accidental love blu ray http t co glpshimx74
-1	coming of age novel shows all that love and loss is and the never ending perseverance of youth http t co 9e9myylqpe by meredithrachek
-1	cinemaindo accidental love 2015 http t co pepdc7waez
-1	accidental love 2015 english movie download free movies wood http t co crbgqgoc8e via shareaholic
-1	rt tastenewbooks coming of age novel shows all that love and loss is and the never ending perseverance of youth http t co buhnrfuaig b
-1	jusxier i love your acc there s no such thing as accidental infidelity by you me at six
-1	http t co ciyigjdzng the trailer for accidental love with jessica biel has a good spice nudescene
-1	rt janelleallisa accidental photo that i accidentally love http t co vlb81jqpty
-1	coming of age novel shows all that love and loss is and the never ending perseverance of youth http t co buhnrfuaig by meredithrachek
-1	accidental love vs in love http t co iemopninun
-1	rt retedimeans accidental love quotes gary soto http t co xtxz13oqzy
-1	the enjonine rap was actualy just like a love letter to get into hell it was a job application for eternal damnation lt accidental rap lol
-1	http t co ge2o8mrrfi jessica biel accidental love nudescene
-1	accidental love 2015 http t co e2pduj9mcr
-1	gotta love them accidental photo gems by macho92108 borabora http t co 6znsqmuivw
-1	if dave is the killer amp i think he is his motivation is either what he feels is love or it was accidental secretsandlies secretsliesabc
-1	coming of age novel shows all that love and loss is and the never ending perseverance of youth http t co zbw5f2cmxl by meredithrachek
-1	rt kinddustcalsu accidental love in theatres http t co fiwf6obwxf
-1	accidental love 2015 english movie download free http t co tyohhogmdy
-1	rt amazingrace_cbs ya gotta love brotherlylove nationalsiblingsday amazingrace http t co nuxjas7wcp http t co utchwbomzo
-1	accidental picture of this love bug mad because he couldn t hold my phone http t co 3z9oj31uv5
-1	love how the setback was overcome by the accidental destruction by fire of the entire town of depot harbour http t co ysg9mmdws5
-1	coming of age novel shows all that love and loss is and the never ending perseverance of youth http t co 2nn5023mwh by meredithrachek
-1	rt janelleallisa accidental photo that i accidentally love http t co vlb81jqpty
-1	accidental love http t co mvcdfipm0q
-1	rt janelleallisa accidental photo that i accidentally love http t co vlb81jqpty
-1	accidental photo that i accidentally love http t co vlb81jqpty
-1	accidental love 2015 ver completa online 1080p full hd http t co sm9qrihbs2
-1	nwohiobiguy teenagecloseted and i got an accidental boner
-1	and then don t worry be happy comes on i love accidental ironic life soundtracks
-1	rt craigdaliessio reading my new book i have to admit i m very proud of this book i love these characters amp their story http t co
-1	reading my new book i have to admit i m very proud of this book i love these characters amp their story http t co vplfha26qc
-1	vector animation lends some accidental stupidfaces sometimes and i love it http t co 1auu7mkvpt
-1	rt rompclasruga accidental love trailer http t co 0vcwgm3ql1
-1	accidental love http t co hrsgaykvfg
-1	accidental love http t co hrsgay2uo8 http t co jysyxhglb3
-1	rt flocconsini accidental love taeny http t co q8ckmcal8r
-1	rt morg_ham accidental letters matching with my little one today brittybarrafato i love you
-1	rt beingauthor an accidental friendship leads to an unexpected love that refuses to be denied romance love http t co vvzlzezhmm http
-1	rt muffhelnimas accidental love bl miller pdf http t co dunfwwtiqz
-1	accidental letters matching with my little one today brittybarrafato i love you
-1	accidental love movie review and trailer http t co qz2tyqzahg movies usa
-1	love getting that notif of an accidental like during a stalk instaprobs
-1	photo this was an accidental photo when i was locking my phone but i love it purplehairdontcare http t co mdfpwam2lz
-1	fosdick has a descriptive talent that brings you into the story with sights smells and personalities you love the accidental wife
-1	accidental love bl miller pdf http t co dunfwwtiqz
-1	rt letsgosocial coming of age novel shows all that love and loss is and the never ending perseverance of youth http t co quraunyfee by
-1	the accidental love song http t co wmbiwciuaz creativewriting creativity poetry
-1	coming of age novel shows all that love and loss is and the never ending perseverance of youth http t co quraunyfee by meredithrachek
-1	accidental love by gary soto characters http t co 7qxgcsj5oz
-1	rt lpobryan coming of age novel shows all that love and loss is and the never ending perseverance of youth http t co tsr3enkj2j by me
-1	coming of age novel shows all that love and loss is and the never ending perseverance of youth http t co tsr3enkj2j by meredithrachek
-1	coming of age novel shows all that love and loss is and the never ending perseverance of youth http t co thzf2borqs by meredithrachek
-1	rt findnewbooks coming of age novel shows all that love and loss is and the never ending perseverance of youth http t co oemovsz20k by
-1	rt yournewbook coming of age novel shows all that love and loss is and the never ending perseverance of youth http t co 8c31klbv26 by
-1	rt yournewbook coming of age novel shows all that love and loss is and the never ending perseverance of youth http t co 8c31klbv26 by
-1	rt findnewbooks coming of age novel shows all that love and loss is and the never ending perseverance of youth http t co oemovsz20k by
-1	coming of age novel shows all that love and loss is and the never ending perseverance of youth http t co qz03mmx0et by meredithrachek
-1	dont be so sentimental no this love was accidental
-1	coming of age novel shows all that love and loss is and the never ending perseverance of youth http t co oemovsz20k by meredithrachek
-1	coming of age novel shows all that love and loss is and the never ending perseverance of youth http t co 8c31klbv26 by meredithrachek
-1	rt ignoranceislyss love_savi its accidental amp you know you re excluded from the negativity behind it
-1	love_savi its accidental amp you know you re excluded from the negativity behind it
-1	an accidental friendship leads to an unexpected love that refuses to be denied romance love http t co vvzlzezhmm http t co y6g3fryoj6
-1	omg loving this accidental therapy session happening between rude_jude amp taylorstrecker on wakeup_taylor powerfulradio sextalk love
-1	don t be so sentimental no this love is accidental so give it up this was never meant to be more than a memory for you
-1	accidental love quotes gary soto http t co xtxz13oqzy
-1	it really was exactly like the cartoon trope where cupid shoots the love arrow and accidental hijinks ensue
-1	rt ellenpotter happy bookbirthday to annemazer openroadmedia http t co l5hfwohgw0 i love the accidental witch
-1	rt osviehistdons very accidental love story http t co l83q7renwj
-1	accidental love gary soto quotes http t co edmx3hw41k
-1	this book is blowing my mind and was not an accidental buy holy cow i love when god opens fresh https t co h6mj1ta5vi
-1	accidental twinning of all days of all shirts whoworeitbetter http t co tztenkymcr
-1	love to find pics of me not my pic i know i look really retarded in the bottom right but that was an accidental selfie but my ice cream
-1	join us next thursday at 7pm in the screening room to watch accidental love starring jessica biel amp jake gyllenhaal http t co ddg0tqdasg
-1	gotta love an accidental selfie
-1	so apparently my snap chatters love my accidental blonde hair
-1	the story of a rookie mistake a redesign and an accidental middle finger to google http t co nmhhkzuxoa i love this jamioetting
-1	rt rompclasruga accidental love trailer http t co 0vcwgm3ql1
-1	katievibes i love your preparation so good i m going to re read the accidental i think buddy reads sound brilliant xx
-1	rt huggsyootp my review of davidorussell s troubled film accidentallove which was once titled nailed https t co ihl4a3qt4b wordpr
-1	accidental love http t co yktfee1ths jessicabiel
-1	rt huggsyootp my review of davidorussell s troubled film accidentallove which was once titled nailed https t co ihl4a3qt4b wordpr
-1	my review of davidorussell s troubled film accidentallove which was once titled nailed https t co ihl4a3qt4b wordpress
-1	my review of accidentallove nee nailed https t co ihl4a3qt4b davidorussell jessicabiel obamacare jakegyllenhaal healthcare
-1	accidental love dir david o russel using pseudonym stephen greene http t co dteetcicwe
-1	accidental love song http t co kbukt5npsx
-1	joshofthedead whiskeytricks you d love my friends tbh accidental memers i might just refer to you as aroasty potato from now on too
-1	there needs to be much more accidental baby acquisition fic love that trope so much especially if it happens to bucky barnes idek
-1	accidental love 2015 rmvb v o s e http t co zdqxwesz85
-1	rt flocconsini accidental love taeny http t co q8ckmcal8r
-1	that s what love is accidental damage protection da feels are too much someone help me i cant breathe
-1	rt rompclasruga accidental love trailer http t co 0vcwgm3ql1
-1	watching within the next 30 days the barber maps to the stars big eyes amp accidental love amazonvideo amazoninstantvideo
-1	accidental sun photo and i love it sun april accidentallyawesome trees https t co ywn7t6jkir
-1	the_dr_caveman love this http t co birhqhdyju
-1	rt ellaisobelcole after my accidental pueencosmetics purchase i m in love i want all the pueen you guys want a ty review http t c
-1	coming of age novel shows all that love and loss is and the never ending perseverance of youth http t co buhnrfmbhg by meredithrachek
-1	podcast of the day a mix involving an accidental peeping tom illness and love https t co kpxspncnpf http t co ft1cn6mvin
-1	rt mandyjrc dont be so sentimental no this love was accidental
-1	bluraydotcom accidental love blu ray review http t co npkinbztki
-1	don t be so sentimental this love was accidental so give it up this was never meant to be more than a memory for you
-1	rt thinrazacou accidental i love you http t co 97j5j8a5kb
-1	rt ellaisobelcole after my accidental pueencosmetics purchase i m in love i want all the pueen you guys want a ty review http t c
-1	tulsaworld gotta love the word allegedly i m not convinced he accidental shot someone after paying to play cop
-1	avianfluman hahaha side note i love turning over to fox news every now amp then accidental comedy gold
-1	after my accidental pueencosmetics purchase i m in love i want all the pueen you guys want a ty review http t co ndmq3qogaz
-1	lazynezumipro i feel like an accidental saleswoman you guys should sponsor a contest on here we d love to work with you
-1	rt rompclasruga accidental love trailer http t co 0vcwgm3ql1
-1	coming of age novel shows all that love and loss is and the never ending perseverance of youth http t co 9e9myylqpe by meredithrachek
-1	accidental love 2015 1080p bluray http t co 1ndnkewpk7 via youtube
-1	i added a video to a youtube playlist http t co 1ndnkewpk7 accidental love 2015 1080p bluray
-1	woodyspreserves accidental typo but we love it we re definitely going goog today
-1	coming of age novel shows all that love and loss is and the never ending perseverance of youth http t co zbw5f2cmxl by meredithrachek
-1	coming of age novel shows all that love and loss is and the never ending perseverance of youth http t co 2nn5023mwh by meredithrachek
-1	rt flocconsini accidental love taeny http t co q8ckmcal8r
-1	rt termeleter accidental love gary soto lesson plans http t co kgseqvjb98
-1	rt flocconsini accidental love taeny http t co q8ckmcal8r
-1	infantsnatcher i just happened upon it gotta love those little accidental discoveries
-1	rt disanfelskan accidental love by gary soto summary http t co 5kdhxr0hmk
-1	rt osviehistdons very accidental love story http t co l83q7renwj
-1	i love the first pair of hands it was the first of the caricature hands and purely accidental though http t co lkx2yvbk6m
-1	i accidental hung up before my mom said i love you so she texted it to me right after
-1	found this accidental pic on my phone and it s creepy but i love it sooo http t co donwgkd9ht
-1	rt termeleter accidental love gary soto lesson plans http t co kgseqvjb98
-1	coming of age novel shows all that love and loss is and the never ending perseverance of youth http t co qz03mmx0et by meredithrachek
-1	coming of age novel shows all that love and loss is and the never ending perseverance of youth http t co thzf2borqs by meredithrachek
-1	coming of age novel shows all that love and loss is and the never ending perseverance of youth http t co tsr3enkj2j by meredithrachek
-1	rt basedbunny gotta love accidental anal
-1	coming of age novel shows all that love and loss is and the never ending perseverance of youth http t co quraunyfee by meredithrachek
-1	love the accidental innuendos ray and felicity give out never gets old theflash
-1	coming of age novel shows all that love and loss is and the never ending perseverance of youth http t co 8c31klbv26 by meredithrachek
-1	coming of age novel shows all that love and loss is and the never ending perseverance of youth http t co oemovsz20k by meredithrachek
-1	accidental i love you http t co 97j5j8a5kb
-1	gotta love accidental anal
-1	rt kinddustcalsu accidental love in theatres http t co fiwf6obwxf
-1	accidental sexual innuendos are awful especially when you point it out like that i love felicity and ray theflash
-1	if i tell a bitch i love er it was accidental
-1	i really love love love accidental naps
-1	don t you love it rt 64ozgames debit transaction 10 seconds refund of said accidental transaction 5 to 7 business days seemsfair
-1	http t co juhislapvg jessica biel from accidental love nude
-1	rt ellenpotter happy bookbirthday to annemazer openroadmedia http t co l5hfwohgw0 i love the accidental witch
-1	http t co sffdt96un8 jessica biel teaser spice in the trailer for accidental love nude
-1	wow the song is called chains you got me in chains for your love newsflash slavery isn t romantic don t play like this is accidental
-1	hate love accidental naps
-1	rt gsmithgallery do you love the paintings of rosspenhall join us on may 2 where you can purchase a penhall accidental fragment http
-1	rt flocconsini accidental love taeny http t co q8ckmcal8r
-1	rt kuriboi2k6 did an accidental fatality crazy i love it https t co xkhykfmu1p
-1	rt flocconsini accidental love taeny http t co q8ckmcal8r
-1	accidental love 2015 argenteam http t co 2ngasatheb
-1	did an accidental fatality crazy i love it https t co xkhykfmu1p
-1	rt vickiabelson gregorcollins love affair with 92 maria altmann when he was in his 30s could not put it down womenwhowrite 4 28 http
-1	http t co vw8brebr3c jessica biel teaser spice in the trailer for accidental love tits
-1	accidental love 2015 argenteam accidentallove http t co qfsletmfxa
-1	rt flocconsini accidental love taeny http t co q8ckmcal8r
-1	rt disanfelskan accidental love by gary soto summary http t co 5kdhxr0hmk
-1	that s the best phrase i ve heard in a while though enjoy your accidental tree friends i love it
-1	the l in salmon gets very very little love like very little accidental in most cases but accidental love is better than ove right
-1	he s a complicated beautiful man and he s not ganna let me done accidental love
-1	rt hotwifelover69 naughty_gifs xxx adult dating site only 18 http t co 0fnmnngv6l http t co obfyqilkfh love giving acciden
-1	dt_colechan paultweets2much love the accidental doubt pun
-1	rt flocconsini accidental love taeny http t co q8ckmcal8r
-1	rt beingauthor an accidental friendship leads to an unexpected love that refuses to be denied romance love http t co vvzlzezhmm http
-1	rt beingauthor an accidental friendship leads to an unexpected love that refuses to be denied romance love http t co vvzlzezhmm http
-1	rt beingauthor an accidental friendship leads to an unexpected love that refuses to be denied romance love http t co vvzlzezhmm http
-1	rt beingauthor an accidental friendship leads to an unexpected love that refuses to be denied romance love http t co vvzlzezhmm http
-1	rt schapunovpres accidental love viooz http t co cokdu5blxq
-1	i love keano accidental stamp haha
-1	an accidental friendship leads to an unexpected love that refuses to be denied romance love http t co vvzlzezhmm http t co 1xon12a6bp
-1	i love sergio ramos doesn t give a fuck although that was not his fault there just an accidental clash
-1	rt littlelucianne because we love accidental matching and hanging out the sunroof http t co vwyz1qddt0
-1	hankdudding the slug of the day is accidental sandwiches following closely in second place is mayonnaise love
-1	coming of age novel shows all that love and loss is and the never ending perseverance of youth http t co buhnrfmbhg by meredithrachek
-1	because we love accidental matching and hanging out the sunroof http t co vwyz1qddt0
-1	http t co ttgk73zdhp jessica biel from accidental love nude
-1	rt osviehistdons very accidental love story http t co l83q7renwj
-1	katie couric makes them read beautiful accidental love sonne https t co 3g0ystnnhh
-1	katie couric makes them read beautiful accidental love sonne https t co ob7ikazo6a
-1	rt hartramsey streets have lanes to prevent us from getting hurt by accidental collisions life has lanes for the very same reason know
-1	rt cepmuluri accidental love reviews http t co t7ypatho6o
-1	rt ramtighblumceb accidental love jokes http t co dlsyiauw9p
-1	katie couric makes them read beautiful accidental love sonne https t co mzxeeto2ox
-1	i love this xlibris youtube video accidental droning by pete liebengood http t co yma4ys7nbj
-1	remember when brad paisely wrote his song accidental racist lololol i love his music but fuck brad paisley
-1	rt schapunovpres accidental love viooz http t co cokdu5blxq
-1	accidental voicemail left on my phone from newcastle i love the geordie accent
-1	rt ellenpotter happy bookbirthday to annemazer openroadmedia http t co l5hfwohgw0 i love the accidental witch
-1	rt flocconsini accidental love taeny http t co q8ckmcal8r
-1	katie couric makes them read beautiful accidental love sonne https t co ylbyqtryh3
-1	happy bookbirthday to annemazer openroadmedia http t co l5hfwohgw0 i love the accidental witch
-1	rt vickiabelson gregorcollins love affair with 92 maria altmann when he was in his 30s could not put it down womenwhowrite 4 28 http
-1	rt vickiabelson gregorcollins love affair with 92 maria altmann when he was in his 30s could not put it down womenwhowrite 4 28 http
-1	rt vickiabelson gregorcollins love affair with 92 maria altmann when he was in his 30s could not put it down womenwhowrite 4 28 http
-1	gregorcollins love affair with 92 maria altmann when he was in his 30s could not put it down womenwhowrite 4 28 http t co pmoxypolzi
-1	don t be so sentimental no this love was accidental so alltimelow
-1	katie couric makes them read beautiful accidental love sonne https t co iahsz4ocnv
-1	accidental love in theatres http t co fiwf6obwxf
-1	funny 18 turn on marauders4evr marauders4evr odds are that if there s something that i love i ve accidental http t co kkhdpgtzup
-1	gregor collins wrote of his love affair with 92 maria altmann when he was in his early 30s in the accidental http t co gbl8nrxesm
-1	rt osviehistdons very accidental love story http t co l83q7renwj
-1	rt beltranhazel love is not accidental
-1	love is not accidental
-1	get this book joey_trucks free tuesday everything you love about the sopranos except the crime http t co vyawv8u3yg
-1	me and troy found a mutual love big bang theory of all things although he s not even up to the lenny engagement accidental spoiler
-1	dont be so sentimental no this love was accidental so give it up this was never meant to be more than a memory for you
-1	now watching accidental love
-1	free tuesday everything you love about the sopranos except the crime http t co pwtvk4slko
-1	free tuesday everything you love about the sopranos except the crime http t co yrkqvoadrh
-1	caseyneistat accidental love your vlogs http t co fp0uu9y9k2
-1	katie couric makes them read beautiful accidental love sonne https t co fkj2yyeqem
-1	accidental love trailer http t co 0vcwgm3ql1
-1	katie couric makes them read beautiful accidental love sonne https t co kgollixgec
-1	free today only everything you love about the sopranos without the crime http t co isygyhegkc
-1	rt brewhouse you gotta love an accidental photobomb http t co ex8i8zawe1
-1	katie couric makes them read beautiful accidental love sonne https t co e5agwnzmvb
-1	no idea accidental love at chubby s room https t co 9y8lyokpxa
-1	accidental poetry of grade one maths 5 5 10 but not only 7 3 are also in love 6 4 http t co qkkbdfw61y http t co tlv0chu30u
-1	you gotta love an accidental photobomb http t co ex8i8zawe1
-1	http t co sffdt96un8 jessica biel teaser spice in the trailer for accidental love ass
-1	rt smisdynamite coming of age novel shows all that love and loss is and the never ending perseverance of youth http t co thzf2borqs by
-1	coming of age novel shows all that love and loss is and the never ending perseverance of youth http t co 2nn5023mwh by meredithrachek
-1	coming of age novel shows all that love and loss is and the never ending perseverance of youth http t co quraunyfee by meredithrachek
-1	rt findnewbooks coming of age novel shows all that love and loss is and the never ending perseverance of youth http t co oemovsz20k by
-1	rt smisdynamite coming of age novel shows all that love and loss is and the never ending perseverance of youth http t co thzf2borqs by
-1	coming of age novel shows all that love and loss is and the never ending perseverance of youth http t co 8c31klbv26 by meredithrachek
-1	coming of age novel shows all that love and loss is and the never ending perseverance of youth http t co qz03mmx0et by meredithrachek
-1	coming of age novel shows all that love and loss is and the never ending perseverance of youth http t co thzf2borqs by meredithrachek
-1	accidental love at first sight http t co ibd5oph5be
-1	rt lpobryan coming of age novel shows all that love and loss is and the never ending perseverance of youth http t co tsr3enkj2j by me
-1	coming of age novel shows all that love and loss is and the never ending perseverance of youth http t co oemovsz20k by meredithrachek
-1	katievibes i love both of those so much hate to add to the tbr but the accidental is marvellous too can t wait to hear what you think
-1	coming of age novel shows all that love and loss is and the never ending perseverance of youth http t co tsr3enkj2j by meredithrachek
-1	nowplaying love and kisses accidental lover on http t co 0go2irr9qf escuchando funk discomusic musicadisco retro
-1	calling all accidental business people we can help you get your head round biz basics so that you can make a living doing what you love
-1	coming of age novel shows all that love and loss is and the never ending perseverance of youth http t co zbw5f2cmxl by meredithrachek
-1	baskin robbins accidental love confession studio c workin https t co clsvzxevgp
-1	accidental love gary soto lesson plans http t co kgseqvjb98
-1	accidental love full movie click here to watch now http t co 31xzbfwblp http t co amu80ucpyp
-1	rt disanfelskan accidental love by gary soto summary http t co 5kdhxr0hmk
-1	emilyjillette pennjillette foolustv looking good i love the accidental finger
-1	accidental love 2015 1080p bluray avc truehd 5 1 rarbg that was quick and painless
-1	baskin robbins accidental love confession studio c workin https t co 5cazwa6hx5
-1	rt tolubucyp accidental love ebook http t co z3aywotgzx
-1	albernstein timbradleyjr showtimeshawnp accidental head butts and wide looping punches flying all night i love it let s do it fellas
-1	coming of age novel shows all that love and loss is and the never ending perseverance of youth http t co 9e9myylqpe by meredithrachek
-1	i love taking accidental naps and not waking up until 10pm i love it so much 1 1
-1	thespicyjesus accidental follow but i still love you jesus
-1	baskin robbins accidental love confession studio c workin https t co ll7fcdl1dx
-1	coming of age novel shows all that love and loss is and the never ending perseverance of youth http t co qz03mmx0et by meredithrachek
-1	i love not getting texts back misplaced sight singing books accidental 2 hour naps right before bed the fact that i won t sleep bc of that
-1	this love was accidental
-1	that h was accidental i fel like harry tho all the love h
-1	coming of age novel shows all that love and loss is and the never ending perseverance of youth http t co 2nn5023mwh by meredithrachek
-1	accidental love jokes http t co dlsyiauw9p
-1	rt cepmuluri accidental love reviews http t co t7ypatho6o
-1	if i told a bitch a love em it was accidental
-1	baskin robbins accidental love confession studio c workin https t co hlnnyrghn0
-1	baskin robbins accidental love confession studio c workin https t co h6rjsljudl
-1	maxthieriot i love the obvious accidental scene with olivia cooke how awkward sorryislappedyourboob
-1	rt tolubucyp accidental love ebook http t co z3aywotgzx
-1	rt kjade94 i love when i see accidental likes far down my insta that dissappear slide into my dms like home plate
-1	rt kjade94 i love when i see accidental likes far down my insta that dissappear slide into my dms like home plate
-1	i love when i see accidental likes far down my insta that dissappear slide into my dms like home plate
-1	baskin robbins accidental love confession studio c workin https t co e1bn48cign
-1	ashton n isabella play a game of tickle monster while u both uncontrollably laugh n ashton slips out n accidental i love u
-1	baskin robbins accidental love confession studio c workin https t co mumoegljcw
-1	rt peekaboolrh darknessirwin ashton n isabella play a game of tickle monster while u both uncontrollably laugh n ashton slips out n acci
-1	review accidental love 2015 totally crazy story that shouldn t have been made but turned out almost amusing despite its silliness 2 10
-1	coming of age novel shows all that love and loss is and the never ending perseverance of youth http t co buhnrfmbhg by meredithrachek
-1	accidental love reviews http t co t7ypatho6o
-1	accidental love confessions are so good fuck
-1	accidental love taeny http t co q8ckmcal8r
-1	darknessirwin ashton n isabella play a game of tickle monster while u both uncontrollably laugh n ashton slips out n accidental i love u
-1	gotta love accidental voicemails
-1	if i tell a bitch i love her you know that shit was accidental
-1	baskin robbins accidental love confession studio c workin https t co djozfgevcl
-1	coming of age novel shows all that love and loss is and the never ending perseverance of youth http t co tsr3enkj2j by meredithrachek
-1	rt osviehistdons very accidental love story http t co l83q7renwj
-1	coming of age novel shows all that love and loss is and the never ending perseverance of youth http t co 8c31klbv26 by meredithrachek
-1	coming of age novel shows all that love and loss is and the never ending perseverance of youth http t co thzf2borqs by meredithrachek
-1	rt osviehistdons very accidental love story http t co l83q7renwj
-1	charlotte_stein i love a good accidental kidnapping
-1	rt findnewbooks coming of age novel shows all that love and loss is and the never ending perseverance of youth http t co oemovsz20k by
-1	rt findnewbooks coming of age novel shows all that love and loss is and the never ending perseverance of youth http t co oemovsz20k by
-1	coming of age novel shows all that love and loss is and the never ending perseverance of youth http t co oemovsz20k by meredithrachek
-1	rt letsgosocial coming of age novel shows all that love and loss is and the never ending perseverance of youth http t co quraunyfee by
-1	coming of age novel shows all that love and loss is and the never ending perseverance of youth http t co quraunyfee by meredithrachek
-1	accidental love ebook http t co z3aywotgzx
-1	cnn as police claim accidental shooting twitter homes in on f k your breath http t co pozivkrwgc psychotic bullies love police work
-1	rt exucibimz accidental love questions http t co jqqhdfbkua
-1	rt beingauthor an accidental friendship leads to an unexpected love that refuses to be denied romance love http t co vvzlzezhmm http
-1	an accidental friendship leads to an unexpected love that refuses to be denied romance love http t co vvzlzezhmm http t co ijetkgl26s
-1	accidental love 2015 complete bluray lazers
-1	photo our review of the new jake gyllanhaal jessica biel film accidental love directed by david o http t co gkii2ydtan
-1	our review of the new jake gyllanhaal jessica biel film accidental love directed by david o https t co nkteqldmg6
-1	accidental love official trailer 1 2015 jake gyllenhaal jessica biel movie hd http t co tlrlweoc1m
-1	matthiasiam matthias i love you you are the wind beneath my wings and the accidental extra toy in the cereal box mushygushy
-1	would love to know what you think of this graphic violence amp language of the fatal accidental shooting of eric http t co b0y7c7ezpl
-1	takethatdarwin 1 dominate genes dna that s into bdsm 2 love the accidental fro pun in his point about hair
-1	rt dailymirror cop yells f your breath as suspect ericharris lay dying from accidental gunshot wound http t co zeixbe3cv3 http
-1	katie couric makes them read beautiful accidental love sonne https t co vex0pxemqk
-1	accidental love movie 2015 http t co cmnan8pb3m
-1	mguggenheim amellywood i love this accidental convergence http t co dc0o4u6nqb
-1	rt gsmithgallery do you love the paintings of rosspenhall join us on may 2 where you can purchase a penhall accidental fragment http
-1	rt ykegutew accidental love trailer dailymotion http t co p8n0668kx5
-1	watching accidental love https t co 3dok9b6jzs
-1	accidentalsea accidental sea love to inform you that an iphone 6 giveaway is running now xd please check my bio now
-1	rt exucibimz accidental love questions http t co jqqhdfbkua
-1	accidental love 2015 dexter movies http t co gayz2uqf9g
-1	i love it when i read a tweet and i have no idea if the wordplay in it is accidental or complete genius
-1	rt osviehistdons very accidental love story http t co l83q7renwj
-1	katie couric makes them read beautiful accidental love sonne https t co gxnhk0wqxl
-1	rt tenemasni accidental love subscene http t co 4wgoqpevta
-1	very accidental love story http t co l83q7renwj
-1	http t co ttgk73zdhp jessica biel from accidental love ass
-1	we love this post by graciainglessis for mediapost accidental hipsters or how trends fit hispanic traditions http t co 0tso93zot0
-1	nw accidental love
-1	katie couric makes them read beautiful accidental love sonne https t co mqtejxwbzq
-1	it was i love my son rt quadcitypat mattspiegel670 jason1goff sure spiegs it was totally accidental i have never heard that before
-1	download accidental love 2015 720p amp 480p bluray mkv http t co fsz2dg3qhe
-1	become an accidental bear member show your support spread the love https t co r4kvlce7xe via youtube
-1	http t co ge2o8magoa jessica biel accidental love tits
-1	katie couric makes them read beautiful accidental love sonne https t co zk0tyex1g4
-1	what can i say david o russell s obviously unfinished accidental love what would ve been nailed made me laugh http t co oh8ba6k7ds
-1	download accidental love 2015 720p amp 480p bluray mkv http t co nnoqzsszdp movies2015
-1	katie couric makes them read beautiful accidental love sonne https t co sanuuz8kq1
-1	not my home home office don t stop love let s not beat each other to death accidental https t co q0cinwy3vq
-1	accidental love questions http t co jqqhdfbkua
-1	rt bookreviewtours bookreview the accidental wife by simikrao recommend it to all those love to read a roller coaster romance story
-1	bookreview the accidental wife by simikrao recommend it to all those love to read a roller coaster romance story via shinningappy
-1	katie couric makes them read beautiful accidental love sonne https t co gz5rq4xntv
-1	rt diaryforteens my specialty the accidental 12 hour nap in broad daylight
-1	accidental love viooz http t co cokdu5blxq
-1	love will kill a mutherfucker accidental cover up of rose petal on lotus stupid human i was high http t co axlifr89q1
-1	katie couric makes them read beautiful accidental love sonne https t co bzq92y8prm
-1	don t be so sentimental no this love was accidental so give it up this was never meant to be more than a memory from you
-1	katie couric makes them read beautiful accidental love sonne https t co 39ir2y95rk
-1	how does one fall in love basically it s an accidental collision it s unpredictable and https t co s7h2a8snyi
-1	high defective averment accidental the gaining brotherly love as to the make amends semiannual websites wkjrxpt
-1	http t co sur4jwxkyf the trailer for accidental love with jessica biel has a good spice ass
-1	coming of age novel shows all that love and loss is and the never ending perseverance of youth http t co qz03mmx0et by meredithrachek
-1	some things are true whether we believe in them or not like miracles accidental love lalib
-1	coming of age novel shows all that love and loss is and the never ending perseverance of youth http t co buhnrfmbhg by meredithrachek
-1	coming of age novel shows all that love and loss is and the never ending perseverance of youth http t co 2nn5023mwh by meredithrachek
-1	accidental love movie facebook http t co qxah8ymxex
-1	accidental love by gary soto summary http t co 5kdhxr0hmk
-1	rt b4ndlyrics_ don t be so sentimental this is love is accidental so give it up
-1	when you love your jeans after making the biggest accidental rip ever never taking them off https t co xd2jiugqwl
-1	rt yournewbook coming of age novel shows all that love and loss is and the never ending perseverance of youth http t co 8c31klbv26 by
-1	rt yournewbook coming of age novel shows all that love and loss is and the never ending perseverance of youth http t co 8c31klbv26 by
-1	coming of age novel shows all that love and loss is and the never ending perseverance of youth http t co 8c31klbv26 by meredithrachek
-1	coming of age novel shows all that love and loss is and the never ending perseverance of youth http t co tsr3enkj2j by meredithrachek
-1	samheyne ahahaha i love that this is an accidental normal tweet leave it
-1	rt professorcarol the accidental book http t co ysyxgpel38 love window shopping on amazon especially putting books into the cart an
-1	schaeferppbg don t be so sentimental no this love was accidental so give it up this was never meant to be more than a memory 4 u
-1	coming of age novel shows all that love and loss is and the never ending perseverance of youth http t co thzf2borqs by meredithrachek
-1	accidental love subscene http t co 4wgoqpevta
-1	coming of age novel shows all that love and loss is and the never ending perseverance of youth http t co oemovsz20k by meredithrachek
-1	i love accidental matching and sharing meetings with my perfect little https t co vezrvpidu1
-1	read accidental love http t co qtxtnxojxx
-1	coming of age novel shows all that love and loss is and the never ending perseverance of youth http t co quraunyfee by meredithrachek
-1	trailer do filme amor acidental accidental love 2015 via filmspotpt http t co i0eap4o9ou
-1	ex just said love you before hanging up this is worse than the recent accidental babe debacle wonder if he s cutting his tongue out
-1	the accidental book http t co ysyxgpel38 love window shopping on amazon especially putting books into the cart and returning to read m
-1	bakekater don t you just love accidental irony
-1	rt halliwax i love pete s undisguised contempt for don s accidental charm petecampbellsbitchface madmen
-1	i love pete s undisguised contempt for don s accidental charm petecampbellsbitchface madmen
-1	gotta love accidental 5 hour naps
-1	http t co juhislapvg jessica biel from accidental love sexscene
-1	coming of age novel shows all that love and loss is and the never ending perseverance of youth http t co 9e9myylqpe by meredithrachek
-1	madison_tapp don t hate me cuz u ain t me p s it was an accidental selfie and i love it
-1	this love was accidental oops
-1	rt maddie2014 love and hate taking accidental naps
-1	love and hate taking accidental naps
-1	we would love to know what you think of our blog http t co tqazcdyk5o and our facebook page the accidental parent guide
-1	we would love to know what you think of our blog so far http t co ja5ud15ymu and our facebook page the accidental parent
-1	ed remained the same as truth be told i love his accidental design xd http t co vjrmychsfe
-1	love an accidental favourite when people be stalking
-1	jk_rowling i d love to know what sort of accidental magic hermione did as a child please she s such an interesting character
-1	i love an accidental natural poser the day before the wedding playing family games ootd watch https t co 0arwjgjv82
-1	if i told a bitch i love her den dat shit was accidental
-1	well diff2015 just managed to show me what i m fairly sure was the worst movie i ve ever seen two weeks after seeing accidental love
-1	i love getting accidental nudes especially from childhood friends damnderek whoknew bigdickderek
-1	love getting sent accidental nudes
-1	http t co zwylv98fcw accidental love 2015 brrip 720p mkv ac3 5 1 800mb arnt http t co ndtexewnw4
-1	accidental love
-1	an accidental friendship leads to an unexpected love that refuses to be denied romance love http t co vvzlzezhmm http t co 68ejvoh57a
-1	lucyboardmanmyp didn t even mean it love an accidental pun
-1	read accidental love chapter one wattpad teen fiction http t co xojrbtwbce
-1	baskin robbins accidental love confession studio c workin https t co suigemzltv
-1	baskin robbins accidental love confession studio c workin https t co kivou4uk8o
-1	baskin robbins accidental love confession studio c workin https t co xnhxcc8u65
-1	don t be so sentimental no this love was accidental so give it up
-1	watching accidental love https t co 3xhtu0krvf
-1	amor acidental accidental love nailed 2015 brrip xvid legenda http t co 0qawpzdbtk
-1	love is never accidental it is a pure conspiracy of nature
-1	accidental love lesson plans http t co 0ztmknmqrn
-1	i liked a youtube video http t co neu5wxjig6 accidental love official trailer 1 2015 jake gyllenhaal jessica biel movie hd
-1	rt holden_ta i love seeing accidental umlauts it s like seeing a shooting star http t co jcf5feogav
-1	i love seeing accidental umlauts it s like seeing a shooting star http t co jcf5feogav
-1	baskin robbins accidental love confession studio c workin https t co q4jkqncgy2
-1	did you know that 60 of accidental fires in homes start in the kitchen keep your kitchen safe http t co pj4nj4vq56
-1	accidental love gary soto quotes http t co 66veu5qfyo
-1	baskin robbins accidental love confession studio c workin https t co oxi7lc7q4d
-1	brookcty you would love them their buildup has been so accidental but perfect
-1	this love is accidental so give it up this was never meant to be more than a memory for you
-1	baskin robbins accidental love confession studio c workin https t co uropdrw14j
-1	rt buryyourhead don t be so sentimental no this love was accidental so give it up this was never meant to be more than a memory for you
-1	don t be so sentimental no this love was accidental so give it up this was never meant to be more than a memory for you
-1	royal love story new at mead library accidental empress by allison pataki http t co 2dd79cpq1r
-1	baskin robbins accidental love confession studio c workin https t co vmffa1psnf
-1	baskin robbins accidental love confession studio c workin https t co orbbfdyhaw
-1	gdizack i mean i don t mind pink hair in the slightest i love it my best hair colours are accidental
-1	baskin robbins accidental love confession studio c workin https t co mc7caxbogd
-1	rt pacheelor wattpad_romance we were walking home we hugged and turned our heads it was an accidental kiss one that lead to love befo
-1	rt uadexarim accidental love redbox http t co p8lgl3vccc
-1	rt kimerffmeyer post annemariebyl accidental nip slip however we still are in love with cinque terre gelatofordays http t co 8dtrwi
-1	baskin robbins accidental love confession studio c workin https t co yeqahzznmo
-1	wattpad_romance we were walking home we hugged and turned our heads it was an accidental kiss one that lead to love before hell
-1	happy birthday to writer gary soto april 12 1952 author of the 2006 novel accidental love et al
-1	coming of age novel shows all that love and loss is and the never ending perseverance of youth http t co qz03mmx0et by meredithrachek
-1	baskin robbins accidental love confession studio c workin https t co nmqmohec2k
-1	if i tell a bitch i love her then you know that shit was accidental
-1	baskin robbins accidental love confession studio c workin https t co y37zmpvvbh
-1	rt biaknowgentstil accidental love hallmark http t co fbw84iuhef
-1	accidental love 2015 http t co 0xnmqfyhye
-1	nw accidental love
-1	coming of age novel shows all that love and loss is and the never ending perseverance of youth http t co buhnrfmbhg by meredithrachek
-1	baskin robbins accidental love confession studio c workin https t co citw1du5lp
-1	rt reignofapril it s kind of hard to claim the shooting was accidental when you render no aid to a dying victim instead saying fuckyour
-1	rt creativefun2994 rt dailymirror cop yells f your breath as suspect ericharris lay dying from accidental gunshot wound http t
-1	rt disanfelskan accidental love zone http t co jxtvs9xeru
-1	love accidental daytime naps
-1	critique accidental love david o russell critique du film http t co fcultpsoiy http t co txsaowmrsv
-1	i love this new app bc there are nooo more accidental favorites
-1	the accidental self peace love and childhood adversity http t co cppihrwjyz neuroscience psychology brain philosophy sociology
-1	this is why i love anne hathaway https t co sns8shgi1t http t co kmie0vl3sn
-1	don t be so sentimental no this love was accidental so give it up this was never meant to be more than a memory for you
-1	i liked a youtube video http t co gje1zqdbwz accidental love official trailer 2015 jake gyllenhaal jessica biel romantic
-1	awww our accidental matching love her schwensenwedding sisters twins https t co rkyflps9xh
-1	rt pritpal77777 msgmyinspiration bcoz gurmeetramrahim g helping accidental people by helping them reach hospital asap amp ensuring best
-1	rt smisdynamite coming of age novel shows all that love and loss is and the never ending perseverance of youth http t co thzf2borqs by
-1	rt lpobryan coming of age novel shows all that love and loss is and the never ending perseverance of youth http t co tsr3enkj2j by me
-1	coming of age novel shows all that love and loss is and the never ending perseverance of youth http t co tsr3enkj2j by meredithrachek
-1	coming of age novel shows all that love and loss is and the never ending perseverance of youth http t co 2nn5023mwh by meredithrachek
-1	baskin robbins accidental love confession studio c workin https t co ngczxdudrz
-1	coming of age novel shows all that love and loss is and the never ending perseverance of youth http t co 8c31klbv26 by meredithrachek
-1	baskin robbins accidental love confession studio c workin https t co l5d6c7srmt
-1	baskin robbins accidental love confession studio c workin https t co g9kvlqxy1v
-1	coming of age novel shows all that love and loss is and the never ending perseverance of youth http t co thzf2borqs by meredithrachek
-1	accidental love 2015 1080p bluray x264 1 4gb http t co juycrzlby5
-1	coming of age novel shows all that love and loss is and the never ending perseverance of youth http t co oemovsz20k by meredithrachek
-1	coming of age novel shows all that love and loss is and the never ending perseverance of youth http t co quraunyfee by meredithrachek
-1	leehongbln bb wha tis this ito ba yung accidental unfollow bc it s ok i love u still http t co ggxcirtull
-1	rt ykegutew accidental love trailer dailymotion http t co p8n0668kx5
-1	rt uadexarim accidental love redbox http t co p8lgl3vccc
-1	rt koren_devereux happy girls are the prettiest love this picture too liefie sugaryoblivion accidental shot i love this picture ht
-1	joe_emmerson i love how beautifully accidental that name was
-1	rt anatinus the thing i love most about twitter is the accidental juxtapositions in the tl http t co dpaavfjerg
-1	the thing i love most about twitter is the accidental juxtapositions in the tl http t co dpaavfjerg
-1	anticipation leads to a accidental creation from an imagination of love contagion but you re only agin set your destination on expectations
-1	i love this zarry accidental marriage fic so far http t co rigagqhaki
-1	coming of age novel shows all that love and loss is and the never ending perseverance of youth http t co quraunyfee by meredithrachek
-1	watching accidental love https t co fk4fpvixo3
-1	rt biaknowgentstil accidental love hallmark http t co fbw84iuhef
-1	http t co juhislapvg jessica biel from accidental love nudes
-1	rt amazingrace_cbs ya gotta love brotherlylove nationalsiblingsday amazingrace http t co nuxjas7wcp http t co utchwbomzo
-1	rt givakuxae accidental love korean drama http t co x6lhnwyn9z
-1	rt nathanrabin for what it s worth i liked accidental love more than american hustle
-1	rt thepainguy trevrosenthal is back and on fire no sign of accidental cutter love his mechanics top to bottom son is a clone http
-1	rt hotwifelover69 naughty_gifs xxx adult dating site only 18 http t co 0fnmnngv6l http t co obfyqilkfh love giving acciden
-1	crannarrys donnie darko will always b 1 but accidental love and love amp other drugs amp bubble boy make me so akfjwkckdlv
-1	rt waigerotang accidental love csfd http t co rpm6vnd6as
-1	accidental love is the so weird but so funny hahahaha
-1	rt smisdynamite coming of age novel shows all that love and loss is and the never ending perseverance of youth http t co thzf2borqs by
-1	rt ecarnase accidental love book summary http t co ef4a54u9um
-1	coming of age novel shows all that love and loss is and the never ending perseverance of youth http t co 8c31klbv26 by meredithrachek
-1	accidental love nowwatching
-1	coming of age novel shows all that love and loss is and the never ending perseverance of youth http t co oemovsz20k by meredithrachek
-1	coming of age novel shows all that love and loss is and the never ending perseverance of youth http t co 2nn5023mwh by meredithrachek
-1	rt ofibidin accidental love cda http t co iaikav7nnm
-1	rt smisdynamite coming of age novel shows all that love and loss is and the never ending perseverance of youth http t co thzf2borqs by
-1	coming of age novel shows all that love and loss is and the never ending perseverance of youth http t co thzf2borqs by meredithrachek
-1	rt masubcsancpe accidental love online subtitrat http t co thjsxcjdhp
-1	accidental love cda http t co iaikav7nnm
-1	coming of age novel shows all that love and loss is and the never ending perseverance of youth http t co tsr3enkj2j by meredithrachek
-1	love an accidental follow when lurking
-1	rt usgunviolence6 gotta love how owning one may increase your risk of death suicide and accidental death in the home glockinc gunsens
-1	rt usgunviolence6 gotta love how owning one may increase your risk of death suicide and accidental death in the home glockinc gunsens
-1	coming of age novel shows all that love and loss is and the never ending perseverance of youth http t co qz03mmx0et by meredithrachek
-1	gotta love how owning one may increase your risk of death suicide and accidental death in the home glockinc gunsense 2a nraam
-1	coming of age novel shows all that love and loss is and the never ending perseverance of youth http t co 9e9myylqpe by meredithrachek
-1	accidental love age rating http t co fwb5lckan1
-1	coming of age novel shows all that love and loss is and the never ending perseverance of youth http t co buhnrfmbhg by meredithrachek
-1	rt softdiscentprog accidental love on demand http t co cgxuver2hh
-1	rt uatecritge accidental love goodreads http t co qfdletlmec
-1	rt therealdudja love is better when it s accidental
-1	trevrosenthal is back and on fire no sign of accidental cutter love his mechanics top to bottom son is a clone http t co 08hdrpgg9v
-1	rt therealdudja love is better when it s accidental
-1	jessica biel hot leggy and some great cleavage accidental love 2015 hd720 1080p http t co 9t8uhkcqik 720p
-1	rt smileyry jordyn s pk goal gt gt gt jo s goal gt gt gt gt hayden s accidental goal gt gt gt gt gt love u all gotthatw
-1	jessica biel hot leggy and some great cleavage accidental love 2015 hd720 1080p http t co skmbf5v5uh
-1	jordyn s pk goal gt gt gt jo s goal gt gt gt gt hayden s accidental goal gt gt gt gt gt love u all gotthatw
-1	source http t co ksmagwxqr4 accidentallovefullmovie accidentalloveonlinestreaming comedyromancemovie
-1	rt beingauthor an accidental friendship leads to an unexpected love that refuses to be denied romance love http t co vvzlzezhmm http
-1	rt beingauthor an accidental friendship leads to an unexpected love that refuses to be denied romance love http t co vvzlzezhmm http
-1	an accidental friendship leads to an unexpected love that refuses to be denied romance love http t co vvzlzezhmm http t co 2me1rrt6ut
-1	rt therealdudja love is better when it s accidental
-1	love is accidental
-1	rt therealdudja love is better when it s accidental
-1	post annemariebyl accidental nip slip however we still are in love with cinque terre gelatofordays http t co 8dtrwigrlf
-1	rt termeleter accidental of love http t co zpvmexziau
-1	if i told her i love her then you know the shit was accidental
-1	rt hotwifelover69 naughty_gifs xxx adult dating site only 18 http t co 0fnmnngv6l http t co obfyqilkfh love giving acciden
-1	rt termeleter accidental of love http t co zpvmexziau
-1	accidental love http t co rm1r5qyddc
-1	lennythelurcher amadeusivan jeffmusk whoopsie is he ok i m sure he knows it was accidental we know you love your fun with dad
-1	rt deefizzy sometimes accidental selfies happen http t co e5jftzjecd
-1	accidental love 2015 720p bluray http t co 78oofvkudg
-1	accidental love nw
-1	deefizzy sometimes accidental selfies happen http t co d7uagp63uy i love u
-1	for what it s worth i liked accidental love more than american hustle
-1	rt gsmithgallery do you love the paintings of rosspenhall join us on may 2 where you can purchase a penhall accidental fragment http
-1	i love going to work as much as i love accidental combustion
-1	overcastfm saw that the other day and love it accidental handoff poscasts
-1	this love was accidental so
-1	rt sugaryoblivion accidental shot i love this picture http t co woh7qkkvsg
-1	rt a_shiweda sugaryoblivion accidental shot i love this picture http t co vwedkdhluc
-1	happy girls are the prettiest love this picture too liefie sugaryoblivion accidental shot i love this picture http t co 05ewie1svh
-1	sugaryoblivion accidental shot i love this picture http t co vwedkdhluc
-1	accidental shot i love this picture http t co woh7qkkvsg
-1	coming of age novel shows all that love and loss is and the never ending perseverance of youth http t co buhnrfmbhg by meredithrachek
-1	don t be so sentimental no this love was accidental
-1	our accidental phone call an hour an 15 minutes later love ya sophiemaarie
-1	couchpotato downloaded accidental love 1080p
-1	accidental of love http t co zpvmexziau
-1	love it when i say insensitive things bc i genuinely forget love it when i m an accidental asshole
-1	accidental love online subtitrat http t co thjsxcjdhp
-1	as an accidental minnesotan feeling my secret mn love grow 2 sizes today minnebar
-1	trisholiveira at least no one is injured x plus it was accidental im sure your parents will understand love dont dwell on it too much x
-1	accidental love book summary http t co ef4a54u9um
-1	rt amazingrace_cbs ya gotta love brotherlylove nationalsiblingsday amazingrace http t co nuxjas7wcp http t co utchwbomzo
-1	rt softdiscentprog accidental love on demand http t co cgxuver2hh
-1	i didn t love it follows but i m happy to have finally ended my accidental 2 5 month long theatre absence _ _
-1	rt softdiscentprog accidental love on demand http t co cgxuver2hh
-1	accidental love miller http t co endecplejr
-1	brothers tale of two sons has an accidental sheep carapult goty it s also really lovely
-1	rt conlynnsperes accidental love greek subs http t co 4eotjdzeyx
-1	rt waigerotang accidental love csfd http t co rpm6vnd6as
-1	coming of age novel shows all that love and loss is and the never ending perseverance of youth http t co qz03mmx0et by meredithrachek
-1	i m only here for accidental couple tattoos i love this writer so much
-1	coming of age novel shows all that love and loss is and the never ending perseverance of youth http t co quraunyfee by meredithrachek
-1	katie couric makes them read beautiful accidental love sonne https t co qhgusvdwmy
-1	you know you watch too much 70 s show when you re in bootcut jeans a usa peace and love top with a peace sign tattoo accidental cringe
-1	sandclifford dont be so sentimental now this love is accidental so give it up this was never mean to be more than a memory for youuuu
-1	we were built to love god and we were built for loving one another well http t co gaoxqndrit deidrariggs via incourage
-1	rt safetymatters did you know that 60 of accidental fires in homes start in the kitchen food for thought definitely http t co pj4nj
-1	accidental love 2015 bdrip x264 rovers http t co hexn1dboyd
-1	accidental love 2015 bdrip x264 rovers http t co pifamhp35z
-1	did you know that 60 of accidental fires in homes start in the kitchen food for thought definitely http t co pj4nj4vq56
-1	katie couric makes them read beautiful accidental love sonne https t co t0n1isnzsr
-1	sometimes you nail love or sometimes it nails you accidental love https t co yj8ryjxqyw
-1	coming of age novel shows all that love and loss is and the never ending perseverance of youth http t co thzf2borqs by meredithrachek
-1	coming of age novel shows all that love and loss is and the never ending perseverance of youth http t co 2nn5023mwh by meredithrachek
-1	coming of age novel shows all that love and loss is and the never ending perseverance of youth http t co 8c31klbv26 by meredithrachek
-1	accidental love zone http t co jxtvs9xeru
-1	coming of age novel shows all that love and loss is and the never ending perseverance of youth http t co oemovsz20k by meredithrachek
-1	accidental love 2015 http t co cnyysiignx
-1	katie couric makes them read beautiful accidental love sonne https t co fd2aqwqpqs
-1	rt ykegutew accidental love trailer dailymotion http t co p8n0668kx5
-1	rt waigerotang accidental love csfd http t co rpm6vnd6as
-1	rt richhomiereb ya cool i love pulling accidental all nighters not
-1	ya cool i love pulling accidental all nighters not
-1	days sorted footy races then accidental love hot tub time machine2
-1	katie couric makes them read beautiful accidental love sonne https t co 0ty7q3azpn
-1	katie couric makes them read beautiful accidental love sonne https t co fmiqmtyciq
-1	coming of age novel shows all that love and loss is and the never ending perseverance of youth http t co tsr3enkj2j by meredithrachek
-1	accidental love hallmark http t co fbw84iuhef
-1	again much lol accidental love https t co 8lwhevhtp9
-1	don t be so sentimental no this love is accidental so give it up this was never meant to be more than a memory for you
-1	accidental love fanfic http t co lksl0qxeds
-1	hahaha love that when i whatsapp originarudegirl w spam texts i gotta tell her no this isn t an accidental drunk text thatonetimetho
-1	accidental love redbox http t co p8lgl3vccc
-1	katie couric makes them read beautiful accidental love sonne https t co u9p9zkyyy5
-1	don t be so sentimental no this love was accidental so
-1	accidental love korean drama http t co x6lhnwyn9z
-1	this love is accidental
-1	katie couric makes them read beautiful accidental love sonne https t co bvcuuhgu2y
-1	i love when people call me names because of accidental coincidences
-1	katie couric makes them read beautiful accidental love sonne https t co uf7vdngfxh
-1	katie couric makes them read beautiful accidental love sonne https t co nibxn2ohxq
-1	wherever love and heart and joy and peace may tell us to go http t co edo4nl8ayz deidrariggs via incourage
-1	rt amazingrace_cbs ya gotta love brotherlylove nationalsiblingsday amazingrace http t co nuxjas7wcp http t co utchwbomzo
-1	rt findnewbooks coming of age novel shows all that love and loss is and the never ending perseverance of youth http t co oemovsz20k by
-1	rt findnewbooks coming of age novel shows all that love and loss is and the never ending perseverance of youth http t co oemovsz20k by
-1	rt amazingrace_cbs ya gotta love brotherlylove nationalsiblingsday amazingrace http t co nuxjas7wcp http t co utchwbomzo
-1	rt conlynnsperes accidental love greek subs http t co 4eotjdzeyx
-1	don t be so sentimental this love was accidental
-1	coming of age novel shows all that love and loss is and the never ending perseverance of youth http t co oemovsz20k by meredithrachek
-1	coming of age novel shows all that love and loss is and the never ending perseverance of youth http t co thzf2borqs by meredithrachek
-1	well good day i love it when i receive packages from myself for myself even if it was an accidental purchase hahaha http t co lrk6xwd8y2
-1	accidental love xxxv http t co oe5vp3lv2e
-1	rt billbishopkhou hpd says the shooting death at w bellfort amp fondren appears accidental the teens in the car were friends khou11 htt
-1	coming of age novel shows all that love and loss is and the never ending perseverance of youth http t co 2nn5023mwh by meredithrachek
-1	fav team amazingrace_cbs ya gotta love brotherlylove nationalsiblingsday amazingrace http t co ttwajmtr7d http t co zv07yvagpd
-1	coming of age novel shows all that love and loss is and the never ending perseverance of youth http t co 8c31klbv26 by meredithrachek
-1	accidental love full movie click here to watch now http t co 31xzbfwblp http t co tbmc8aew9e
-1	rt ykegutew accidental love trailer dailymotion http t co p8n0668kx5
-1	lelu love lelu love gets an accidental creampie tube8 6 31min http t co 0gundznsq1
-1	rt amazingrace_cbs ya gotta love brotherlylove nationalsiblingsday amazingrace http t co nuxjas7wcp http t co utchwbomzo
-1	rt amazingrace_cbs ya gotta love brotherlylove nationalsiblingsday amazingrace http t co nuxjas7wcp http t co utchwbomzo
-1	rt amazingrace_cbs ya gotta love brotherlylove nationalsiblingsday amazingrace http t co nuxjas7wcp http t co utchwbomzo
-1	rt biaknowgentstil accidental love director http t co vykirzttn3
-1	rt amazingrace_cbs ya gotta love brotherlylove nationalsiblingsday amazingrace http t co nuxjas7wcp http t co utchwbomzo
-1	rt amazingrace_cbs ya gotta love brotherlylove nationalsiblingsday amazingrace http t co nuxjas7wcp http t co utchwbomzo
-1	gene9892 continuing the fast franchise s glorious history of racially diverse casting and ridiculous retconning accidental mythology love
-1	rt beingauthor an accidental friendship leads to an unexpected love that refuses to be denied romance love http t co vvzlzezhmm http
-1	rt _camillleee if i tell a bitch i love her then you know the shit was accidental
-1	if i tell a bitch i love her then you know the shit was accidental
-1	wow accidental love what the fuck you are not funny dont try to be british if you are not
-1	rt amazingrace_cbs ya gotta love brotherlylove nationalsiblingsday amazingrace http t co nuxjas7wcp http t co utchwbomzo
-1	rt amazingrace_cbs ya gotta love brotherlylove nationalsiblingsday amazingrace http t co nuxjas7wcp http t co utchwbomzo
-1	rt amazingrace_cbs ya gotta love brotherlylove nationalsiblingsday amazingrace http t co nuxjas7wcp http t co utchwbomzo
-1	rt waigerotang accidental love csfd http t co rpm6vnd6as
-1	rt amazingrace_cbs ya gotta love brotherlylove nationalsiblingsday amazingrace http t co nuxjas7wcp http t co utchwbomzo
-1	rt jwarnerwallace would love to see you at the accidental faith conference in green bay on the 18th http t co hqndv1nal2
-1	do you love the paintings of rosspenhall join us on may 2 where you can purchase a penhall accidental fragment http t co pzrlii8gsj
-1	rt ykegutew accidental love trailer dailymotion http t co p8n0668kx5
-1	rt amazingrace_cbs ya gotta love brotherlylove nationalsiblingsday amazingrace http t co nuxjas7wcp http t co utchwbomzo
-1	rt amazingrace_cbs ya gotta love brotherlylove nationalsiblingsday amazingrace http t co nuxjas7wcp http t co utchwbomzo
-1	rt biaknowgentstil accidental love director http t co vykirzttn3
-1	rt amazingrace_cbs ya gotta love brotherlylove nationalsiblingsday amazingrace http t co nuxjas7wcp http t co utchwbomzo
-1	rt amazingrace_cbs ya gotta love brotherlylove nationalsiblingsday amazingrace http t co nuxjas7wcp http t co utchwbomzo
-1	castinemachine hahah i love the accidental symbolism there that s amazing
-1	accidental love 2015 bluray 1080p http t co ft1wqkwted http t co lujmqwooqe
-1	accidental love 2015 bluray 1080p http t co iryi96cf7h http t co 9fz1ks7l78
-1	accidental love 2015 bluray 1080p info http t co gect73ybit release date 10 februa http t co n7ccexnksh movie
-1	rt amazingrace_cbs ya gotta love brotherlylove nationalsiblingsday amazingrace http t co nuxjas7wcp http t co utchwbomzo
-1	you got to love those accidental 2 5 hour naps except now it s dark and i don t know what to do with myself
-1	rt amazingrace_cbs ya gotta love brotherlylove nationalsiblingsday amazingrace http t co nuxjas7wcp http t co utchwbomzo
-1	ya gotta love brotherlylove nationalsiblingsday amazingrace http t co fnjadwtaht http t co oamedm6iyz http t co 2vgn1ckesb
-1	rt amazingrace_cbs ya gotta love brotherlylove nationalsiblingsday amazingrace http t co nuxjas7wcp http t co utchwbomzo
-1	rt amazingrace_cbs ya gotta love brotherlylove nationalsiblingsday amazingrace http t co nuxjas7wcp http t co utchwbomzo
-1	rt amazingrace_cbs ya gotta love brotherlylove nationalsiblingsday amazingrace http t co nuxjas7wcp http t co utchwbomzo
-1	rt amazingrace_cbs ya gotta love brotherlylove nationalsiblingsday amazingrace http t co nuxjas7wcp http t co utchwbomzo
-1	rt amazingrace_cbs ya gotta love brotherlylove nationalsiblingsday amazingrace http t co nuxjas7wcp http t co utchwbomzo
-1	we at blue mountain arts love accidental alliteration what s an everyday thing that brings you joy simplethings
-1	we ll just call it green accidental mix of green tea and rooibos turned out to be our new heaven friends who love tea zubeida_muniera
-1	rt amazingrace_cbs ya gotta love brotherlylove nationalsiblingsday amazingrace http t co nuxjas7wcp http t co utchwbomzo
-1	rt amazingrace_cbs ya gotta love brotherlylove nationalsiblingsday amazingrace http t co nuxjas7wcp http t co utchwbomzo
-1	rt amazingrace_cbs ya gotta love brotherlylove nationalsiblingsday amazingrace http t co nuxjas7wcp http t co utchwbomzo
-1	rt amazingrace_cbs ya gotta love brotherlylove nationalsiblingsday amazingrace http t co nuxjas7wcp http t co utchwbomzo
-1	rt amazingrace_cbs ya gotta love brotherlylove nationalsiblingsday amazingrace http t co nuxjas7wcp http t co utchwbomzo
-1	rt amazingrace_cbs ya gotta love brotherlylove nationalsiblingsday amazingrace http t co nuxjas7wcp http t co utchwbomzo
-1	rt amazingrace_cbs ya gotta love brotherlylove nationalsiblingsday amazingrace http t co nuxjas7wcp http t co utchwbomzo
-1	rt amazingrace_cbs ya gotta love brotherlylove nationalsiblingsday amazingrace http t co nuxjas7wcp http t co utchwbomzo
-1	rt amazingrace_cbs ya gotta love brotherlylove nationalsiblingsday amazingrace http t co nuxjas7wcp http t co utchwbomzo
-1	rt amazingrace_cbs ya gotta love brotherlylove nationalsiblingsday amazingrace http t co nuxjas7wcp http t co utchwbomzo
-1	rt amazingrace_cbs ya gotta love brotherlylove nationalsiblingsday amazingrace http t co nuxjas7wcp http t co utchwbomzo
-1	rt amazingrace_cbs ya gotta love brotherlylove nationalsiblingsday amazingrace http t co nuxjas7wcp http t co utchwbomzo
-1	rt iowest my love for robotteammate amp the accidental party is unending join me at 8 00 to watch them and find out why
-1	rt amazingrace_cbs ya gotta love brotherlylove nationalsiblingsday amazingrace http t co nuxjas7wcp http t co utchwbomzo
-1	rt amazingrace_cbs ya gotta love brotherlylove nationalsiblingsday amazingrace http t co nuxjas7wcp http t co utchwbomzo
-1	rt amazingrace_cbs ya gotta love brotherlylove nationalsiblingsday amazingrace http t co nuxjas7wcp http t co utchwbomzo
-1	rt iowest my love for robotteammate amp the accidental party is unending join me at 8 00 to watch them and find out why
-1	amazingrace_cbs ya gotta love brotherlylove nationalsiblingsday amazingrace http t co jaikjcwz2y http t co 64ob85wcqo my favs
-1	rt amazingrace_cbs ya gotta love brotherlylove nationalsiblingsday amazingrace http t co nuxjas7wcp http t co utchwbomzo
-1	rt iowest my love for robotteammate amp the accidental party is unending join me at 8 00 to watch them and find out why
-1	rt amazingrace_cbs ya gotta love brotherlylove nationalsiblingsday amazingrace http t co nuxjas7wcp http t co utchwbomzo
-1	rt amazingrace_cbs ya gotta love brotherlylove nationalsiblingsday amazingrace http t co nuxjas7wcp http t co utchwbomzo
-1	rt amazingrace_cbs ya gotta love brotherlylove nationalsiblingsday amazingrace http t co nuxjas7wcp http t co utchwbomzo
-1	ya gotta love brotherlylove nationalsiblingsday amazingrace http t co nuxjas7wcp http t co utchwbomzo
-1	my love for robotteammate amp the accidental party is unending join me at 8 00 to watch them and find out why
-1	rt mslaureng_ y all love accidental nip slips and your panties showing lol
-1	rt mslaureng_ y all love accidental nip slips and your panties showing lol
-1	rt mslaureng_ y all love accidental nip slips and your panties showing lol
-1	y all love accidental nip slips and your panties showing lol
-1	rt uatecritge accidental love goodreads http t co qfdletlmec
-1	rt beingauthor an accidental friendship leads to an unexpected love that refuses to be denied romance love http t co vvzlzezhmm http
-1	rt beingauthor an accidental friendship leads to an unexpected love that refuses to be denied romance love http t co vvzlzezhmm http
-1	an accidental friendship leads to an unexpected love that refuses to be denied romance love http t co vvzlzezhmm http t co 2paswxnuqz
-1	accidental love csfd http t co rpm6vnd6as
