-1	saturday mood mirrorselfie ootd fblogger fedorahat canon camera blackhat https t co l0tncphg9b
-1	outstanding night of tunes from cole stevens and the delta daggers along with some special guests bobby blackhat http t co ulgiycap2f
-1	rt justinbieber blackhat and theweddingringer this weekend what theatre we going to yeah i spell theatre the canadian way the right
-1	523 2015 movie preview pt 2 blackhat goodbye to language 3d
-1	watching blackhat https t co jlihm7stok
-1	get blackhat warriorforum download torrent group buy brendon burchard s secrets of the top 2 only for 47 http t co 4olyru34yu
-1	get smarter mdseclabs web application hacker s handbook series at bhusa training http t co ui0lffxg9u
-1	watching blackhat with muhammad https t co wpzfc8eys4
-1	watching blackhat https t co s5n4wtyinr
-1	rt livalmindlo blackhat games http t co 9rs7hvfits
-1	watching blackhat https t co qzlevj7zlh
-1	nw blackhat
-1	rt greplinuxbot the n hack why absolute security is a myth http t co toxdktyzeh 29 1 14 security infosec hacker exploit trust b
-1	rt blackhatevents join mdseclabs in las vegas for their web application hacker s handbook series at bhusa training http t co kly8et
-1	holy shit blackhat was good
-1	rt blackhatevents join mdseclabs in las vegas for their web application hacker s handbook series at bhusa training http t co kly8et
-1	rt blackhatevents join mdseclabs in las vegas for their web application hacker s handbook series at bhusa training http t co kly8et
-1	join mdseclabs in las vegas for their web application hacker s handbook series at bhusa training http t co kly8etmufi
-1	the n hack why absolute security is a myth http t co toxdktyzeh 29 1 14 security infosec hacker exploit trust blackhat dee4c2f6
-1	watching blackhat https t co ifwrgaveer
-1	rt justinbieber blackhat and theweddingringer this weekend what theatre we going to yeah i spell theatre the canadian way the right
-1	watching blackhat https t co apkn8qhcvr
-1	late nite movie with wifey khair dh ke bulan bintang hihi watching blackhat
-1	nowplaying blackhat chris hemsworth lt 3 lt 3 http t co tenkxhsjgp
-1	watching blackhat
-1	rt mutucuhyneji 523 2015 movie preview pt 2 blackhat goodbye to language 3d
-1	blackhat affiliate marketing is out http t co q2bbybmjh4
-1	generating wedding industry leads 100 per booking http t co k6ag7hekv4
-1	retweet ers with most followers http t co gq0d4fuxo3
-1	freshwap has come back http t co vl8kwz0oho
-1	facebook strips smiles from fake like sellers http t co fh4kuwjn5q
-1	coc my base http t co ch2qpztoqa
-1	blackhat
-1	couchpotato found 2 releases for blackhat before eta select and download via the dashboard
-1	i will deliver cheap organic traffic to your website for 10 http t co tq7prdc6id
-1	blackhat software http t co eqqznembt1
-1	blackhat instagram http t co bn2monbgx7
-1	rt blackhatmovie be sure to follow us as we live tweet from the blackhat premiere in la tonight chrishemsworth michaelmann http t c
-1	movie time blackhat with regi and ade https t co ndu23bnbhc
-1	blackhat https t co 4okqsrijlc
-1	watching blackhat https t co bymg4t8efh
-1	rt milkabenchdi blackhat free online http t co wzhtzc2ypi
-1	they re pulling the movie blackhat from theaters after only a few feet above sea level and wouldn t be so f d
-1	rt milkabenchdi blackhat free online http t co wzhtzc2ypi
-1	i wanna watch blackhat
-1	rt cetikygexes 523 2015 movie preview pt 2 blackhat goodbye to language 3d
-1	jhoffman gilbertcruz davidehrlich the best pro prequels arguments i ve read treat them as george lucas blackhat
-1	blackhat is available now on dvd http t co e1ooocxaqe
-1	download long tail pro platinum 2 4 42 full version free black hat tricks http t co cr4ajo5jtx
-1	blackhat
-1	rt volontarian http t co qsfibe5gmb http t co yxfv3qf1km merged lyrics from n platforms into 1 with script as authenticated user b
-1	http t co qsfibe5gmb http t co yxfv3qf1km merged lyrics from n platforms into 1 with script as authenticated user blackhat dos trial
-1	rt blackhatevents blackhat arsenal call for tools is open for bhusa 2015 submit by may 15th for a chance to demo in vegas http t co
-1	watching blackhat https t co ldcbe2zq5q
-1	blackhat https t co e6jt8w6nmx
-1	nw blackhat
-1	i will manually do 30 pr9 safe seo high pr backlinks 2015 best results for 13 http t co xgoqhpspsr http t co 01x1pqkbxj
-1	need help from you guys about relationship http t co spsidwr9ii
-1	looking for a working bot ios downloads with ranking http t co ofbk7dnzeo
-1	how to get traffic from facebook http t co v1knzutllc
-1	rt termeleter blackhat get http t co cazp7squmq
-1	taken by arepsk8 blackcoat blackhat https t co 0hvopvknde
-1	rt blackhatevents blackhat arsenal call for tools is open for bhusa 2015 submit by may 15th for a chance to demo in vegas http t co
-1	rt toolswatch blackhat arsenal usa 2015 call for tools just opened http t co 5utlvhglqk submit now til 15th of may that s rock
-1	rt joshsokol heads up toolswatch has officially released the call for tools for blackhat 2015 http t co ny8s6kp1qs
-1	i liked a youtube video http t co w00ctziftb black ops 2 trolling montage 1 blackhat trolling and angry friends
-1	happy connor mcdavid day goleafsgo hey it s all us leafs fans have at this time of year
-1	watching blackhat
-1	rt devils_anon_irl illuminaticonfirmed gt conspiracyseek falseflag clowning anti illuminati blackhat http t co px1nfrtaru
-1	if anything blackhat was great for getting au shots for hems
-1	watching blackhat and at 1 00 00 still can t get shit
-1	blackhat kinopoisk http t co pxzetnyoei
-1	rt honeyblade1s plastik__symbio ed bdsits123 ann0nnzz thehorrorsite blackhat_anon love it crazy
-1	shaiff_blackhat love to tell you that i am holding clash 0f clans gems giveaway i ll be really happy if you check my profile d
-1	rt justinbieber blackhat and theweddingringer this weekend what theatre we going to yeah i spell theatre the canadian way the right
-1	blackhat hackers fight from there lion s den http t co 6ahox88axk
-1	the n hack why absolute security is a myth http t co toxdktyzeh 29 1 14 security infosec hacker exploit trust blackhat b153ce5b
-1	1can always tell how much money1has by hacking 1 s bankaccount learn more by reading whitehat dating guide 2 hooking up with blackhat
-1	nw blackhat
-1	thanks to the students for the great feedback of my blackhat asia training was my pleasure blackhatevents bhasia
-1	plastik__symbio ed bdsits123 ann0nnzz thehorrorsite blackhat_anon love it crazy
-1	rt plastik__symbio ed coop5000 bdsits123 honeyblade1s ann0nnzz thehorrorsite blackhat_anon http t co 6kgkwg5yj3
-1	time is movie blackhat https t co 7p9hcsecnc
-1	latepost blackhat https t co gjztfhbyp1
-1	blackhat balmainparisshirt thestingwhitetshirt lovefashion instadaily https t co hqznonjhrq
-1	bobby blackhat walters out late with the devil http t co i8itennom4 nowplaying listenlive
-1	all about facebook http t co axyqotfm0w
-1	need experienced coder who knows how to work with short phone numbers http t co d47f40degf
-1	looking for ebay watchers wholeseller http t co mngpsvtqpb
-1	hi all forum member i am a beginner member here http t co nikvnsjeqq
-1	cool yeah blackhat with amiend and andre at toni s room https t co wwxwdwcy31
-1	blackhat https t co a2ngqzkfck
-1	rt sumpnancastter blackhat usa 2013 http t co k0ka82cvcr
-1	now watching blackhat d
-1	rt derfmitaja blackhat vapor jacksonville http t co uxxgbmetfr
-1	he was rekt the blackhat movie howicopewithidiots
-1	rt dbarraja smile for the ego robotselfie blackhat streetart losangeles goodmorning http t co glul1ditqs
-1	sidizenkane thejoshl haha not who i was talking about but he is indeed blackhat is the best 2015 movie so far oh go away
-1	rt zeolibagla blackhat conference 2016 http t co cseruhwmyy
-1	watching blackhat https t co uowv2gizw5
-1	rt dbarraja smile for the ego robotselfie blackhat streetart losangeles goodmorning http t co glul1ditqs
-1	rt dbarraja smile for the ego robotselfie blackhat streetart losangeles goodmorning http t co glul1ditqs
-1	ronde 2 blackhat https t co zme0vbklp6
-1	523 2015 movie preview pt 2 blackhat goodbye to language 3d
-1	seo backlinks do seo backlinks pyramid dofollow edu for for 15 http t co 2jrrrbtspg via bluewatermarket
-1	do seo backlinks pyramid dofollow edu for for 15 i will blast an eminent seo backlink pyramid ebp with 5000 http t co l4yk8lccmn
-1	seo do seo backlinks pyramid dofollow edu for for 15 i will blast an eminent seo backlink pyramid ebp with http t co zv6dn64qp8
-1	looking for a zennoposter coder http t co ccorl9gsgh
-1	april 20th mobile update does it affect backlinks http t co vh1eq4z1ju
-1	what apps services do you use to grow your twitter http t co qratyddwr5
-1	do seo backlinks pyramid dofollow edu for for 15 http t co k39bdyvxtz
-1	do seo backlinks pyramid dofollow edu for for 15 http t co n9ngui0sla
-1	rt livalmindlo blackhat games http t co 9rs7hvfits
-1	ed coop5000 bdsits123 honeyblade1s ann0nnzz thehorrorsite blackhat_anon http t co 6kgkwg5yj3
-1	download 20k auto approve dofollow blog list black hat tricks http t co adrwyy3x1e
-1	after doing some very basic forensic analysis emails are still being stored on your hdd with googlechrome linux hacker infosec blackhat
-1	watching blackhat https t co uf4nviv23k
-1	rt dbarraja smile for the ego robotselfie blackhat streetart losangeles goodmorning http t co glul1ditqs
-1	marketing blackhat complete list of programming languages 32info a net a axiom http t co 7pwjtbulgh wordpressdotcom
-1	smile for the ego robotselfie blackhat streetart losangeles goodmorning http t co glul1ditqs
-1	blackhat http t co nlkavtzin0 blackhat blackhatseo tweet 5629 http t co oiyymzcxmh
-1	thor jd hacker blackhat https t co fybrblvfab
-1	what is going on with chris hemsworth s accent in blackhat among other things
-1	rt justinbieber blackhat and theweddingringer this weekend what theatre we going to yeah i spell theatre the canadian way the right
-1	rt justinbieber blackhat and theweddingringer this weekend what theatre we going to yeah i spell theatre the canadian way the right
-1	rt justinbieber blackhat and theweddingringer this weekend what theatre we going to yeah i spell theatre the canadian way the right
-1	rt fandegregpernia i forgot to show you teamchemsworth this is now at my train station amp chris s pic for blackhat is still there too h
-1	rt blackhatevents blackhat arsenal call for tools is open for bhusa 2015 submit by may 15th for a chance to demo in vegas http t co
-1	hanging out at sosua by the se tonight newhat reflexhat 110 blackhat black shirt https t co ljkij9vhzf
-1	possible inspiration for blackhat logo or just a really neat coincidence in cosmo s office sneakers
-1	the n hack why absolute security is a myth http t co toxdktyzeh 29 1 14 security infosec hacker exploit trust blackhat 49488d83
-1	black hat tools for content writing http t co lom72zsvrk
-1	former blackhat hacker raven now a white hat hacker has hacked the traffic lights to slow down our killer
-1	menonton blackhat
-1	is blackhat a good film
-1	rt blackhatevents 105 new exploit enabling bypass of microsoft s control flow guard cfg to be demonstrated in this bhusa briefing ht
-1	bulk domains http t co hic21pnlmw
-1	10 post on slickdeals fatwallet or woot http t co fev2i2xijr
-1	adsense through clickbank is this possible http t co fsnsehriax
-1	beta testers needed new youtube ranking software http t co d0hhtx2ai9
-1	blackhat games http t co 9rs7hvfits
-1	i forgot to show you teamchemsworth this is now at my train station amp chris s pic for blackhat is still there too http t co r3bdb01sbf
-1	wtb seo clean backlinks no blackhat for my website http t co wgpxx4phpv by vivomotorsports i have a new http t co ljpsk4lom5
-1	watching blackhat https t co hgd3wcaikc
-1	rt weispastelchows blackhat dc 2015 http t co 9ppt2h2ywz
-1	still blackhat d
-1	empleo job seo clean backlinks no blackhat for my website http t co scjnpz47su by vivomotorsports http t co kokxgtju97
-1	seo clean backlinks no blackhat for my website http t co oruxkrlnop by vivomotorsports i have a new website http t co cdtbn0hjmi
-1	watching blackhat
-1	onlinejob seo clean backlinks no blackhat for my website http t co qz2skzousq by vivomotorsports i have a http t co c0xt62ibt3
-1	freelancer seo seo clean backlinks no blackhat for my website http t co oar92cdyii by http t co 9uwd7hgkgm cashboards
-1	freelancer seo clean backlinks no blackhat for my website http t co iv7mvhynvp computer via bluewatermarket
-1	rt blackhatevents deadline for blackhat usa 2015 call for papers is today weekend stragglers will be accepted thru 23 59 et sunday http
-1	rt blackhatevents 105 new exploit enabling bypass of microsoft s control flow guard cfg to be demonstrated in this bhusa briefing ht
-1	blackhat full movie 2015 youtube http t co skesy5dldz
-1	rt raphbiasuty blackhat you are no longer in control http t co agkgygzutq
-1	watching blackhat
-1	keep getting lazy and doing useless shit http t co wmh9sgwqxp
-1	if you had 40 000 in your bank account weheart it bot software development quality botting software http t co l7el1rfimr
-1	if you had 40 000 in your bank account weheart it bot software development quality botting software http t co rvvpuegz4q
-1	southern goodfellas seeks producer michaelmann lamayor blackhat greenlighthollywood filmla tff2015 thetrap http t co ugbp3owjj2
-1	blackhat seo to avoid and how to know your seo is ruining your rank http t co ufijf0lomt http t co qmrigkoonq
-1	chris hemsworth amp michael mann take on the world of cybercrime in blackhat by universalent instagram http t co g7z4khm72d
-1	just submitted my first talk proposal ever for blackhat
-1	rt shyboy smile for the ego robotselfie blackhat streetart la https t co p1veh7cqgh
-1	rt shyboy smile for the ego robotselfie blackhat streetart la https t co p1veh7cqgh
-1	smile for the ego robotselfie blackhat streetart la https t co p1veh7cqgh
-1	cole stevens amp the delta daggers kickin it til 11 and there s a blackhat in the house http t co 2zizx2ozlj
-1	mind you it is a tad to attend the briefings are interesting on a variety of fronts http t co 5ucrsdhkzj
-1	mind you it is a tad to attend the briefings are interesting on a variety of fronts http t co su8emfpafy
-1	rt justinbieber blackhat and theweddingringer this weekend what theatre we going to yeah i spell theatre the canadian way the right
-1	rt termeleter blackhat get http t co cazp7squmq
-1	like hems did really well in blackhat for what it was but ppl need to start using his charm for full potential
-1	movies every internet marketer should watch weheart it bot software development quality botting software http t co 6tijwuy1ae
-1	movies every internet marketer should watch weheart it bot software development quality botting software http t co k5bz2yllpy
-1	marketing blackhat loan modification program by president obama 32info a house owner wh http t co rj9ltxfqlf wordpressdotcom
-1	seo put your link to 2xpr2 2xpr3 4xpr4 2xpr5 2xpr6 adult related blog http t co o53esbugyw http t co esjbzatdss cashboards
-1	seo backlinks put your link to 2xpr2 2xpr3 4xpr4 2xpr5 2xpr6 adult related blog http t co zbf8iqp8im via bluewatermarket
-1	seo put your link to 2xpr2 2xpr3 4xpr4 2xpr5 2xpr6 adult related blog permanent offers for 50 promote and http t co f9qguprlwc
-1	put your link to 2xpr2 2xpr3 4xpr4 2xpr5 2xpr6 adult related blog permanent offers for 50 promote and add http t co sdnwzlqvrz
-1	put your link to 2xpr2 2xpr3 4xpr4 2xpr5 2xpr6 adult related blog permanent offers for 50 http t co 37lw2ahiaa
-1	help add multiple websites to godaddy deluxe host http t co exztu906ni
-1	introducing the zero parallel bonus drawing http t co rfxdvvongm
-1	script to scrape a public facebook account for friend list http t co qwrtlue2lv
-1	mods that get review copys of everything http t co w0f1pkvfja
-1	seo how to avoid black hat issues in your digital presence http t co jplvfop9x0 blackhat
-1	blackhat i d called this the cyber version of the bourne movies except with a less engaging script
-1	put your link to 2xpr2 2xpr3 4xpr4 2xpr5 2xpr6 adult related blog permanent offers for 50 http t co ruefpvcf2z
-1	put your link to 2xpr2 2xpr3 4xpr4 2xpr5 2xpr6 adult related blog permanent offers for 50 http t co 6verosdjik
-1	blackhat i love the fact that hems basically had to learn to touch type for this movie
-1	seo backlinks put your link to 2xpr2 2xpr3 4xpr4 2xpr5 2xpr6 adult related blog for http t co 6lod4njtsa via bluewatermarket
-1	seo put your link to 2xpr2 2xpr3 4xpr4 2xpr5 2xpr6 adult related blog for http t co gprzamn7fn http t co esjbzatdss cashboards
-1	put your link to 2xpr2 2xpr3 4xpr4 2xpr5 2xpr6 adult related blog for permanent offers for 50 http t co ue1qvnhb87 seo smm
-1	put your link to 2xpr2 2xpr3 4xpr4 2xpr5 2xpr6 adult related blog for permanent offers for 50 http t co aj4ouk9tnv seo smm
-1	rt haxfrost exiled_army the_anonneon cyhiraeth_anon valorouslife erikpetersen479 trollsnatcher msanony2 did he imply a vpn made hi
-1	jpoh fuknbollocks too busy to go down the rabbit hole but seems he s not the only one was a preso at blackhat last year by another guy
-1	rt haxfrost exiled_army the_anonneon cyhiraeth_anon valorouslife erikpetersen479 trollsnatcher msanony2 did he imply a vpn made hi
-1	peliculita blackhat http t co a6kq6gmnit
-1	blackhat hems cuddles and hugs and kisses tang wei in this movie a lot i think it s more important than the plot that gets somewhat lost
-1	blackhat important hemsworth facts he can tuck most of his co stars under his chin when he hugs them
-1	rt haxfrost exiled_army the_anonneon cyhiraeth_anon valorouslife erikpetersen479 trollsnatcher msanony2 did he imply a vpn made hi
-1	rt getraped iv been away for months and im still undoxed undoxable the feared modem smacker doxer king blackhat
-1	i m watching blackhat 2015 https t co yjqdap6c8v trakt
-1	exiled_army the_anonneon cyhiraeth_anon valorouslife erikpetersen479 trollsnatcher msanony2 did he imply a vpn made him a blackhat
-1	rt ruthlessreviews the critics are wrong http t co nlgam3mzfr blackhat is a good movie and michael mann can do no wrong
-1	the critics are wrong http t co nlgam3mzfr blackhat is a good movie and michael mann can do no wrong
-1	i rated blackhat 2015 4 10 imdb boring boring boring looks great but just didn t care http t co x7ey1qcvjp
-1	iv been away for months and im still undoxed undoxable the feared modem smacker doxer king blackhat
-1	rt milkabenchdi blackhat free online http t co wzhtzc2ypi
-1	blackhat selfie http t co 9tlyj3wvz3
-1	rt bettymacs1957 ootd in the sunshine leeds sun sunshine green red redlips sunglasses hat blackhat https t co mrlnlphmha
-1	ootd in the sunshine leeds sun sunshine green red redlips sunglasses hat blackhat https t co mrlnlphmha
-1	rt blackhatevents erp security learn to assess exploit and defend sap platforms in this bhusa training with jp_pereze http t co q
-1	we need a blackhat hacker thor odinson
-1	blackhat hacker 2015 http t co 24dxplzqei
-1	rt robert_rose students wrote buzzfeed clickbait for grades i do that every year teaches persuasion and blackhat content design
-1	blackhat conference 2016 http t co cseruhwmyy
-1	blackhat http t co nlkavtzin0 blackhat blackhatseo tweet 5626 http t co gud3gdwggk
-1	woot signed up for bhusa the worlds most relevant global infosec event august 1 6 2015 in las vegas http t co jl1jpwm97s cheers
-1	rt ninksefordo blackhat yify http t co tmscmddr3a
-1	rt blackhatevents deadline for blackhat usa 2015 call for papers is today weekend stragglers will be accepted thru 23 59 et sunday http
-1	blackhat so far he s more of a practical hacker he s not spouting tech stuff every 5 seconds
-1	blackhat the guy we re working with will drop the big hammer and not think twice about it i m biting my mouth mann threw in a thor ref
-1	blackhat get http t co cazp7squmq
-1	rt orenhafif same origin method exec talk by benhayak from blackhat 2014 is now public https t co uccncedca0
-1	watched blackhat today and wondered how on earth james hunt became a spy illegaile the story continues http t co 0wqmxlia8j
-1	do unfriended and blackhat take place in the same shared universe
-1	blackhat the program they use to fix the corrupted data is a secret nsa program called black widow and it has the bw logo on it cute tbh
-1	blackhat honestly chris is carrying this film and it s heavy on his shoulders
-1	blackhat the main cast in this is super hot hems viola leehom tang wei
-1	blackhat viola and hems in scenes together ___
-1	rt justinbieber blackhat and theweddingringer this weekend what theatre we going to yeah i spell theatre the canadian way the right
-1	rt ninksefordo blackhat yify http t co tmscmddr3a
-1	rt blackhatevents core system lockdown to server application defense learn to protect a linux system with jaybeale s bhusa training ht
-1	hello blackhatworld ers http t co mmrhhfhzxu
-1	need help regarding pop up optin page http t co rhj0o0dvev
-1	how to get loads of likes http t co m1xnidnt3a
-1	1000s of pinterest accounts http t co aqszub19xg
-1	rt blackhatevents core system lockdown to server application defense learn to protect a linux system with jaybeale s bhusa training ht
-1	csicyber has a jargon problem firewall one youtube user shows us just how bad it is http t co axriqvokdb doingthelordswork blackhat
-1	rt blackhatevents hands on malware dissection and analysis training from mandiant at bhusa 2 options aug 1 2 amp aug 3 4 http t co d
-1	blackhat really now is not the time to have the i m sleeping with your sister talk
-1	for being promoted as an action movie explosions it s very much not blackhat
-1	blackhat hems is like the only white person in this movie it s kinda nice
-1	this work article about webcam hacking is trying to tell me what a rat is amp i m like psshh i already know that from hashtag blackhat thx
-1	it s a very slow paced film but hems is mad handsome in it blackhat
-1	collinrm your blackhat talk was not accepted cc daveaitel
-1	blackhat rooftop outdoor banging i m cool i m cool
-1	blackhat oh they re having the adrenaline made us horny moment but also shouldn t bang my buddy s sister moment
-1	rt aoighost agentdarkapple if trying to be helpful gets you targeted by the man there s no incentive to not go full blackhat
-1	blackhat it s kinda nice seeing hems do a dirtier style fighting
-1	my review of blackhat 2015 on letterboxd http t co zilpzbavb6
-1	blackhat this classic you do the time the time doesn t do you exchange
-1	breaking google badly the topmost strategy to rank you with god speed http t co 2ewappxpff growthhacking
-1	blackhat but what is this accent
-1	blackhat this is such a slow script like its feels more like a slow spy thriller than action thriller
-1	blackhat 2015 1080p http t co hhzmxrqnh6
-1	youtube clone http t co 17bb0n58ke
-1	looking for someone who can create a skybox http t co svagiwcc61
-1	blackhat lol he throws in some random spanish words every now and again i don t get why but okay
-1	rt blackhatevents deadline for blackhat usa 2015 call for papers is today weekend stragglers will be accepted thru 23 59 et sunday http
-1	rt justinbieber blackhat and theweddingringer this weekend what theatre we going to yeah i spell theatre the canadian way the right
-1	blackhat these are such michael mann slow dramatic shots
-1	gremey blackhat you order baked and baby on fabric softener butt the first card look at here to drink milk constipation
-1	breaking google badly the topmost strategy to rank you with god speed http t co 8bcyxsirzt growthhacking
-1	breaking google badly the topmost strategy to rank you with god speed http t co vvu9uou9sw growthhacking
-1	rt blackhatevents deadline for blackhat usa 2015 call for papers is today weekend stragglers will be accepted thru 23 59 et sunday http
-1	blackhat awwwww they were buddies
-1	rt milkabenchdi blackhat free online http t co wzhtzc2ypi
-1	blackhat what accent is hems using in this it s like a boston accent but not really
-1	blackhat leehom has such a hacker crush on hems
-1	blackhat ahhhh he and his dude are going to be hacker buddies i hope
-1	blackhat viola i forgot you were in this
-1	rt justinbieber blackhat and theweddingringer this weekend what theatre we going to yeah i spell theatre the canadian way the right
-1	rt blackhatevents deadline for blackhat usa 2015 call for papers is today weekend stragglers will be accepted thru 23 59 et sunday http
-1	blackhat i feel this was an unnecessary scene just to show he s tough
-1	blackhat he s in jail and reading bc hes deep ly hot
-1	blackhat michael mann really going for the visual s about how data travels
-1	watch the trapx security killer rsa blackhat vs whitehat video https t co bedglykeze
-1	rt blackhatevents hands on malware dissection and analysis training from mandiant at bhusa 2 options aug 1 2 amp aug 3 4 http t co d
-1	so i found this streaming site for movies and they have blackhat hacker hems here i come
-1	rt justinbieber blackhat and theweddingringer this weekend what theatre we going to yeah i spell theatre the canadian way the right
-1	rt blackhatevents 105 new exploit enabling bypass of microsoft s control flow guard cfg to be demonstrated in this bhusa briefing ht
-1	rt blackhatevents hands on malware dissection and analysis training from mandiant at bhusa 2 options aug 1 2 amp aug 3 4 http t co d
-1	rt blackhatevents hands on malware dissection and analysis training from mandiant at bhusa 2 options aug 1 2 amp aug 3 4 http t co d
-1	hands on malware dissection and analysis training from mandiant at bhusa 2 options aug 1 2 amp aug 3 4 http t co dm4xej6tlb
-1	in order to defend you must know how to attack cdx def con infowarcon blackhat
-1	rt humanhacker our blackhatevents class is sold out going to open a few more seats for those of you asking get in quick https t c
-1	our blackhatevents class is sold out going to open a few more seats for those of you asking get in quick https t co aqmtv6miih
-1	our blackhatevents class is sold out going to open a few more seats for those of you asking get in quick https t co nnn6c3atjp
-1	marketing blackhat computer classes when senior program 32info in at the fitness progra http t co rqk2nanrqa wordpressdotcom
-1	blackhat https t co zhzttl856q
-1	blackhat is sick
-1	any digital system rather it be on a plane train ship or automobile can be exploited with the right blackhat
-1	lol tagging my nr stuff blackhat wishful thinking
-1	rt blackhatevents deadline for blackhat usa 2015 call for papers is today weekend stragglers will be accepted thru 23 59 et sunday http
-1	rt justinbieber blackhat and theweddingringer this weekend what theatre we going to yeah i spell theatre the canadian way the right
-1	icecream while watching blackhat https t co uyrbtbmdqh
-1	rt sumpnancastter blackhat usa 2013 http t co k0ka82cvcr
-1	rt blackhatevents deadline for blackhat usa 2015 call for papers is today weekend stragglers will be accepted thru 23 59 et sunday http
-1	icecream while watching blackhat https t co kf6zozujvj
-1	really chris hemsworth blackhat sucks
-1	anyone know what triggers the pinterest safe mode locks form following http t co 5wueezaunx
-1	youtube clone http t co ugu5jk8j7f
-1	moving from croatia to austria problem http t co f82n4qmeig
-1	rt blackhatevents 105 new exploit enabling bypass of microsoft s control flow guard cfg to be demonstrated in this bhusa briefing ht
-1	i will manually do 30 pr9 safe seo high pr backlinks 2015 best results for 13 http t co 239tpe3yjq http t co eyboveseez
-1	rt blackhatmovie blackhat hacker a hacker who violates computer security for little reason beyond maliciousness or for personal gain ht
-1	rt blackhatevents deadline for blackhat usa 2015 call for papers is today weekend stragglers will be accepted thru 23 59 et sunday http
-1	looking for social media wholesaler http t co kwar27jju6
-1	need a uk facebook account http t co t3j5wli4mk
-1	rt blackhatevents deadline for blackhat usa 2015 call for papers is today weekend stragglers will be accepted thru 23 59 et sunday http
-1	rt blackhatevents deadline for blackhat usa 2015 call for papers is today weekend stragglers will be accepted thru 23 59 et sunday http
-1	deadline for blackhat usa 2015 call for papers is today weekend stragglers will be accepted thru 23 59 et sunday http t co j5gbexfofw
-1	blackhat 2015 full movie play now http t co 9gti4y0ihu more movie http t co 9rbpmqqwqw http t co fijxpbl3z0
-1	rt blackhatevents 105 new exploit enabling bypass of microsoft s control flow guard cfg to be demonstrated in this bhusa briefing ht
-1	rt blackhatevents 105 new exploit enabling bypass of microsoft s control flow guard cfg to be demonstrated in this bhusa briefing ht
-1	rt blackhatevents core system lockdown to server application defense learn to protect a linux system with jaybeale s bhusa training ht
-1	rt thegrugq submitted something to blackhat now to wait for the rejection
-1	realvincejanea try blackhat
-1	blackhat vapor jacksonville http t co uxxgbmetfr
-1	python but sure as hell am i going to yell about internet vigilantism blackhat militias and why these things are becoming a problem
-1	rt mdowd blackhat usa cfp closes today tomorrow in the us get your submissions in https t co 7nh8scapmp
-1	download long tail pro platinum 2 4 42 full version free black hat tricks http t co tqbjwfzmzn
-1	rt gotdambear ghostpickles luna_pond it s blackhat the movie 2 socialmediahat
-1	ghostpickles luna_pond it s blackhat the movie 2 socialmediahat
-1	rt anon2k13 urgent senator ronwyden is trying to fasttrack the tpp this week call right now 202 224 5244 via idltweets http t
-1	watching blackhat
-1	rt blackhatevents 105 new exploit enabling bypass of microsoft s control flow guard cfg to be demonstrated in this bhusa briefing ht
-1	blackhat marketing the most detailed guide to date for 125 warning if you do not wish how to make money using http t co b5cfvowx3o
-1	best films of 2015 blackhat unfriended paul blart 2
-1	rt blackhatevents 105 new exploit enabling bypass of microsoft s control flow guard cfg to be demonstrated in this bhusa briefing ht
-1	agentdarkapple if trying to be helpful gets you targeted by the man there s no incentive to not go full blackhat
-1	rt ostonestreet mastaofmp3s littleangel911 plastik__symbio honeyblade1s edcoop5000 bdsits123 oatcake1967 flyingshadowz blackhat_
-1	rt blackhatevents 105 new exploit enabling bypass of microsoft s control flow guard cfg to be demonstrated in this bhusa briefing ht
-1	but your carlsbad business can still be the lone ranger social media is the new blackhat http t co wsy1douwxl via forbes
-1	rt blackhatevents 105 new exploit enabling bypass of microsoft s control flow guard cfg to be demonstrated in this bhusa briefing ht
-1	rt blackhatevents 105 new exploit enabling bypass of microsoft s control flow guard cfg to be demonstrated in this bhusa briefing ht
-1	watching blackhat https t co jymvgv1vme
-1	rt blackhatevents 105 new exploit enabling bypass of microsoft s control flow guard cfg to be demonstrated in this bhusa briefing ht
-1	rt blackhatevents 105 new exploit enabling bypass of microsoft s control flow guard cfg to be demonstrated in this bhusa briefing ht
-1	rt blackhatevents 105 new exploit enabling bypass of microsoft s control flow guard cfg to be demonstrated in this bhusa briefing ht
-1	rt blackhatevents 105 new exploit enabling bypass of microsoft s control flow guard cfg to be demonstrated in this bhusa briefing ht
-1	rt blackhatevents 105 new exploit enabling bypass of microsoft s control flow guard cfg to be demonstrated in this bhusa briefing ht
-1	rt blackhatevents 105 new exploit enabling bypass of microsoft s control flow guard cfg to be demonstrated in this bhusa briefing ht
-1	105 new exploit enabling bypass of microsoft s control flow guard cfg to be demonstrated in this bhusa briefing http t co 5cjk7kwluo
-1	i will deliver cheap organic traffic to your website for 10 http t co q24gvmvtnf
-1	rt thegrugq submitted something to blackhat now to wait for the rejection
-1	bobby blackhat walters crying in the shower http t co i8itennom4 nowplaying listenlive
-1	rt prateekg147 nice whitepaper on andriodsecurity man in the binder https t co 9sucnkmfo7
-1	rt thegrugq submitted something to blackhat now to wait for the rejection lt hitting too close to home
-1	rt thegrugq submitted something to blackhat now to wait for the rejection
-1	rt thegrugq submitted something to blackhat now to wait for the rejection
-1	submitted something to blackhat now to wait for the rejection
-1	rt sumpnancastter blackhat usa 2013 http t co k0ka82cvcr
-1	rt kacuhuxytajy blackhat instagram http t co i2ote8t13p
-1	rt justinbieber blackhat and theweddingringer this weekend what theatre we going to yeah i spell theatre the canadian way the right
-1	blackhat free online http t co wzhtzc2ypi
-1	hi wouterpeeters the presentation is available here http t co 9v2h9glviq
-1	rt ostonestreet mastaofmp3s littleangel911 plastik__symbio honeyblade1s edcoop5000 bdsits123 oatcake1967 flyingshadowz blackhat_
-1	rt justinbieber blackhat and theweddingringer this weekend what theatre we going to yeah i spell theatre the canadian way the right
-1	seo how to avoid black hat issues in your digital presence http t co jplvfop9x0 blackhat
-1	rt justinbieber blackhat and theweddingringer this weekend what theatre we going to yeah i spell theatre the canadian way the right
-1	blackhat ngemovie
-1	rt justinbieber blackhat and theweddingringer this weekend what theatre we going to yeah i spell theatre the canadian way the right
-1	blackhat affiliate marketing is out http t co 8eokzbmvpv
-1	watching blackhat https t co amptsfwpfw
-1	blackhat hacker 2014 hd 720p http t co 41hwgxfqxj seyret izle film dizi filmler diziler sinema vizyon http t co mdzwlubr9x
-1	airplanes could be taken over through inflight entertainment systems hacker claims rt usa http t co o5wzpxws7o
-1	rt meredithcorley time is flying blackhat usa 2015 talk submissions are due this fri april 17 get em in infosec bhusa https t
-1	ah the black hat seo link for beginners goes to imjacobking and http t co h3c7szcrpf i should have checked before asking lol
-1	download full website http t co 3rseqefgxq http t co 4e1qh4hak5
-1	comment scraper http t co xkplaskb3s
-1	visit http t co hmiorxju2p blackhat seo bloggers
-1	blackhat must watch brathe
-1	watching blackhat https t co i9qqlf0yvt
-1	you don t buy friends in the real world don t do it for vanity social media is the new blackhat http t co tggtzfhdew via forbes
-1	watching blackhat https t co pcxb0clrlh
-1	blackhat humane society http t co ugnbqxjsva
-1	seo_hacker google versus blackhat since 1999 http t co aen0vqv5xx blackhatseo seo
-1	in case you missed it on our blog yesterday here s an in depth look at blackhat and whitehat seo tactics http t co xbl5xywj6s
-1	google versus blackhat since 1999 http t co iuxcgw46lz blackhatseo seo
-1	blackhat is equal parts hacking and stabbing review http t co xaxvclvej3 http t co es8arjbq9x
-1	rt justinbieber blackhat and theweddingringer this weekend what theatre we going to yeah i spell theatre the canadian way the right
-1	download free blackhat email marketing https t co 0nwaurnpq9
-1	infraction for bootleg girl 8 one month ban forum infraction forum posted by blackhat_matt post time 04 http t co yqkxkyjiqo
-1	watching blackhat https t co xaxtumithh
-1	blackhat https t co 0hdqow77fc
-1	my blackhat 2015 proposal sent alea jacta est
-1	watching blackhat https t co ebz8zxvtzl
-1	rt blackhatevents don t miss blackhat webcast on critical enterprise defense beginning at 11 00 pt today register for free now http
-1	rt fawetthari blackhat defcon http t co ftvwglawng
-1	enterprise_its enterprise_its terryplumley top 10 notorious black hat hackers http t co 5imiinuns9 blackhat hackers blackhathac
-1	blackhat a ver q tal http t co 6wgqqj5aio
-1	watching blackhat at chill out please https t co 2ql0mfg01z
-1	rt mdowd blackhat usa cfp closes today tomorrow in the us get your submissions in https t co 7nh8scapmp
-1	rt blackhatevents don t miss blackhat webcast on critical enterprise defense beginning at 11 00 pt today register for free now http
-1	howelloneill guessing by your three latest tweets i am guessing this is about blackhat
-1	enterprise_its terryplumley top 10 notorious black hat hackers http t co 5imiinuns9 blackhat hackers blackhathackers
-1	blackhat 2015 720p web dl c a x264 aac http t co 0e3wbzqbem
-1	the reality of blackhat link building https t co xce8wx2ow6 http t co ddurdo2mv0
-1	terryplumley top 10 notorious black hat hackers http t co 5imiinuns9 blackhat hackers blackhathackers
-1	rt dianadavoyan how blackhat social media affects seo https t co mgqntladgz http t co nurluiuucp
-1	blackhat https t co 8nsyayxzoz
-1	how blackhat social media affects seo https t co mgqntladgz http t co nurluiuucp
-1	blackhat https t co 1qcg18m20g
-1	top 10 notorious black hat hackers http t co yhy3rnpcos blackhat hackers blackhathackers
-1	get blackhat warriorforum download torrent group buy marcia wieder s online dream coach certification only http t co ytymc8jfdp
-1	classe php spamco wordpress blackhat seo http t co 4a8z5tir5q via mitsufr
-1	watch amp download movie http t co ywi3oam91a http t co 6vqtuuk1dq
-1	blackhat such a long ass flick why
-1	watching blackhat https t co kmglzzp358
-1	bobby blackhat walters no room for you http t co i8itennom4 nowplaying listenlive
-1	stevewerby become a blackhat durr
-1	rt mdowd blackhat usa cfp closes today tomorrow in the us get your submissions in https t co 7nh8scapmp
-1	universe affiliate cpa network http t co wrp00xfsnc
-1	mobile marketing options and channels http t co kdngw6sqmh
-1	method fiverr new arrivals http t co whrxvilj3z
-1	is there similar sites to teespring where you don t have to reach an amount bought http t co lv4m4g6evu
-1	rt fawetthari blackhat defcon http t co ftvwglawng
-1	blackhat you are no longer in control http t co agkgygzutq
-1	wtb 15 20 trustpilot reviews that stick http t co 4aixymvg7y
-1	cyber crime blackhat https t co 45v8fycfid
-1	nw blackhat
-1	get blackhat warriorforum download torrent group buy jon tarr amp kyle bell s island lifestyle blueprint only http t co rajhivnzyy
-1	523 2015 movie preview pt 2 blackhat goodbye to language 3d
-1	just submitted my first cfp to blackhat about our paradigm of infraops the key idea here is that security shouldn t be an outside team
-1	bobby blackhat walters i think you think http t co i8itennom4 nowplaying listenlive
-1	watching blackhat for the 4th time don t mind me
-1	mstamour rt meredithcorley time is flying blackhat usa 2015 talk submissions are due this fri april 17 get https t co f9wpztwroi
-1	rt meredithcorley time is flying blackhat usa 2015 talk submissions are due this fri april 17 get em in infosec bhusa https t
-1	watching blackhat https t co nrqiuqeojj
-1	you have to be a good black hat to be a better blackhat my opinion tho
-1	watching blackhat https t co iwgjulm5yk
-1	rt jonnyabomb blackhat was my star wars
-1	blackhat
-1	rt cybersecurecar former tesla intern to announce open source car hacking kit at blackhatasia http t co jxazglmgs7 automotive cyberse
-1	rt cybersecurecar former tesla intern to announce open source car hacking kit at blackhatasia http t co jxazglmgs7 automotive cyberse
-1	nowwatching blackhat movies
-1	rt blackhatevents don t miss blackhat webcast on critical enterprise defense beginning at 11 00 pt today register for free now http
-1	knightsandire tsk i almost inflicted a curse on u to watch only films of blackhat s quality but that s too mean lmfao
-1	claushoumann and additional examples from this presentation http t co 0yoyqk6eqg a nice attack surface for attackers
-1	help can you guide me how to choose good expired domains http t co aon57jqsjd
-1	rt ostonestreet mastaofmp3s littleangel911 plastik__symbio honeyblade1s edcoop5000 bdsits123 oatcake1967 flyingshadowz blackhat_
-1	watching blackhat https t co h1yq8kqqjf
-1	rt bhwhaf i m looking for a software developer script writer bot creator read inside for details http t co v93fl4xyrq
-1	watching blackhat https t co t84gtayarf
-1	rt jonnyabomb blackhat was my star wars
-1	blackhat i m back
-1	cfp submitted for blackhat and defcon
-1	aurosan i walked out of blackhat
-1	bobby blackhat walters i hear mama s voice http t co i8itennom4 nowplaying listenlive
-1	rt ostonestreet mastaofmp3s littleangel911 plastik__symbio honeyblade1s edcoop5000 bdsits123 oatcake1967 flyingshadowz blackhat_
-1	rt mdowd blackhat usa cfp closes today tomorrow in the us get your submissions in https t co 7nh8scapmp
-1	rt ninksefordo blackhat yify http t co tmscmddr3a
-1	rt riusksk blackhat asia 2015 ppt download https t co ryqg0qtqra http t co yv4knttuox
-1	blackhat community review amp discount luke martinez http t co zkm5lh69p5
-1	rt justinbieber blackhat and theweddingringer this weekend what theatre we going to yeah i spell theatre the canadian way the right
-1	rt riusksk blackhat asia 2015 ppt download https t co shqbcgjhhe http t co eiy1thgf8g
-1	mastaofmp3s littleangel911 plastik__symbio honeyblade1s edcoop5000 bdsits123 oatcake1967 flyingshadowz blackhat_anon hell yes
-1	rt riusksk blackhat asia 2015 ppt download https t co shqbcgjhhe http t co eiy1thgf8g
-1	rt honeyblade1s mastaofmp3s plastik__symbio flyingshadowz dbeatross edcoop5000 bdsits123 oatcake1967 blackhat_anon amazing pictur
-1	rt mdowd blackhat usa cfp closes today tomorrow in the us get your submissions in https t co 7nh8scapmp
-1	rt honeyblade1s mastaofmp3s plastik__symbio flyingshadowz dbeatross edcoop5000 bdsits123 oatcake1967 blackhat_anon amazing pictur
-1	blackhat usa cfp closes today tomorrow in the us get your submissions in https t co 7nh8scapmp
-1	watching blackhat https t co 2xxdeqnb9b
-1	rt weispastelchows blackhat dc 2015 http t co 9ppt2h2ywz
-1	rt riusksk blackhat asia 2015 ppt download https t co shqbcgjhhe http t co eiy1thgf8g
-1	blackhat http t co nlkavtzin0 blackhat blackhatseo tweet 5594 http t co xsfptywgsg
-1	how to post a comment on a wordpress site without a comment field http t co h7jun9y4ds
-1	bot automatically searches your images for images on web http t co scau1ljj6a
-1	quick pbn question http t co 57gw2tyqki
-1	how to get approved by amazon affiliate http t co u0ag2rtmmb
-1	really need help about domain asap please and http t co freh0bzxal
-1	rt sir_morholt plastik__symbio bdsits123 edcoop5000 blackhat_anon flyingshadowz nice link loved it
-1	what is the last thing you downloaded onto your computer blackhat movie http t co h9o1pjmwuf
-1	rt ryaandavis hacker nicholas hathaway chrishemsworth hunts down a binary code designed for chaos amp amp destruction blackhat http
-1	you know wat i be on i been on some let it be type shit allwhite5 s drinkdickmedown blackhat https t co b6fiyjjjpj
-1	hacker nicholas hathaway chrishemsworth hunts down a binary code designed for chaos amp amp destruction blackhat http t co 2cosxnkg5b
-1	watching blackhat https t co cdanhzboqp
-1	rt barririket blackhat dvdscr http t co lr9ziqimxg
-1	chrishemsworth fan blackhat 5ft subway movie poster 2015 chris hemsworth http t co 8huhkbrrjr collectibles sale
-1	rt blackhatevents core system lockdown to server application defense learn to protect a linux system with jaybeale s bhusa training ht
-1	lightsaber seo hit google with authoriy backlinks social signals amp rank fast http t co 96wntjmb5g
-1	rt sumpnancastter blackhat usa 2013 http t co k0ka82cvcr
-1	still haven t even seen blackhat or da sweet blood of jesus smdh
-1	rt amsenacum blackhat putlocker http t co tv3aesvqyb
-1	the little hat again myhat springdays blackhat happydays https t co zvipawgwv7
-1	rt iridium_blacker tangodown _ummwaqqas with 7754 followers has been suspended opantiisis islamicstate opisis isis http t co ftqg
-1	blackhat proxy http t co zu4e9rnym9
-1	rt elobsinnyi blackhat vapor http t co yymsuaoigb
-1	rt ninksefordo blackhat yify http t co tmscmddr3a
-1	watching blackhat
-1	rt erprecverqui blackhat javascript http t co gbck7xuyf8
-1	must say i love the movie blackhat the scenery filmed is quite spectacular on a big screen infosec security
-1	rt blackhatevents core system lockdown to server application defense learn to protect a linux system with jaybeale s bhusa training ht
-1	rt flyingshadowz plastik__symbio edcoop5000 bdsits123 blackhat_anon sir_morholt great video
-1	rt sir_morholt plastik__symbio bdsits123 edcoop5000 blackhat_anon flyingshadowz nice link loved it
-1	rt sir_morholt plastik__symbio bdsits123 edcoop5000 blackhat_anon flyingshadowz nice link loved it
-1	plastik__symbio edcoop5000 bdsits123 blackhat_anon sir_morholt great video
-1	blackhat community review amp discount luke martinez http t co twt8xwszib
-1	rt plastik__symbio edcoop5000 bdsits123 blackhat_anon flyingshadowz sir_morholt http t co wpsjdxxcmx illuminati rituals are the th
-1	rt edcoop5000 plastik__symbio bdsits123 blackhat_anon flyingshadowz sir_morholt great track that guy rocks i ve loved all his trac
-1	rt plastik__symbio edcoop5000 bdsits123 blackhat_anon flyingshadowz sir_morholt his music describes the reality of society without a
-1	finds a blackhat tumblr gets stealing finger ready
-1	rt edcoop5000 plastik__symbio bdsits123 blackhat_anon flyingshadowz sir_morholt great track that guy rocks i ve loved all his trac
-1	rt sir_morholt plastik__symbio bdsits123 edcoop5000 blackhat_anon flyingshadowz nice link loved it
-1	why are my pages being de indexed http t co ea4xiumycu
-1	image hosting site host image outside of my server http t co 4nmssymmus
-1	2 million organic twitter impressions daily http t co nbrihxvtlf
-1	face rub body oil niche http t co twijzzvnbx
-1	wildpalmcity happy to hear hemsworth is teaching you some sexy blackhat skills
-1	seo provide super fast 10000 twitter followers for 10 trusted level 3 seller 500 orders completed fast 10000 http t co 7oer3yibyi
-1	provide super fast 10000 twitter followers for 10 trusted level 3 seller 500 orders completed fast 10000 http t co v5bmgdnwou
-1	wei tang is kind of cute in blackhat
-1	seo backlinks provide super fast 10000 twitter followers for 10 http t co 3ftaa6dj5j via bluewatermarket
-1	seo provide super fast 10000 twitter followers for 10 http t co nhq7g8qqav http t co esjbzatdss cashboards
-1	rt amsenacum blackhat putlocker http t co tv3aesvqyb
-1	watching blackhat https t co zvt0ll1omi
-1	provide super fast 10000 twitter followers for 10 trusted level 3 seller 500 orders completed fast 10000 f http t co zf8ui8ljuj
-1	looking for writer who can deliver daily 70 100 articles weheart it bot software development quality bot http t co d7x9yey61i
-1	looking for writer who can deliver daily 70 100 articles weheart it bot software development quality bot http t co lgoxaqfsvi
-1	create 200 high pr contextual backlinks from 100 gov and edu wiki domains for 16 http t co mcemooegrj
-1	seo create 200 high pr contextual backlinks from 100 gov and edu wiki domains for 16 buy 3 services and get http t co pqyygibyaq
-1	create 200 high pr contextual backlinks from 100 gov and edu wiki domains for 16 buy 3 services and get 1 http t co sytcl0ofwx
-1	solid scada talk at blackhat http t co igdueeedzh endofrant
-1	rt blackhatevents 1 day left to submit to bhusa call for papers submit by 4 17 for a chance to speak this year at blackhat in vegas ht
-1	create 200 high pr contextual backlinks from 100 gov and edu wiki domains for 16 http t co vi6kvojzcr seo services
-1	create 200 high pr contextual backlinks from 100 gov and edu wiki domains for 16 http t co ok31gbhwo9 seo services
-1	madmadsecurity but hells yeah i want to go to blackhat in aug
-1	alvarocueva que tal blackhat
-1	i don t wear a blackhat except for this one because yankees http t co bu1b4rqwxd
-1	blackhat film review http t co fibwzs5ysp
-1	create 200 high pr contextual backlinks from 100 gov and edu wiki domains for 16 http t co tfsms9asco
-1	rt hteixevarscript hacker blackhat 2015 trailer hd legendado https t co 3ggrf8iy2p via youtube
-1	create 200 high pr contextual backlinks from 100 gov and edu wiki domains for 16 http t co w6vv2xqzzp
-1	prepare for afternoon ride after work blackhat stravaproveit at wonorejo selatan 2 pic https t co lld6mdgadi
-1	time dilation effects were a big deal in the star wars universe http t co eua8c5t94u
-1	seo create 200 high pr contextual backlinks from 100 gov and edu wiki domains http t co 4kmr1bgd57 http t co esjbzatdss cashboards
-1	seo backlinks create 200 high pr contextual backlinks from 100 gov and edu wiki domains http t co 0n4muci9zl via bluewatermarket
-1	hacker blackhat 2015 trailer hd legendado https t co 3ggrf8iy2p via youtube
-1	create 200 high pr contextual backlinks from 100 gov and edu wiki domains for 16 http t co s5rjscvaer seo smm
-1	rt blackhatgb wp run bar wordpress plugin latest im training courses blackhat group buy info http t co zezjdfoyec
-1	bobby blackhat walters wall street blues http t co i8itennom4 nowplaying listenlive
-1	rt royalastern unholdable undoxable untouchable nothing accurate was ever pulled on me frm any1 in blackhat scene the skype amp fb scen
-1	unholdable undoxable untouchable nothing accurate was ever pulled on me frm any1 in blackhat scene the skype amp fb scene the xbl scene
-1	rt ninksefordo blackhat yify http t co tmscmddr3a
-1	submit your links in 20 pr9 backlinks quality for 10 http t co zrh8et5tzb
-1	rt fawetthari blackhat defcon http t co ftvwglawng
-1	seo backlinks submit your links in 20 pr9 backlinks quality for 10 http t co mzg6mk4uta via bluewatermarket
-1	seo submit your links in 20 pr9 backlinks quality for 10 http t co ic21lvvc9o http t co esjbzatdss cashboards
-1	submit your links in 20 pr9 backlinks quality for 10 we will build quality backlinks to your site link done http t co oohdrnak7c seo
-1	z4ck7ry isntjonah actually i m a twitter troll advanced blackhat
-1	plastik__symbio bdsits123 edcoop5000 blackhat_anon flyingshadowz nice link loved it
-1	seo submit your links in 20 pr9 backlinks quality for 10 we will build quality backlinks to your site link done http t co rvujjry9my
-1	bryanbrake rt meredithcorley time is flying blackhat usa 2015 talk submissions are due this fri april 17 ge https t co f9wpztosfq
-1	mschafer rt meredithcorley time is flying blackhat usa 2015 talk submissions are due this fri april 17 get https t co f9wpztwroi
-1	wp run bar wordpress plugin latest im training courses blackhat group buy info http t co zezjdfoyec
-1	rt meredithcorley time is flying blackhat usa 2015 talk submissions are due this fri april 17 get em in infosec bhusa https t
-1	wp run bar wordpress plugin latest im training courses blackhat group buy info http t co zezjdfoyec
-1	rt meredithcorley time is flying blackhat usa 2015 talk submissions are due this fri april 17 get em in infosec bhusa https t
-1	rt plastik__symbio edcoop5000 bdsits123 blackhat_anon flyingshadowz sir_morholt http t co wpsjdxxcmx illuminati rituals are the th
-1	rt blackhatevents announcement the first 5 blackhat usa briefings are live check out a few early selections for bhusa here http t
-1	i will manually do 30 pr9 safe seo high pr backlinks 2015 best results for 13 http t co jsufm8c6os
-1	edcoop5000 bdsits123 blackhat_anon flyingshadowz sir_morholt http t co wpsjdxxcmx illuminati rituals are the theme on this one
-1	rt plastik__symbio edcoop5000 bdsits123 blackhat_anon flyingshadowz sir_morholt his music describes the reality of society without a
-1	edcoop5000 bdsits123 blackhat_anon flyingshadowz sir_morholt his music describes the reality of society without a corporate censor
-1	rt edcoop5000 plastik__symbio bdsits123 blackhat_anon flyingshadowz sir_morholt great track that guy rocks i ve loved all his trac
-1	plastik__symbio bdsits123 blackhat_anon flyingshadowz sir_morholt great track that guy rocks i ve loved all his tracks
-1	blackhat 2015 somosmovies http t co 971yrodv6k
-1	good silo structure http t co 2hsf48dtrh
-1	wtb authority links just need you to post i provide cont http t co pvvyweu5nt
-1	fb software to load images posts and post a status at set intervals http t co da5aqzvjba
-1	reconstruction work at one of the movie theaters i go to i guess they accidentally got prints for mortdecai and blackhat
-1	i added a video to a youtube playlist http t co 9levsxrqya blackhat trailer 2 chris hemsworth 2015
-1	rt jonnyabomb blackhat was my star wars
-1	i added a video to a youtube playlist http t co j5ncqimsjp blackhat official trailer 2 hd
-1	do i have any pen tester friends i have a question for them pentesting coding programming blackhat whitehat grayhat help
-1	watching blackhat https t co omrdyc9izv
-1	me is unfriended online yet astoehr yes me really unfriended is online astoehr oh no i thought you meant blackhat
-1	i will deliver cheap organic traffic to your website for 10 http t co dxzrifurmo
-1	received this msg on one of my fb pages weheart it bot software development quality botting software in http t co 2b4lo9b86j
-1	received this msg on one of my fb pages weheart it bot software development quality botting software in http t co n8na0fmapw
-1	rt jonnyabomb blackhat was my star wars
-1	rt jonnyabomb blackhat was my star wars
-1	rt jonnyabomb blackhat was my star wars
-1	blackhat was my star wars
-1	j3tblackn1nja rt edemkumodzi not everyday show your face sometimes be anonymous blackhat whitehat hacke https t co 0ymlwaszt8
-1	blackhat instagram http t co i2ote8t13p
-1	translation needed english to french http t co uasmnowwpa
-1	looking for a programmer http t co rwcq9t6i5n
-1	i added a video to a youtube playlist http t co hpzfxhz5gn blackhat official trailer 2 2015 chris hemsworth movie hd
-1	youtube ranking software 2 25 free download full version black hat tricks http t co nezlw6d7uq
-1	rt edemkumodzi not everyday show your face sometimes be anonymous blackhat whitehat hackers infosec https t co s01ijmb4ce
-1	couchpotato found 126 releases for blackhat before eta select and download via the dashboard
-1	not everyday show your face sometimes be anonymous blackhat whitehat hackers infosec https t co s01ijmb4ce
-1	blackhat dvdscr http t co lr9ziqimxg
-1	rt cewabyhepys 523 2015 movie preview pt 2 blackhat goodbye to language 3d
-1	rt blackhatevents 1 day left to submit to bhusa call for papers submit by 4 17 for a chance to speak this year at blackhat in vegas ht
-1	airgaps not so gappy with drones scanners lasers oh the security blackhat http t co qlflurhjmj http t co tgsy0ka5xv
-1	rt blackhatevents 1 day left to submit to bhusa call for papers submit by 4 17 for a chance to speak this year at blackhat in vegas ht
-1	rt blackhatevents battle of the skm and ium how windows 10 rewrites os architecture a brand new bhusa briefing by aionescu http t
-1	i will manually do 30 pr9 safe seo high pr backlinks 2015 best results for 13 http t co p9jtxnopms
-1	i feel like the hype of blackhat was made to make it look like there is more action than there rlly is it s a slo pace movie good but slo
-1	dear autocorrection when i wrote ransom in the blackhat submission i meant ransom not random
-1	i added a video to a youtube playlist http t co fvc4npfr3w blackhat trailer sneak peek 2015 chris hemsworth action movie hd
-1	rt blackhatevents have a cool idea for a blackhat t shirt submit a design for a chance to win a pass amp 2 hotel nights for bhusa 15 ht
-1	facebook ad service provider http t co luwjiibti8
-1	wordpress or coding http t co bazwbm2rbg
-1	get 5 10 per day by installing free apps android ios http t co 8yw5uwnzyf
-1	article that might spark some new twist to existing methods http t co 0x2fi0tsyw
-1	rt blackhatevents 1 day left to submit to bhusa call for papers submit by 4 17 for a chance to speak this year at blackhat in vegas ht
-1	rt blackhatevents view a novel method for agent less real time volatile memory analysis at blackhat mobile security summit in london ht
-1	the n hack why absolute security is a myth http t co toxdktyzeh 29 1 14 security infosec hacker exploit trust blackhat d15a2b04
-1	rt amsenacum blackhat putlocker http t co tv3aesvqyb
-1	malwaretechblog let s call it a greyhat who has exfiltrated data from a blackhat s including toolkit and the pictures of boxes of cash
-1	i added a video to a youtube playlist http t co 8nzn8fszg0 blackhat official trailer sneak peek 2015 chris hemsworth movie hd
-1	need help with craigslist http t co ybsidnaytq
-1	bobby blackhat walters the blues ain t got me http t co i8itennom4 nowplaying listenlive
-1	blackhat movie premiere 2015 action movie get a copy jmaps http t co wm5gmemzjq
-1	visit http t co l203eb7xc0 blackhat seo bloggers
-1	rt qywesixajur 523 2015 movie preview pt 2 blackhat goodbye to language 3d
-1	rt blackhatevents have a cool idea for a blackhat t shirt submit a design for a chance to win a pass amp 2 hotel nights for bhusa 15 ht
-1	have a cool idea for a blackhat t shirt submit a design for a chance to win a pass amp 2 hotel nights for bhusa 15 http t co 3fmc8ztyxa
-1	watching blackhat let s see what michael mann gets right about the hacking community
-1	rt justinbieber blackhat and theweddingringer this weekend what theatre we going to yeah i spell theatre the canadian way the right
-1	rt justinbieber blackhat and theweddingringer this weekend what theatre we going to yeah i spell theatre the canadian way the right
-1	rt blackhatevents 1 day left to submit to bhusa call for papers submit by 4 17 for a chance to speak this year at blackhat in vegas ht
-1	rt blackhatevents 1 day left to submit to bhusa call for papers submit by 4 17 for a chance to speak this year at blackhat in vegas ht
-1	rt blackhatevents 1 day left to submit to bhusa call for papers submit by 4 17 for a chance to speak this year at blackhat in vegas ht
-1	1 day left to submit to bhusa call for papers submit by 4 17 for a chance to speak this year at blackhat in vegas http t co ecygncsrat
-1	http t co 7llsrjl4df review http t co v6y5yzywzw
-1	rt ecentauri beowulf___king blackhat_anon deatheatersholl anonymoush4krz ruukasu2005 sid_vicious999 anonstrikeback thank you for
-1	get your blog submitted to 2000 backlinks and directories for 10 http t co acmxd6p7jm
-1	i will manually do 30 pr9 safe seo high pr backlinks 2015 best results for 13 http t co 8mvqetmmdt
-1	xrumer expert 100 http t co prsvzcrzwn
-1	wtb vcc s http t co eitydswnua
-1	it s funny cause if i wanted to i could get so much information from all these people at this airport without them knowing blackhat
-1	list building for discount coupon http t co ytwvssteig
-1	rt blackhatevents battle of the skm and ium how windows 10 rewrites os architecture a brand new bhusa briefing by aionescu http t
-1	rt blackhatevents battle of the skm and ium how windows 10 rewrites os architecture a brand new bhusa briefing by aionescu http t
-1	battle of the skm and ium how windows 10 rewrites os architecture a brand new bhusa briefing by aionescu http t co jucdwvcnwc
-1	rt danceremix blackhat should skip itunes amp blu ray amp just come out on oral history
-1	hacker blackhat 2015 trailer hd legendado http t co zkhe6f9nyf
-1	blackhat and the virtues of style over substance http t co 1z6oysa8xy
-1	523 2015 movie preview pt 2 blackhat goodbye to language 3d
-1	i will add your link in 3xpr5 travel blog niche different ip for 5 http t co cyltdyv98d
-1	i will add your link in 3xpr5 travel blog niche different ip for 5 http t co uur8xrgvz3
-1	i will add your link in 3xpr5 travel blog niche different ip for 5 http t co 1vscw7sihz
-1	i will add your link in 3xpr5 travel blog niche different ip for 5 i will post your article guest post on http t co j8i4l4rvu5
-1	seo i will add your link in 3xpr5 travel blog niche different ip for 5 i will post your article guest post on http t co 0w78y3yfyv
-1	seo backlinks i will add your link in 3xpr5 travel blog niche different ip for 5 http t co trcqf06uhr via bluewatermarket
-1	seo i will add your link in 3xpr5 travel blog niche different ip for 5 http t co hdlaydac9o http t co esjbzatdss cashboards
-1	rt uwgbcheapseats check out blackhat starting chris hemsworth this weekend thursday sunday 6 30 and 9 05 uwgb uwgbphoenixclub
-1	i will add your link in 3xpr5 travel blog niche different ip for 5 i will post your article guest post on http t co tshwmmkmpw seo
-1	unlisted first yes or no flip in 24 hrs no matter what http t co eysdodkrs8
-1	mjmckean blackhat
-1	i will add your link in 3xpr5 travel blog niche different ip for 10 http t co hxo0hnxrcy
-1	blackhat submission is now in defcon next
-1	rt sid_vicious999 ecentauri beowulf___king blackhat_anon deatheatersholl anonymoush4krz ruukasu2005 anonstrikeback welcome bro
-1	rt ecentauri beowulf___king blackhat_anon deatheatersholl anonymoush4krz ruukasu2005 sid_vicious999 anonstrikeback thank you for
-1	ecentauri beowulf___king blackhat_anon deatheatersholl anonymoush4krz ruukasu2005 anonstrikeback welcome bro
-1	beowulf___king blackhat_anon deatheatersholl anonymoush4krz ruukasu2005 sid_vicious999 anonstrikeback thank you for following me
-1	blackhat_matt that s a big book
-1	facebook real guaranteed us uk and worldwide likes http t co 7nckk5tjtj
-1	bigbuddy ken presents ranking matters most powerful blog posts as low as 1 5 each http t co trdvrsgal4
-1	blackhat and the virtues of style over substance http t co dwudl7mfqh
-1	rt ritensasor blackhat soundtrack http t co 9wvfczxft5
-1	good one thanks pel culas express watching blackhat
-1	aloria ok i ll circle back to you later would you like tickets to our vip blackhat party
-1	happening now enterprise defense and why you re most likely doing it all wrong blackhatevents http t co 2twmipa1lg
-1	blackhat usa 2013 http t co k0ka82cvcr
-1	have you seen blackhat if you have what did you think of it http t co qfagl7b8v2
-1	authority vengeance premium quality authority sites with marketing sites with marketing start uph http t co atlnzndrib
-1	rt blackhatevents don t miss blackhat webcast on critical enterprise defense beginning at 11 00 pt today register for free now http
-1	blackhat_matt i don t know but where s the screaming gorilla
-1	rt turtmindmiti blackhat community http t co li5fiqbvih
-1	oh hey what s this chill saveisonyourside http t co rwn9rokjcl
-1	rt blackhatmovie hacker nicholas hathaway chrishemsworth hunts down a binary code designed for chaos amp destruction blackhat http t
-1	rt i0n1c is there a howto concerning blackhat usa submissions for 2 speakers blackhatevents the ui does not show anything
-1	rt blackhatevents don t miss blackhat webcast on critical enterprise defense beginning at 11 00 pt today register for free now http
-1	zzzzzz watching blackhat
-1	rt blackhatevents don t miss blackhat webcast on critical enterprise defense beginning at 11 00 pt today register for free now http
-1	rt blackhatevents don t miss blackhat webcast on critical enterprise defense beginning at 11 00 pt today register for free now http
-1	rt blackhatevents don t miss blackhat webcast on critical enterprise defense beginning at 11 00 pt today register for free now http
-1	don t miss blackhat webcast on critical enterprise defense beginning at 11 00 pt today register for free now http t co obruahfbfo
-1	bilgeebiri and on the opposite side of good films people hate resident evil retribution pompeii and blackhat are all modern classics
-1	bing cpa campaigns need help http t co kvrtpowvet
-1	technology partner s wanted online marketing amp seo http t co t3evpl6p5e
-1	wth c http t co crsjpvcgmv coder prefer to give the project to a company india indonesia only http t co jvrnakcgoz
-1	want to buy facebook coupons code http t co o4ipl7b6tx
-1	bobby blackhat walters honey biscuit http t co i8itennom4 nowplaying listenlive
-1	link removed seeweb hackingcontest scopri ora come partecipare al contest blackhat resurrection link removed
-1	blackhat trailer knocking on heavens door http t co yyn9curno4
-1	seeweb hackingcontest scopri ora come partecipare al contest blackhat resurrection http t co vrdqnirtwz
-1	rt skinroller enterprise defense and why you re most likely doing it all wrong https t co gha2o4yr1x
-1	enterprise defense and why you re most likely doing it all wrong https t co gha2o4yr1x
-1	is there a howto concerning blackhat usa submissions for 2 speakers blackhatevents the ui does not show anything
-1	rt justinbieber blackhat and theweddingringer this weekend what theatre we going to yeah i spell theatre the canadian way the right
-1	rt blackhatevents view a novel method for agent less real time volatile memory analysis at blackhat mobile security summit in london ht
-1	rt blackhatevents view a novel method for agent less real time volatile memory analysis at blackhat mobile security summit in london ht
-1	rt onapsis one hour until enterprise defense and why you re most likely doing it all wrong blackhatevents 11 00 am pst http t co 2
-1	rt onapsis happening today enterprise defense and why you re most likely doing it all wrong blackhatevents 11 00 am pst http t co
-1	rt onapsis one hour until enterprise defense and why you re most likely doing it all wrong blackhatevents 11 00 am pst http t co 2
-1	keltar93 thejoshl deggowaffles joshrosenfield i love jupiter ascending we were talking about blackhat
-1	rt fawetthari blackhat defcon http t co ftvwglawng
-1	one hour until enterprise defense and why you re most likely doing it all wrong blackhatevents 11 00 am pst http t co 2twmipa1lg
-1	deggowaffles joshrosenfield thejoshl its nothing like jupiter ascending which is a blast from start to finish blackhat is a snoozefest
-1	rt thejoshl ok i guess i ll join the star wars hype this morning but just know i d rather be watching blackhat again tbh
-1	marketing blackhat learn to market on the internet with these tips 32info so you have g http t co hmtoi2hbp8 wordpressdotcom
-1	thejoshl i heard blackhat wasn t that good
-1	ok i guess i ll join the star wars hype this morning but just know i d rather be watching blackhat again tbh
-1	with blackhat though looks like they googled for a minute or two before writing the script
-1	bhw 1 social bookmarking service pr 3 plus starting from 6 100 authorizing varieties of high pr so http t co aslovl7qxu
-1	bhw 1 social bookmarking service pr 3 plus starting from 6 100 authorizing varieties of high pr so http t co ubomxsikxb
-1	blackhat dc 2015 http t co 9ppt2h2ywz
-1	blackhat vapor http t co yymsuaoigb
-1	deggowaffles watch blackhat if you re ever having trouble sleeping because its a great cure for insomnia
-1	unironic tweet of the morning i haven t seen blackhat yet so it s technically one of my most anticipated movies of the year
-1	deggowaffles callmeroy88 schmoesjte blackhat is definetly one of his best fil chokes to death
-1	rt thejoshl bilgeebiri blackhat is love blackhat is life
-1	bilgeebiri blackhat is love blackhat is life
-1	rt blackhatevents core system lockdown to server application defense learn to protect a linux system with jaybeale s bhusa training ht
-1	rt parttimesecguy https t co umr3kk4pdw switches get stitches takes on las vegas blackswanburst risk_cambridge robertmlee ioacti
-1	blackhat nowwatching
-1	sarahcpr money of course and the nature of cool as well as geopolitics nature nurture coke pepsi and blackhats blackhat
-1	nw blackhat
-1	rt blackhatevents announcement the first 5 blackhat usa briefings are live check out a few early selections for bhusa here http t
-1	do you use blackhat or whitehat strategies in your persuasive design techreview http t co jtnpbecvla
-1	rt blackhatevents core system lockdown to server application defense learn to protect a linux system with jaybeale s bhusa training ht
-1	blackhat http t co nlkavtzin0 blackhat blackhatseo tweet 5579 http t co dguupnttyr
-1	watching blackhat
-1	rt chadtilbury i know you want me unplugging plugx by my friends cci_forensics and herosi_t http t co lpzbd2huii dfir
-1	1 blackhat blu ray blackhat blu ray chris hemsworth attore viola davis attore michael mann regista http t co su04wdba5u
-1	top demais assistindo blackhat
-1	rt blackhatevents core system lockdown to server application defense learn to protect a linux system with jaybeale s bhusa training ht
-1	rt blackhatevents core system lockdown to server application defense learn to protect a linux system with jaybeale s bhusa training ht
-1	blackhat m mann recensione http t co wdynjr3ddv blackhat michaelmann recensioni film
-1	rt blackhatevents core system lockdown to server application defense learn to protect a linux system with jaybeale s bhusa training ht
-1	rt alexheid sign up for hands on exploit development with georgiaweidman at blackhatusa mobile hack https t co ss5rplyo30 http
-1	rt blackhatevents core system lockdown to server application defense learn to protect a linux system with jaybeale s bhusa training ht
-1	core system lockdown to server application defense learn to protect a linux system with jaybeale s bhusa training http t co njrjbbrx9g
-1	i will add your link on pr7 technology niche blog for 15 http t co c958f4zfnb
-1	i will add your link on pr7 technology niche blog for 15 http t co bk8pcfsppc
-1	rt matchcolldito blackhat hacking http t co oba0gpbd13
-1	seo backlinks i will add your link on pr7 technology niche blog for 15 http t co w8z31evfnu via bluewatermarket
-1	rt chadtilbury i know you want me unplugging plugx by my friends cci_forensics and herosi_t http t co lpzbd2huii dfir
-1	i will add your link on pr7 technology niche blog for 15 http t co 75kg9yejtj seo services
-1	blog spam blackhat europe cyber crime war
-1	rt srw_deepsecure interesting talk https t co lvbwsqzykj patching not an option for scada that s why guards are needed iguanasecurity
-1	it s back to the future governments are behaving more like blackhat coders as they struggle to regulate cyberspace http t co 45fng0xm3p
-1	rt ritensasor blackhat soundtrack http t co 9wvfczxft5
-1	blackhat affiliate marketing is out http t co jsoli3ms3c
-1	rt cam_with_me hinricho its not promotion but pure blackhat scam they provide 0 traffic amp income comes grabbing traffic from those they
-1	jaymack9 tsargirl anonops_live archeryp frillox ntisec jay mack 2 0 now with more blackhat
-1	i swear on a stack of blackhat scripts this is a true story
-1	hinricho its not promotion but pure blackhat scam they provide 0 traffic amp income comes grabbing traffic from those they claim to promote
-1	if double featuring blackhat and citizen four is wrong i am distraught by the letters w t f
-1	rt anonymousvideo watch thehackerwars 3 99 on amazon http t co ehwbpoecr5 anonymous freejeremy freebb freeanons lulzsec http
-1	offer instant affiliate commissions and jv partners http t co xixgolbiyv
-1	success for 3 days http t co j6tjsfssho
-1	majesticseo making me crazy http t co d2p87m7ogc
-1	happening today enterprise defense and why you re most likely doing it all wrong blackhatevents 11 00 am pst http t co 2twmipa1lg
-1	and i m on the bleachers instastyle instashoot blackandwhite blackhat style photoshoot https t co a28dw9pdw8
-1	fart takes pictures of kung tarantula likes justin timberlake does twitter get spaceship sara s secrets blackhat sheepy counterstrike
-1	southern goodfellas seeks producer michaelmann lamayor blackhat greenlighthollywood filmla tff2015 thetrap http t co fcveko4lob
-1	dvd attack of this week super fast the night crew blackhat the motorman curse let us prey http t co gs7vgdxvgw
-1	dvd ing dulu blackhat at dinesh new house https t co vvk1bf3azj
-1	watching blackhat https t co a8g0wbswou
-1	rt comreiportde blackhat watch free online http t co jboc8iearc
-1	any of you guys going to this blackhat conference i will be in attendance and willing to exchange a beer for conversation
-1	blackhat https t co g7nuix1qs6
-1	jprodgers i saw a badge someone had at blackhat 2013 where they said their name was staff all access
-1	blackhat movie chrishemsworth
-1	watching blackhat https t co 70xikjvsmh
-1	watch chris hemsworth battle cyber criminals in new blackhat http t co hzrkbxwn3x
-1	watching blackhat https t co 2qdvxgoeyz
-1	bobby blackhat walters grim reaper http t co i8itennom4 nowplaying listenlive
-1	rt mutucuhyneji 523 2015 movie preview pt 2 blackhat goodbye to language 3d
-1	watching blackhat https t co hk22adv7q4
-1	gccs2015 it s very educational for the public though current tv shows like thefollowing are showing a real good scenerio of a blackhat
-1	rt bhwhaf need someone to remove russian pharma hack from wordpress site http t co uoyehs3agx
-1	adv rank your website on google to maximize ur sales amp leads no blackhat 100 satisfation seo expert team quality services 03122029391
-1	need aged addmefast account points doesn t matter http t co smjpigeqgi
-1	wanted to buy facebook account with friends passed face match verification http t co z9evofxsgj
-1	how much damage will you link have when its link on a page whith viagra casino drugs etc http t co s52ztseqsc
-1	how to make my website pci compliant http t co 9bgapualvx
-1	provide health related sites http t co j8zytre26a
-1	watching blackhat with risca at home https t co m8lk7e1py5
-1	marketing blackhat whats cpc and how does it works its work best answers http t co gjwxrlgind wordpressdotcom
-1	rt parttimesecguy https t co umr3kk4pdw switches get stitches takes on las vegas blackswanburst risk_cambridge robertmlee ioacti
-1	if double featuring blackhat and has no place being deployed here without clear privacy safeguards
-1	seo backlinks create adsense amazon ready weddings video niche site for 50 http t co tcvkyzypko via bluewatermarket
-1	interesting considering how many of their sellers offer blackhat seo gigs gt gt how fiverr s seo strategy evolved http t co 6w1bmtuzsv
-1	create seo backlinks on niche blogs for 23 http t co 0qmsfyf6l0
-1	rt need8seo seo create adsense amazon ready weddings video niche site for 50 instantly create your own complete astronomy http t co
-1	blackhat underground http t co qbekf0igxg
-1	create adsense amazon ready acne video niche site for 50 instantly create your own complete acne video site http t co i9jekwywjp
-1	seo create adsense amazon ready acne video niche site for 50 instantly create your own complete acne video site http t co 26ai3l2aks
-1	rt tyqavagyo blackhat looks terrible http t co twafzxzak2
-1	create adsense amazon ready weddings video niche site for 50 http t co oxupirxzne
-1	watching blackhat with gichy https t co 3qswpwvdf7
-1	gbcheapseats is showing blackhat get your tickets down in the club check out the trailer here http t co paeg6nwy34
-1	rt adi1391 learn how to hack internet of things iot security at blackhatevents us 15 training http t co ijkvehik4v by aseemjakha
-1	escort juice you shouldn t fart mosaic cow farts fart full of seeing murraycoin winnie the pooh fart yay i m blackhat japan
-1	thanks movie http t co wblqexsd6j blackhat 2015 bro sis http t co hcwwvgdoik
-1	rt lexaniji criteria to wirk with cpa network http t co qgnr64a7r8
-1	rt alexheid sign up for hands on exploit development with georgiaweidman at blackhatusa mobile hack https t co ss5rplyo30 http
-1	watching blackhat https t co 3bvomnnojr
-1	rt amsenacum blackhat putlocker http t co tv3aesvqyb
-1	geve you super fast active 10000 twitter followers for 15 http t co m2krmwiiom
-1	diegogite eso me imaginaba boyhood stigmata blackhat
-1	do you think your seoagency performs white hat trust me there is nothing called whitehat seo if you build links its blackhat
-1	movie time blackhat 2015
-1	create 31000 forum backlinks using xrumer for 23 http t co gdnh93ytu3
-1	adv rank your website on google to maximize ur sales amp leads no blackhat 100 satisfation seo expert team quality services 03122029391
-1	blackhat blackhat https t co f3k1aw6p3n
-1	blackhat community review amp discount luke martinez http t co dcdxe9a4t3
-1	rt adi1391 learn how to hack internet of things iot security at blackhatevents us 15 training http t co ijkvehik4v by aseemjakha
-1	rt adi1391 learn how to hack internet of things iot security at blackhatevents us 15 training http t co ijkvehik4v by aseemjakha
-1	rt adi1391 learn how to hack internet of things iot security at blackhatevents us 15 training http t co ijkvehik4v by aseemjakha
-1	523 2015 movie preview pt 2 blackhat goodbye to language 3d
-1	bobby blackhat walters i didn t do enough http t co i8itennom4 nowplaying listenlive
-1	how do i increase my cpc with adsense http t co ytiq3tuzdc
-1	i need an ip that has me in china where to go http t co xsynpmyx2h
-1	anyone here supply facebook ads coupon http t co mcftu1pso6
-1	etsy stealth unsuccessful http t co 3qfo7sveiy
-1	rt amsenacum blackhat putlocker http t co tv3aesvqyb
-1	rt jmichel_p so in blackhat movie a linux computer is hacked by an autorunf inf file running a broken mach o file sounds the right w
-1	rt blackhatmovie hacker nicholas hathaway chrishemsworth hunts down a binary code designed for chaos amp destruction blackhat http t
-1	google plus for business blackhat http t co wvsznnmkuq
-1	amazon reviewer needed http t co avxprguiqg
-1	need bot http t co atpguhzqi4
-1	rt orenhafif same origin method exec talk by benhayak from blackhat 2014 is now public https t co uccncedca0
-1	rt orenhafif reflected file download talk from blackhat 2014 is now public https t co mv7nnymsox
-1	hacker again blackhat https t co ut83x2v963
-1	menonton blackhat
-1	watching blackhat https t co weshmfjaoe
-1	watching blackhat https t co lafmgwnacu
-1	watching blackhat with a bias that viola davis is wearing a wig
-1	rt behalidakiq 523 2015 movie preview pt 2 blackhat goodbye to language 3d
-1	blackhat
-1	blackhat http t co nlkavuhjey blackhat blackhatseo tweet 5561 http t co 4rddrqxr5r
-1	i will manually do 30 pr9 safe seo high pr backlinks 2015 best results for 13 http t co 7dzyayv8m9
-1	rt blackhatevents blackhat arsenal call for tools is open for bhusa 2015 submit by may 15th for a chance to demo in vegas http t co
-1	rt toolswatch blackhat arsenal usa 2015 call for tools just opened http t co 5utlvhglqk submit now til 15th of may that s rock
-1	glenncocoa__ um yeah blackhat
-1	are politicians keyword stuffing manifestos balance the books broadest shoulders amp works for working families seo blackhat twats
-1	blackhat lol
-1	chris hemsworth blackhat with tasya https t co yuyjcbzq1s
-1	rt ramtighblumceb blackhat whitehat http t co d7b5uakzup
-1	watching blackhat
-1	rt giluvywevyp 523 2015 movie preview pt 2 blackhat goodbye to language 3d
-1	watching blackhat https t co kthhl1pxqw
-1	nw blackhat
-1	rt racermidddebt blackhat online vidbull http t co vxvwqpboax
-1	rt jmichel_p so in blackhat movie a linux computer is hacked by an autorunf inf file running a broken mach o file sounds the right w
-1	rt mdowd the first few accepted talks for bh usa have been announced https t co byq1ah2yaf
-1	blackhat https t co b9tc4jyrq3
-1	bobby blackhat walters put on your red shoes http t co i8iten5mxu nowplaying listenlive
-1	bangaladesh hackers take down google malasyia domain hacking hacked linux security internet website blackhat privacy
-1	watching blackhat https t co pzgiyarq34
-1	watching the blackhat movie again better than csi cyber
-1	watching blackhat with dimas https t co gcltjhuyzg
-1	blackhat x265 http t co 4tl9kec0re
-1	temporarily blocked for 30 days http t co cbnwkv3ya4
-1	freebies giveaways free 2 amazon reviews amp blog post links on my web 2 0 http t co 34ufdydqql
-1	push negative link http t co 1fwkkbi3vb
-1	where the heck is the global wizard settings http t co nyjmirxm1w
-1	help amazon seller needs help in a few things http t co 8lwxbyozhp
-1	blackhat 2015 http t co etx9eyxkpi
-1	ungagged london good sightseeing options http t co ygip4nkk21
-1	blackhat yify http t co tmscmddr3a
-1	blackhat blu ray release date http t co hlkq0fztvj
-1	an illustrated history of blackhat seo http t co csrglc8b0h
-1	rt amsenacum blackhat putlocker http t co tv3aesvqyb
-1	rt iridium_blacker daeshbags https t co keml7ihffx https t co g8pfbkto3a https t co 7jdjzuqvyo iceisis targets
-1	still ain t been able to watch blackhat all the way through
-1	rt blackhatevents make a bigger impact against adversaries using cyber threat intelligence bhusa training by adam_cyber http t co c
-1	rame nihhhh blackhat https t co p1k9qwocdz
-1	drnicomartini at this point for a time sensitive event i m putting on my greyhat blackhat on and hustling by any means necessary
-1	rt amsenacum blackhat putlocker http t co tv3aesvqyb
-1	blackswanburst you have hands down the best bio https t co p3vvczcslq it makes me embarrassed of my own lol well done
-1	rt iridium_blacker daeshbags https t co dub0ecwhn2 https t co kombsmrvpu https t co qpqpxut94j iceisis targets
-1	rt trutherbot the dea has been secretly buying hacking tools from an italian company http t co keqvb9deji
-1	rt trutherbot dark matter map unveils first results http t co a5sxp2hteh
-1	blackhat hacking http t co oba0gpbd13
-1	rt iridium_blacker daeshbags https t co pmncxlm26e https t co zi9rq0zpdx https t co dst2eq2cds iceisis targets
-1	watching blackhat https t co pnws6ffkpt
-1	rt viceanonnews van lols the irony of commanderxanon s websites serving drive by malware as he egofags over blackhat movie quote htt
-1	rt nynewschannel open source car hacking kit will be announced in blackhat asia conference http t co r2nxqzlaix
-1	rt doitoshintech open source car hacking kit will be announced in blackhat asia conference http t co zewdyz8arf
-1	rt knowledgebases open source car hacking kit will be announced in blackhat asia conference http t co 6qhsrdw4xt
-1	trying really hard to get through blackhat but even shirtless chrishemsworth isn t distracting enough to overlook the awful boringness
-1	open source car hacking kit will be announced in blackhat asia conference http t co r2nxqzlaix
-1	open source car hacking kit will be announced in blackhat asia conference http t co 6qhsrdw4xt
-1	open source car hacking kit will be announced in blackhat asia conference http t co zewdyz8arf
-1	i know how to hack a car da1duc hacking blackhat
-1	refer u to an underground membership launch of top 21 softs seo marketers dream for 30 http t co njmndo9uti
-1	rt mdowd the first few accepted talks for bh usa have been announced https t co byq1ah2yaf
-1	watching blackhat good night
-1	so who really knows how to hack a car blackhat reverseengineering wantstotinker fakehack tuning hacking
-1	nw blackhat http t co jzu6mbxygg
-1	watching blackhat https t co wesqerfqth
-1	rt blackhatevents make a bigger impact against adversaries using cyber threat intelligence bhusa training by adam_cyber http t co 7
-1	joliesoleil raffohouse airesybenson blackhat esta re bien
-1	watching blackhat https t co lpi83u8vay
-1	geve you super fast active 10000 twitter followers for 15 http t co n7ne9xkqfa
-1	watch blackhat click http t co sdegqtbqvo http t co pnszujmskg
-1	rt ramtighblumceb blackhat whitehat http t co d7b5uakzup
-1	self hosting can it be done http t co 1feamqzzuo
-1	who wants to make 10 http t co zpf8qyk1sn
-1	program to post pictures to instagram http t co ipqom7huk4
-1	adcash a few questions http t co uz1z32fiap
-1	service add member usa to facebook group http t co ehfkqr6umz
-1	rt dismotana blackhat star http t co ldxtc0azd1
-1	nm_edm yes i can make this tonight cctf edm we will see how it goes infosec a team blacklivesmatter blackhawks of plur blackhat
-1	blackhat gt lunch gt study gt awaits their arrival gt dinner my plan for the day hopefully
-1	nisha_1991 chrishemsworth he was also fantastic in the movie blackhat
-1	blackhat star http t co ldxtc0azd1
-1	rt tingcusbiggcons blackhat google adsense http t co udf9xyerez
-1	nm_edm centcom our passenger let her go kygomusic remix https t co loot4mocyp cctf edm infosec a team blackhawks of blackhat
-1	service add member usa to facebook group http t co ewxo0tcysv
-1	rt erprecverqui blackhat javascript http t co gbck7xuyf8
-1	rt blackhatevents just 3 days left to submit your proposed talks for blackhat usa 2015 time to commit deadline friday april 17 http
-1	rt blackhatevents just 3 days left to submit your proposed talks for blackhat usa 2015 time to commit deadline friday april 17 http
-1	favourite the other half of your own tweets and sure i will blackhat_kill
-1	aloria please do your dlp bake off session at the last blackhat was really neat
-1	looks like the habs want to win the cup the bobby clarke way subban eller kharlamov blackhat
-1	rt orenhafif reflected file download talk from blackhat 2014 is now public https t co mv7nnymsox
-1	rt orenhafif same origin method exec talk by benhayak from blackhat 2014 is now public https t co uccncedca0
-1	ultimate seo strategies of 2015 what works whitehat and blackhat must see http t co 2euncmzsat
-1	i will ping and submit your website or blog to over 1800 search engines for 1 https t co jnkw6xlfus
-1	rt blackhatmovie blackhat hacker a hacker who violates computer security for little reason beyond maliciousness or for personal gain ht
-1	rt blackhatevents view a novel method for agent less real time volatile memory analysis at blackhat mobile security summit in london ht
-1	rt justinbieber blackhat and theweddingringer this weekend what theatre we going to yeah i spell theatre the canadian way the right
-1	rt honeyblade1s mastaofmp3s plastik__symbio flyingshadowz dbeatross edcoop5000 bdsits123 oatcake1967 blackhat_anon amazing pictur
-1	blackhat http t co kbrqkfn4ad
-1	girls in russian high school play doing a erotic dancing twerking weheart it bot software development qu http t co trkkj4asra
-1	girls in russian high school play doing a erotic dancing twerking weheart it bot software development qu http t co dhcgb22qka
-1	blackhat 2015 movie was total rubbish
-1	200 cpa leads a day no blackhat by crazysmitty we are looking for http t co pwwqk44j8l freelance job
-1	enumerating the currently executing query context with sql injection http t co 2dqemhkgvv submitted by asthmaticninja link comment
-1	blackhat_kill that s really cool good job
-1	publishing fiction on kindle a year in and it works http t co ymjj5kss46
-1	blackhat
-1	that movie blackhat gt gt gt gt
-1	rt mdowd the first few accepted talks for bh usa have been announced https t co byq1ah2yaf
-1	watching blackhat https t co akogqx1zya
-1	rt orenhafif reflected file download talk from blackhat 2014 is now public https t co mv7nnymsox
-1	just me casual like in an empty subway car photo by joshuajanke blackhat vintagemugler https t co cbhja1nfzv
-1	email opt in form gt http t co aq0xudqoiq
-1	freelance marketing jobs 200 cpa leads a day no blackhat by crazysmitty http t co xzagusfua9
-1	freelance marketing jobs 200 cpa leads a day no blackhat by crazysmitty http t co xzaguryjbz
-1	time to watch blackhat
-1	rt racermidddebt blackhat online vidbull http t co vxvwqpboax
-1	rt blackhatevents view a novel method for agent less real time volatile memory analysis at blackhat mobile security summit in london ht
-1	any new fresh us or canadian leeds http t co lstu4rwer5
-1	ppl dating affiliate programs http t co y06d29sxoo
-1	want a good promotion http t co awke4snoap
-1	weekly reach http t co 8frudwzd46
-1	reddit groupe upvotes http t co ktnvdybyyd
-1	200 cpa leads a day no blackhat by crazysmitty http t co 2w2pck0olj
-1	empleo job 200 cpa leads a day no blackhat by crazysmitty we are looking for experienced providers that http t co ddfylzyq2z
-1	empleo job 200 cpa leads a day no blackhat by crazysmitty http t co kokxgtju97
-1	geve you super fast active 10000 twitter followers for 15 http t co csmpmxqvfz
-1	infosecpepe which talk the blackhat one or the ones i ve done
-1	hughkdavid the worst place on earth bbc world http t co 1ekaqk95vb blackhat
-1	couchpotato found 20 releases for blackhat before eta select and download via the dashboard redostrike
-1	blackhat im http t co 1bnxb5m52l
-1	patricksprague that they re blackhat frowned upon and get get you banned from google s apps
-1	523 2015 movie preview pt 2 blackhat goodbye to language 3d
-1	rt mdowd the first few accepted talks for bh usa have been announced https t co byq1ah2yaf
-1	rt mdowd the first few accepted talks for bh usa have been announced https t co byq1ah2yaf
-1	makj amp m35 go showtek edit out now https t co 9dxyno99q8 cctf dailythoughtsin4words if you dont dig edm infosec plur blackhat
-1	rt orenhafif reflected file download talk from blackhat 2014 is now public https t co mv7nnymsox
-1	rt mdowd the first few accepted talks for bh usa have been announced https t co byq1ah2yaf
-1	man blackhat_matt made my afternoon
-1	rt orenhafif reflected file download talk from blackhat 2014 is now public https t co mv7nnymsox
-1	big love to the blackhat dude americansahara for just being awesome always a pleasure playing co host with you atqa
-1	rt orenhafif same origin method exec talk by benhayak from blackhat 2014 is now public https t co uccncedca0
-1	seo backlinks refer u to an underground membership launch of top 21 softs seo marketers http t co dupqiwtsom via bluewatermarket
-1	good morning get your hat on peeps it s a beautiful day carolynunwin wearahat blackhat https t co ad8fsdedtf
-1	seo refer u to an underground membership launch of top 21 softs seo http t co u51ih83dtm http t co esjbzatdss cashboards
-1	rt vishnevetsky reminder 1 the plot of blackhat is in the opening of michael mann s mercedes benz commercial https t co stqn1zwkxc
-1	refer u to an underground membership launch of top 21 softs seo marketers dream for 20 one time there has http t co 2pvmx4rrlf
-1	seo refer u to an underground membership launch of top 21 softs seo marketers dream for 20 one time there http t co ljowswpwwt
-1	nycgreenfield hunterw mta what the kid s a blackhat
-1	rt orenhafif same origin method exec talk by benhayak from blackhat 2014 is now public https t co uccncedca0
-1	rt orenhafif reflected file download talk from blackhat 2014 is now public https t co mv7nnymsox
-1	rt orenhafif reflected file download talk from blackhat 2014 is now public https t co mv7nnymsox
-1	rt orenhafif same origin method exec talk by benhayak from blackhat 2014 is now public https t co uccncedca0
-1	variety i d make sure he keeps the cost down blackhat
-1	rt inucovsi blackhat firearms http t co 2q2uxyfuon
-1	i saved a youtube playlist http t co zuewxxwmdz blackhat
-1	rt robertmlee very excited to be accepted to present at black hat this year with blackswanburst and parttimesecguy https t co yvmny8
-1	dreamformation you re some white knight skiddie faggot protest era cancerfag who is convinced he s a sp00ky blackhat hacker you are a joke
-1	rt blackhatevents view a novel method for agent less real time volatile memory analysis at blackhat mobile security summit in london ht
-1	refer u to an underground membership launch of top 21 softs seo marketers dream for 20 http t co 0zqx6bk6u0
-1	refer u to an underground membership launch of top 21 softs seo marketers dream for 20 http t co ye1gxkqpgw
