-1	danny collins turns out to be a great role for the great al pacino and well worth the price of admission http t co y8xnxwfoso
-1	movie review danny collins http t co 1wy2k3xd5q film movie review via humortimes
-1	jasonplo acoolhandfluke i said danny collins was above my expectations not that it was earthshattering i stand by that
-1	danny collins 2015 http t co n7hlkz0k3n
-1	acoolhandfluke danny collins now prolly true story i m the youngest person here by a few generations so my kinda crowd
-1	katetandyy danny collins hatrick to win 7 0 springs to mind
-1	danny collins f u l l m o v i e http t co cfjvvmuonu via youtube
-1	danny collins is awesome please come on down to see al pacino in his latest role as danny collins http t co khs7olh6qa
-1	susan granger at the movies danny collins furious 7 while we http t co yacusjmeyj
-1	danny collins http t co 2x2qh4gboj
-1	rt nazriahmadeus danny collins dannycollins klipsmalaysia http t co fulghca1ky
-1	danny collins dannycollins klipsmalaysia http t co fulghca1ky
-1	our date night movie award goes to danny collins grade a in its production values editing and music take http t co cg238xzuuk
-1	danny collins aging rockstar trying to reconnect with his family lennon s letter amp post beatles songs heartwarming 9 10 akemmovierating
-1	rt monvoudinmehr danny collins buses http t co g5exwgxbn3
-1	movie review danny collins http t co 1wy2k3xd5q film movie review via humortimes
-1	april 18 sat 7pm danny young on bass and tom collins on guitar watermark ventura http t co palettoro3
-1	danny collins kid mccoy http t co syixhhbfy0
-1	danny collins damn good movie give pacino anything to work with and he ll deliver
-1	77 danny collins rottentomatoes http t co fxhfg87xrv
-1	77 danny collins rottentomatoes http t co o8qidk1zvy
-1	danny collins a rich guy with a heart of gold golden screen cinemas gsc in kuala lumpur wp kuala lumpur https t co zt43pswthj
-1	77 danny collins rottentomatoes http t co nmrktnvxau
-1	77 danny collins rottentomatoes http t co dw71kcmpth
-1	cinderella at 2 00 5 00 danny collins at 7 00 9 30
-1	http t co 8wotl6lg1q danny collins official http t co kypxia5noa collins danny garner jennifer movie official pacino trailer
-1	joe and i took each other to see danny collins pacino s new film and really enjoyed it it s a feel good film http t co g8rqyln18u
-1	rt thebostonpilot please rt catholic moviereview danny collins http t co 2pmlicxrlz catholic http t co w32uvlgrbm
-1	rt thebostonpilot please rt catholic moviereview danny collins http t co 2pmlicxrlz catholic http t co w32uvlgrbm
-1	danny collins http t co rzov9qagq3 alpacino annettebening bobbycannavale christopherplummer dannycollins jennifergarner
-1	going to watch danny collins in a bit
-1	boomeon movie review danny collins http t co h7ji3q2yer loisaltermark boomers
-1	please rt catholic moviereview danny collins http t co 2pmlicxrlz catholic http t co w32uvlgrbm
-1	danny collins al pacino http t co xlkjp94xzv
-1	showing today while we re young 12 15 2 30 5 00 7 30 danny collins 2 45 6 00 8 15 woman in gold 12 00 2 15 7 45
-1	movie review danny collins http t co 1wy2k3xd5q film movie review via humortimes
-1	rt gtheatre danny collins starts friday avengers tickets on sale now constantcontact http t co ckjpxypy7l
-1	in lieu of anything saw danny collins today which turned out timely and apropos
-1	rt skizzymars they hear what they want to hear
-1	movie review danny collins http t co 1wy2k3xd5q film movie review via humortimes
-1	sad because luis is in afghanistan and danny is in fort collins
-1	just saw erin s latest film danny collins as always her art direction was perfect especially the https t co wqsuygkdxf
-1	danny collins http t co rzov9qagq3 alpacino annettebening bobbycannavale christopherplummer dannycollins jennifergarner
-1	bobbycannavale thought you should hear how amazing you are in danny collins seriously i want to put an oscar on it
-1	rt vanobserver you feel connected to everything around you read the review of all the time in the world http t co k2965iqprs http
-1	rt rattmorrsi1986 danny collins arrest http t co v7iavtqzcd
-1	you feel connected to everything around you read the review of all the time in the world http t co k2965iqprs http t co jf5i1pmrai
-1	melissa y josh peck en danny collins http t co 8szpgsl3fs
-1	just watched danny collins fantastic al pacino is great 2 thumbs up
-1	film review podcast danny collins louisvilleky http t co l1j2oxa7fv
-1	film review podcast danny collins louisvilleky http t co b76pxctzsp
-1	just saw danny collins beat my expectations would recommend seeing it
-1	as the aging pop star of danny collins al pacino is better than he s been in a v club http t co teertohtuh
-1	love danny collins
-1	the 2015 nfl draft s 5 safest players sb nation http t co 0klzlol869
-1	saturday woman in gold 145 415 645 910 danny collins 130 4 7 910
-1	danny collins pull m o v i e https t co grtxwdgfte via youtube
-1	rt biilionaires let s go see the world http t co 8wv539c7e3
-1	rt biilionaires secret caverns in thailand http t co lrhloenahg
-1	rt theladbible how to keep metal from rusting http t co smwcglswfk
-1	danny collins looks very intriguing
-1	woman in gold wild tales danny collins furious 7 now playing plus special events bolshoi ballet ivan the http t co ynra3yyqse
-1	boxoffice 9 danny collins 1 48m http t co v9u9iolvpf
-1	i just watch danny collins with al pacino very good movie https t co y5yuiouesk http t co cakauo4ikt
-1	danny collins http t co rzov9qagq3 alpacino annettebening bobbycannavale christopherplummer dannycollins jennifergarner
-1	danny collins rated r 1 hour 47 minutes starring al pacino annette bening bobby cannavale amp jennifer garner http t co ndtezswihr
-1	danny collins production http t co v9wjizteov
-1	rt btscali have you seen the movie danny collins yet it s in theaters everywhere great flick spoiler alert https t co xgzvqihrau
-1	have you seen the movie danny collins yet it s in theaters everywhere great flick spoiler alert https t co xgzvqihrau
-1	baldbryan thanks for the movie rec bryan danny collins was incredible way better than the 78 critics score
-1	sinopsis film danny collins 2015 http t co gej0vkbwdi http t co zcqi0hpb7n
-1	rt monvoudinmehr danny collins buses http t co g5exwgxbn3
-1	here s my current movie wish list the salt of the earth lambert amp stamp true story danny collins child 44 ex machina the road within
-1	about to see danny collins review to follow http t co up6a3fpqdx
-1	loved danny collins al pacino and christopher were wonderful
-1	aliciamalone just imagine kristian singing the danny collins song lol
-1	the movie danny collins worth watching http t co lpow9javf4
-1	alpacinoreal danny collins is outstanding
-1	alpacinoupdate danny collins outstanding today opening
-1	oh my goddess danny collins what a great movie when pacino is good he s great and he is great wow
-1	rt etasbeting danny collins facebook http t co sste374wnz
-1	drinks after the movie danny collins great afternoon http t co 1mnelcnefk
-1	rt rathodogug danny collins hazard ky http t co ayselje1om
-1	danny collins alabama http t co qqoeowzqfn
-1	movie review danny collins http t co 1wy2k3xd5q film movie review via humortimes
-1	danny_shelton55 nathanzegura jrcherry3 i think collins is more pro ready amp can impact g and t but flowers is a dynamic natural athlete
-1	movie review danny collins shines with excellent performances http t co egety7aoxj
-1	movie review danny collins shines with excellent performances http t co xtdknpkddk
-1	danny collins robin looks at the new film starring al pacino http t co mzvhdz6xlj
-1	up to get danny_shelton55 at whatever cost 12 and 16 1st then ereck flowers or lael collins at 19 bwra at 44 nathanzegura jrcherry3
-1	ironmankev danny_33 almost as bad as the two hander i give buddy collins up ball hockey that time golfswing
-1	rt bleeckerstfilms happy birthday jennifergarner see her in danny collins now playing http t co qszcbqkslr
-1	rt gclabes james halcomb hollywood royalty give raw real performance in danny collins http t co txlfs2wrqt via kyforward
-1	rt gclabes james halcomb hollywood royalty give raw real performance in danny collins http t co txlfs2wrqt via kyforward
-1	showing tonight while we re young 5 00 7 30 danny collins 6 00 8 15 woman in gold 7 45
-1	looking at weekend movie times danny collins is on my list riweekend
-1	danny collins al pacino http t co 7m8ppcliyb
-1	danny collins http t co rzov9qagq3 alpacino annettebening bobbycannavale christopherplummer dannycollins jennifergarner
-1	danny collins official trailer 1 al pacino jennifer garner movie hd http t co axeqirhmyf http t co gjccguflnw
-1	http t co c4ladnorrz danny collins official trailer 1 al pacino jennifer garner movie hd http t co xmwcrqd65d
-1	happy birthday jennifergarner see her in danny collins now playing http t co qszcbqkslr
-1	film review danny collins http t co pc91873v5x via is outstanding
-1	rt rattmorrsi1986 danny collins arrest http t co v7iavtqzcd
-1	rt elevation_pics al pacino is danny collins now playing fbf dannycollinsmovie http t co prvlim7psi
-1	al pacino is danny collins now playing fbf dannycollinsmovie http t co prvlim7psi
-1	rt rathodogug danny collins hazard ky http t co ayselje1om
-1	looking for a date night movie our film critic says danny collins is a great choice http t co xpojdgcmto http t co kyd2gu4wcw
-1	film review danny collins http t co 0qun4pcn2x noirnews
-1	aysglkrdgg danny collins
-1	jbendezu danny collins a nadaaaaaa
-1	rt nfldraftscout landon collins not going rd1 is one of those surprise draft day things that wouldn t really be a surprise
-1	now playing paul blart mall cop 2 the longest ride furious 7 woman in gold and danny collins enjoy our specials http t co mar05j0wtm
-1	rt winnoderbuck danny collins ipswich http t co hyaaei1eb7
-1	now playing paul blart 2 the longest ride furious 7 woman in gold get hard and danny collins enjoy our specials http t co s0rr0uepn9
-1	al pacino danny collins
-1	rt brissabradfield danny waldack you are a legend
-1	loisaltermark al pacino is a rock star seeking redemption accompanied by the music of john lennon http t co jy2aeerlfu movienight
-1	the 2015 nfl draft s 5 safest players sb nation nfl http t co dpdsquv8jj
-1	rt sbnationnfl there are five players nfl teams can be absolutely confident in drafting this year http t co kjriw3z5wc http t co wt8
-1	the 2015 nfl draft s 5 safest players sb nation http t co kxvpdrj21c
-1	the 2015 nfl draft s 5 safest players sb nation http t co ycmbtttqeg
-1	rt sbnationnfl there are five players nfl teams can be absolutely confident in drafting this year http t co kjriw3z5wc http t co wt8
-1	the 2015 nfl draft s 5 safest players sb nation http t co ct4akiaaqj nfl
-1	rt momstart now on momstart movie review danny collins http t co 2bkfv1lwbo
-1	rt momstart movie review danny collins go see it storyline inspired by a true story al pacino stars as aging 1970s http t co a
-1	film review danny collins http t co qu17ytt2jl
-1	rt sbnationnfl there are five players nfl teams can be absolutely confident in drafting this year http t co kjriw3z5wc http t co wt8
-1	coming soon while we re young ex machina and danny collins start dates and showtimes will be posted soon but http t co f91kk5isau
-1	danny collins university http t co dhjv8pdkws
-1	the danny collins tell us what inspires you promotion ends on april 23 enter and win two tickets to the http t co uhve7kzqf8
-1	rt sbnationnfl there are five players nfl teams can be absolutely confident in drafting this year http t co kjriw3z5wc http t co wt8
-1	rt mockingthedraft the 2015 nfl draft s 5 safest players http t co pni3zk7bei http t co jazl83yimo
-1	rt mockingthedraft the 2015 nfl draft s 5 safest players http t co pni3zk7bei http t co jazl83yimo
-1	the 2015 nfl draft s 5 safest players sure standard stats are often pushed aside where i woul http t co vagipnqtvt nflstats
-1	danny collins good entertainment welcome back al
-1	danny collins hazard ky http t co ayselje1om
-1	susan granger at the movies danny collins furious 7 while we re young http t co npigoumxzb
-1	catholic moviereview danny collins http t co 7celjevtf1 catholic http t co jz80tel93c
-1	review of danny collins http t co bjyrnawjwk dannycollins
-1	the 2015 nfl draft s 5 safest players http t co vhupq74oex
-1	the 2015 nfl draft s 5 safest players http t co 9izzss62hz
-1	danny collins http t co rzov9qagq3 alpacino annettebening bobbycannavale christopherplummer dannycollins jennifergarner
-1	the 2015 nfl draft s 5 safest players http t co pni3zk7bei http t co jazl83yimo
-1	michael_askewjr i hate this ot class only guys i consider in the first are collins fisher ogbuehi if he s cleared medically
-1	danny collins contract http t co xhep6ynd8n
-1	danny collins starring al pacino annette benning and jennifer garner starts today at the sunrise theater an http t co ibh9v7cywy
-1	danny collins http t co 8ra0gvqcmy
-1	kristiangaric1 3wl1350 mikedetillier danny shelton or la el collins whodat
-1	rt midtowncinema showing today while we re young 2 30 5 00 7 30 danny collins 2 45 6 00 8 15 woman in gold 2 15 7 45
-1	showing today while we re young 2 30 5 00 7 30 danny collins 2 45 6 00 8 15 woman in gold 2 15 7 45
-1	movie reviews of danny collins while we re young amp furious 7 http t co wup1jjbhm5 whilewereyoung furious7 moviereview films
-1	rt alonebroken jennifer garner is one lucky birthday girl see her and ben affleck s cutest moments the danny collins actres http t
-1	jennifer garner is one lucky birthday girl see her and ben affleck s cutest moments the danny collins actres http t co xvph40caz2
-1	i posted 8 photos on facebook in the album danny collins http t co parehxkve8
-1	rt grotrettdubang danny collins youtube http t co b4pztod7wg
-1	couchpotato found 15 releases for danny collins before eta select and download via the dashboard
-1	danny collins facebook http t co sste374wnz
-1	danny collins http t co rzov9qagq3 alpacino annettebening bobbycannavale christopherplummer dannycollins jennifergarner
-1	danny collins http t co 2zxff44mpo
-1	rt alpacinoupdate movie review al pacino brings grit to tale of star turn in danny collins http t co 5mjaadpfsq
-1	rt bleeckerstfilms alpacino is danny collins now playing everywhere tbt throwbackthursday http t co dx4jtf7xgo
-1	rt negkitujim danny collins coaches ireland http t co 8xnb2meodl
-1	rt bleeckerstfilms the wait is over danny collins is now playing in theaters everywhere get tickets http t co 9t3cv2wosa http t
-1	one s danny collins the other is good kill check both out danny collins has megastar al pacino in it
-1	movie review danny collins http t co 1wy2k3xd5q film movie review via humortimes
-1	reviews of danny collins clouds of sil maria young and prodigious t s spivet and more http t co xx1btjg1jd
-1	danny collins buses http t co g5exwgxbn3
-1	more rosy the reviewer stuff for your fab friday http t co xs7nrzzoek nightatthemuseum3 sophialoren my1001moviesimustseebeforeidie
-1	al pacino and danny collins deserve an academy award you heard it here first http t co xs7nrzzoek dannycollins amostviolentyear
-1	danny collins wrestling http t co e4aklaiobf
-1	dallas buyers club draft day danny collins what do these 3 have in common answer http t co nmmssticto
-1	i wanna watch danny collins
-1	movie review danny collins http t co 1wy2k3xd5q film movie review via humortimes
-1	i ve genuinely seen infomercials more entertaining than danny collins
-1	phil collins always has the right things to say
-1	danny collins http t co rzov9qagq3 alpacino annettebening bobbycannavale christopherplummer dannycollins jennifergarner
-1	went to the movies seen danny collins excellent
-1	date night tonight with allison we went to the bread bar and then went to see danny collins at the movie http t co lg9gbpocjp
-1	rt ciarangribbin review of danny collins rollingstone proud to have written the song that al sings http t co 9zrwajbh9p dannycollinsm
-1	rt alpacinoupdate the return of al pacino danny collins offers the acting great his best role http t co nctisemku2
-1	danny_n_collins thanks danny
-1	happy birthday keeleymceniry hope it was a good one
-1	movie review danny collins http t co 1wy2k3xd5q film movie review via humortimes
-1	showing tonight danny collins 6 00 8 15 woman in gold 5 30 7 45 effie gray 5 45 what we do in the shadows 8 30
-1	rt peobundpoma danny collins artist http t co fopdip1iya
-1	off to see unfriended and danny collins
-1	i wanna go see danny collins but omg i know it s just gonna be nothing but old people and then me
-1	two movies i liked woman in gold and danny collins
-1	new this week al pacino in danny collins http t co elezlse9ef
-1	here with my movie group amc star fitchburg 18 amctheatres for danny collins in fitchburg wi https t co ctukojizs7
-1	have you seen the new film danny collins without giving anything away do you give it thumbs up or thumbs down http t co gfdld5d06c
-1	rt alpacinoupdate the return of al pacino danny collins offers the acting great his best role http t co nctisemku2
-1	couchpotato found 6 releases for danny collins before eta select and download via the dashboard
-1	movie review danny collins http t co 1wy2k3xd5q film movie review via humortimes
-1	photo melissa benoist is in danny collins cool melissabenoist glee http t co bcawgtjjio
-1	robert reviews pacino in danny collins next
-1	i m at carmike cinemas vestavia hills 10 for danny collins in vestavia al https t co y9v0w1pg5r
-1	danny collins can late grace make up for a life waste http t co xqo1glkr3o
-1	danny collins http t co rzov9qagq3 alpacino annettebening bobbycannavale christopherplummer dannycollins jennifergarner
-1	rt winstarrevin john lennon fans will love this winstarrevin amp armsbumanlagctv review danny collins tonight big picture http t co
-1	john lennon fans will love this winstarrevin amp armsbumanlagctv review danny collins tonight big picture http t co 0avn1aobqb
-1	i m at amc loews quarry cinemas 14 for danny collins in hodgkins il https t co 9r1jwl46a4
-1	friday woman in gold 415 645 910 danny collins 4 7 910
-1	danny collins can late grace make up for a life waste http t co fv8zgfbzhp
-1	saw danny collins with phil today yesterday the movie screen went blank mid way through and stayed blank regaltheater
-1	is danny collins a sequel to michael collins
-1	siiihoutte i thought ff would be bad but it actually hasn t been but old people have taken over bc of danny collins the woman in gold
-1	rt grotrettdubang danny collins youtube http t co b4pztod7wg
-1	danny collins http t co rzov9qagq3 alpacino annettebening bobbycannavale christopherplummer dannycollins jennifergarner
-1	rt jaqueline40561 inside apple s top secret health lab for apple watch al pacino on taking on danny collins role
-1	al pacino danny collins julianne hough ed burns march 15 2015 parade magazine http t co nraow7ejtu juliannehough
-1	ali_davis danny collins looks good
-1	i liked a youtube video from _brandiprice http t co ry9wxzzznu danny collins reaction and review
-1	rt negkitujim danny collins coaches ireland http t co 8xnb2meodl
-1	rt negkitujim danny collins coaches ireland http t co 8xnb2meodl
-1	we re promoting the new movie danny collins with it s own signature drink at our bar http t co cp6851vqlp
-1	the highlands playhouse will be showing danny collins for one week only so if you want to see this movie mark http t co yqdz72i0i1
-1	med city movie guy grayer but greater goes pacino in danny collins http t co iw9wuhzwta
-1	danny collins was great al pacino better than he s been in years
-1	rt sinalund1991 danny collins movie cast http t co oinlgsdlip
-1	dtuck318 what s your movie of the year so far i guess i m a softy for al but danny collins is it for me http t co slggjkdlsu
-1	showing today danny collins 2 45 6 00 8 15 woman in gold 2 15 5 30 7 45 effie gray 5 45 what we do in the shadows 2 30
-1	alpacino is danny collins now playing everywhere tbt throwbackthursday http t co dx4jtf7xgo
-1	working late watching danny collins at golden screen cinemas midvalley megamall http t co r6xlc9kpm4
-1	http t co z8inxxfxvk danny collins movie clip bad day http t co flkrahgxu7 annette bening clip collins danny movie pacino
-1	movie review danny collins http t co 1wy2k3xd5q film movie review via humortimes
-1	rt sinalund1991 danny collins movie cast http t co oinlgsdlip
-1	have you seen the movie danny collins it is such a great great movie on the importance of our relationships http t co b7h0l15nqs
-1	med city movie guy grayer but greater goes pacino in danny collins http t co nkhpcakazm tomcruise
-1	danny collins arrest http t co v7iavtqzcd
-1	danny collins at 2 00 5 00 7 00 9 30
-1	op ed columnist take your hillary temperature http t co snbo8h77tw
-1	rj_tmc the wife wants to see danny collins how is it
-1	rt winnoderbuck danny collins ipswich http t co hyaaei1eb7
-1	rt boxofficemovie_ 10 while we re young comedy drama 9 danny collins comedy drama music http t co fytjcmdthp
-1	danny collins editor http t co ke3susygr5
-1	te amo chris collins i love you chris collins
-1	rt alpacinoupdate movie review al pacino brings grit to tale of star turn in danny collins http t co ws1fviujnk
-1	al pacino danny collins julianne hough ed burns march 15 2015 parade magazine http t co wpse9psf4x juliannehough
-1	rt negkitujim danny collins coaches ireland http t co 8xnb2meodl
-1	rt ciarangribbin review of danny collins rollingstone proud to have written the song that al sings http t co 9zrwajbh9p dannycollinsm
-1	jennifer garner amp smiley samuel what a lil cutie danny collins star jennifer garner stepped out with son samuel http t co ze1p3peeee
-1	jennifer garner amp smiley samuel what a lil cutie danny collins star jennifer garner stepped out with son samuel http t co fndnf1aban
-1	jennifer garner amp smiley samuel what a lil cutie danny collins star jennifer garner stepped out with son samuel http t co ebyltumoce
-1	jennifer garner amp smiley samuel what a lil cutie danny collins star jennifer garner stepped out with son samuel http t co 3zepm0ypr5
-1	jennifer garner amp smiley samuel what a lil cutie danny collins star jennifer garner stepped out with son samuel http t co zdc3a9q4cg
-1	jennifer garner amp smiley samuel what a lil cutie danny collins star jennifer garner stepped out with son samuel http t co xhilpikall
-1	jennifer garner amp smiley samuel what a lil cutie danny collins star jennifer garner stepped out with son samuel http t co hlfgwyksug
-1	jennifer garner amp smiley samuel what a lil cutie danny collins star jennifer garner stepped out with son samuel http t co b7nrp4s7lu
-1	jennifer garner amp smiley samuel what a lil cutie danny collins star jennifer garner stepped out with son samuel http t co tiwp0xi4rp
-1	jennifer garner amp smiley samuel what a lil cutie danny collins star jennifer garner stepped out with son samuel http t co ngd4drigdr
-1	jennifer garner amp smiley samuel what a lil cutie danny collins star jennifer garner stepped out with son samuel http t co ui9fpuorpt
-1	jennifer garner amp smiley samuel what a lil cutie danny collins star jennifer garner stepped out with son samuel http t co 5gt8edlrgj
-1	aging hard living rocker no not me danny collins the new film will be reviewed by the regular guy next 93xrt
-1	promising myself or part of me to be somewhere post danny collins goes i want your cheeks to be there these cheeks will be there
-1	rt 93xrt at 7 45am the regular guy takes us to see danny collins how has john lennon inspired you http t co a9if7uzksa
-1	at 7 45am the regular guy takes us to see danny collins how has john lennon inspired you http t co a9if7uzksa
-1	danny collins premieres in nyc in this photo jennifer garner
-1	danny collins premieres in nyc in this photo al pacino
-1	danny collins is a 2015 american comedy drama film written and directed by dan fogelman in his feature http t co 7b4ipai6s6
-1	danny collins http t co rzov9qagq3 alpacino annettebening bobbycannavale christopherplummer dannycollins jennifergarner
-1	danny collins christopher plummer on who he plays in the film http t co nklkb0u8iy new york manhattan
-1	danny collins coaches ireland http t co 8xnb2meodl
-1	danny collins can late grace make up for a life waste http t co yv5ct4heet moviesteem http t co noxzddnrgm movienight
-1	pacino is exceptional in danny collins danny collins is a thoroughly enjoyable comedy drama made exceptional by http t co lyeufng2zo
-1	danny collins on facebook http t co xxgfey6fk4
-1	danny boy judy collins http t co mblpdsbo6c
-1	movie review danny collins http t co 1wy2k3xd5q film movie review via humortimes
-1	friends of the day 04 16 2015 danny jacobs danny pellegrino jerry dean dean collins have a great day smiles
-1	danny collins a must watch
-1	rt winnoderbuck danny collins ipswich http t co hyaaei1eb7
-1	danny collins ipswich http t co hyaaei1eb7
-1	well danny collins looks ridiculous and good fun al pacino playing an aged 70s baladeer hoohaaaaa https t co da4o7brtjl
-1	danny collins was great
-1	just got back from seeing danny collins al pacino one of the greats godfather
-1	danny collins dannycollins klipsmalaysia http t co xyjyjtpldo
-1	rt matchcolldito danny collins dj http t co zbu116muvv
-1	pacino whose involvement in a project can sometimes be a red flag these days how very dare you http t co 8bksyxvnye alpacino
-1	danny collins youtube http t co b4pztod7wg
-1	danny collins was probably the best movie i ve seen in almost 6 months and thats coming from a guy who sees lots of movies
-1	rt bleeckerstfilms the wait is over danny collins is now playing in theaters everywhere get tickets http t co 9t3cv2wosa http t
-1	retweet al pacino stirs in danny collins http t co dsfnh2l8pv
-1	danny collins dannycollins klipsmalaysia http t co 6dvzhzveg2
-1	danny collins un film surprinzator de bun http t co 6wzi20mfqt
-1	being rich doesn t change your experience in the way you think love john and yoko asa se incheie scrisoare http t co vnnxdinyom
-1	al pacino stirs in danny collins http t co kkdddbcmfj al pacino is always a big draw at the cinema at least for me but even i had
-1	al pacino stirs in danny collins al pacino is always a big draw at the cinema at least for me but http t co l51jh0hkh9 kelat
-1	kitalawan al pacino stirs in danny collins al pacino is always a big draw at the cinema at least for http t co dultc4zeqf s14
-1	kitalawan al pacino stirs in danny collins al pacino is always a big draw at the cinema at least for http t co qhdn2l1j4y s14
-1	kitalawan al pacino stirs in danny collins al pacino is always a big draw at the cinema at least for http t co ais1knfvk2 s14
-1	kitalawan al pacino stirs in danny collins al pacino is always a big draw at the cinema at least for http t co 5hsqwbuxvv s14
-1	kitalawan al pacino stirs in danny collins al pacino is always a big draw at the cinema at least for http t co tnqtsmq4mz s14
-1	kitalawan al pacino stirs in danny collins al pacino is always a big draw at the cinema at least for http t co zrmd6jtefz s14
-1	kitalawan al pacino stirs in danny collins al pacino is always a big draw at the cinema at least for http t co yeri2qirvr s14
-1	kitalawan al pacino stirs in danny collins al pacino is always a big draw at the cinema at least for http t co wy1lwjkdz6 s14
-1	al pacino stirs in danny collins al pacino is always a big draw at the cinema at least for me but e http t co 53eca5fw7j s14
-1	congrats to brandon long friend wrap up as prod a v for alpacino true story danny collins 2015 https t co tn0klzlzjq via youtube
-1	danny collins biloxi http t co hgaavoqyhq
-1	danny collins dannycollins klipsmalaysia http t co afupvgtjft
-1	danny collins was a really good movie al pacino is amazing
-1	rt vanobserver all the time in the world great film that documents a family s attempt 2 get away from time http t co visjvrd13r http
-1	peringkat box office 8 it follows radius twc 9 danny collins bleecker street 10 kingsman the secret service fox bts
-1	see danny collins now
-1	rt peobundpoma danny collins artist http t co fopdip1iya
-1	i just wanna see ex machina and possibly danny collins but i don t wanna go half way across the city to see them
-1	realbadger i think i saw you in danny collins in a line of old dudes staring at chicks
-1	on wednesday s and the latest episode of onscreen we talk about ex machina danny collins and furious 7 https t co fm44wpptdy
-1	christplummer loved danny collins great movie the chemistry between you and pacino was awesome
-1	tuesday while we re young danny collins and if the bus timing works out paul blart 2 for free so taking your judging glasses off
-1	danny collins opening today mari pergi tonton
-1	rt weisenough if u haven t seen danny collins w al pacino amp annette bening agenda for the weekend pacino lennon https t co h6zrnyi
-1	rt weisenough if u haven t seen danny collins w al pacino amp annette bening agenda for the weekend pacino lennon https t co h6zrnyi
-1	rt weisenough if u haven t seen danny collins w al pacino amp annette bening agenda for the weekend pacino lennon https t co h6zrnyi
-1	rt weisenough if u haven t seen danny collins w al pacino amp annette bening agenda for the weekend pacino lennon https t co h6zrnyi
-1	rt weisenough if u haven t seen danny collins w al pacino amp annette bening agenda for the weekend pacino lennon https t co h6zrnyi
-1	rt weisenough if u haven t seen danny collins w al pacino amp annette bening agenda for the weekend pacino lennon https t co h6zrnyi
-1	rt weisenough if u haven t seen danny collins w al pacino amp annette bening agenda for the weekend pacino lennon https t co h6zrnyi
-1	rt weisenough if u haven t seen danny collins w al pacino amp annette bening agenda for the weekend pacino lennon https t co h6zrnyi
-1	rt weisenough if u haven t seen danny collins w al pacino amp annette bening agenda for the weekend pacino lennon https t co h6zrnyi
-1	danny collins starts friday avengers tickets on sale now constantcontact http t co ckjpxypy7l
-1	rt fawetthari danny collins estate agents stoke on trent http t co 8mh3rc0tbg
-1	danny collins http t co rzov9qagq3 alpacino annettebening bobbycannavale christopherplummer dannycollins jennifergarner
-1	if u haven t seen danny collins w al pacino amp annette bening agenda for the weekend pacino lennon https t co h6zrnyiezi
-1	aaaaaaand to quote danny collins what do you think about that via saltlakefilmsoc et pour godard par le utahfilmcenter
-1	danny collins was such a great movie
-1	just saw danny collins fantastic film and very prop intensive
-1	annelamott i agree danny collins was a treat
-1	rt fawetthari danny collins estate agents stoke on trent http t co 8mh3rc0tbg
-1	danny collins dj http t co zbu116muvv
-1	kbaileyjava2 please see danny collins so that way i ll know if i should see it
-1	movie review danny collins http t co 1wy2k3xd5q film movie review via humortimes
-1	showing tonight danny collins 6 00 woman in gold 6 30 what we do in the shadows 6 15
-1	saw danny collins last night unbelievable performances by al pacino amp bobbycannavale loved it
-1	movie review danny collins go see it storyline inspired by a true story al pacino stars as aging 1970s http t co as60zkf9lr
-1	now on momstart movie review danny collins http t co 2bkfv1lwbo
-1	all the time in the world great film that documents a family s attempt 2 get away from time http t co visjvrd13r http t co szbbmgn3bl
-1	a less publicized gem in theaters now http t co kst5hwdvtu scotscoopnews
-1	it s been said that al pacino finds the late career triumph he deserves in dannycollins nowplaying http t co ykvmo3ipzp
-1	danny collins http t co rzov9qagq3 alpacino annettebening bobbycannavale christopherplummer dannycollins jennifergarner
-1	watching danny collins film at santikos palladium avx http t co dpf9zizghe
-1	breaking baby news jennifer garner amp smiley samuel what a lil cutie danny collins star jennifer garner http t co sjjn6rgitb
-1	in danny collins bobby cannavale teams up again with childhood http t co xrdyuvps5c
-1	al can t sing but great cast doesn t miss a beat http t co culikntibr
-1	wow danny collins got stupid depressing
-1	rt annelamott happily surprised by danny collins pacino better than he s been in years benning cannavale plummer all just wonder
-1	rt chosmigambja danny collins west ham http t co vr2qzd90ox
-1	danny collins http t co rdgamijj8i moviesteem http t co noxzddnrgm movie
-1	al pacino as danny collins is a good time at the movies bobby carnavale is always interesting too
-1	danny collins where are you
-1	danny collins http t co rzov9qshhb alpacino annettebening bobbycannavale christopherplummer dannycollins jennifergarner
-1	danny collins film http t co fseafx5v4p
-1	film review podcast danny collins louisvilleky http t co dy4fmahnv2
-1	i m at regal cinemas colonnade 14 regalmovies for danny collins in las vegas nv https t co 6tige6lfje
-1	ben witherington danny collins can late grace make up for a life waste http t co oqv10dbb3q
-1	uuuugggghhhhh my theater is getting both while we re young and true story and i still kind of want to see danny collins
-1	bobbycannavale sooo good as pacino s son loved the movie danny collins rocks
-1	in danny collins bobby cannavale teams up again with childhood http t co lrcx2hc2l1
-1	danny collins http t co vwee4uerda
-1	check out our review of danny collins https t co pegkn9jqay http t co fsfz2uwavq
-1	danny collins http t co gqjvlvhmau
-1	ben witherington danny collins can late grace make up for a life waste http t co o2vzwm3zkg
-1	movie lovers gabfest affinity group 4 16 7pm movies for discussion are cinderella danny collins clouds of sils etc http t co 33b5llwyhk
-1	danny collins length movies streaming youtube http t co fic4qww0k6
-1	danny collins movies http t co xipqz7qyu9 hollywood
-1	1 marcus peters 2 landon collins 3 arik armstead 4 danny shelton 5 randy gregory those the 5 guys i want most at 22
-1	mrtweetyogirl _qtip nt danny shelton or la el collins og ot
-1	danny collins 15 1980s style redemption comedy drama with terrific cast entertains but doesn t fully satisfy http t co t0u1arlw60
-1	showing today danny collins 2 45 6 00 woman in gold 2 15 6 30 effie gray 2 30 what we do in the shadows 6 15
-1	thegunmanfilm and dannycollinsmovie reviews are in http t co rt31mrxq4z http t co wqojc9mcq1
-1	danny collins the movie begins with a flashback to the days when danny was hailed as the next bob dylan well http t co ektomz3gqj
-1	danny collins http t co rzov9qagq3 alpacino annettebening bobbycannavale christopherplummer dannycollins jennifergarner
-1	james halcomb hollywood royalty give raw real performance in danny collins http t co txlfs2wrqt via kyforward
-1	http t co jdluajmmtb danny collins movie clip decision 2015 christopher plummer al pacino http t co 6ikb9nrszw alpacino
-1	danny collins creator revamped john lennon songs aren t you supposed to be a poet before you take poetic license http t co uknnxkfalb
-1	danny collins 2015 http t co ap8xqjqkng
-1	jennifer garner amp quot danny collins amp quot premiere in nyc 3 18 15 http t co 7q5hgw3hdc v a youtube
-1	rt hurleykevin14 panthernasty jp_wary panthersdrafter drafttek draftpanthers kenjonvander danny_g13 ken_dye tre boston and collins
-1	danny collins http t co 0schqjypfq
-1	danny collins http t co ykdm4cljw3
-1	movie review tropic sprockets danny collins http t co j2jz2zov8k
-1	mike_is_bored if all else fails check out danny collins
-1	trubromancecast tryingtobedjv i d probably say danny collins a most violent year and kingsman are my to three so far
-1	trubromancecast i loved loved loved danny collins ty for reviewing it great lists too quit hating on nickel back
-1	rt sinalund1991 danny collins movie cast http t co oinlgsdlip
-1	rt optimussolo i m with you guys trubromancecast tryingtobedjv danny collins was a great film best of 2015 so far
-1	i m with you guys trubromancecast tryingtobedjv danny collins was a great film best of 2015 so far
-1	the longest ride pg 13 2 00 main oc danny collins r 7 30 main insurgent pg 13 7 00 studio nantucket http t co 9t8fmxjhwu
-1	danny collins 2015 full movie top box office play now http t co zdjxwgy1f5
-1	danny collins dannycollins klipsmalaysia http t co nnnw7p9ixd
-1	danny collins http t co rzov9qagq3 alpacino annettebening bobbycannavale christopherplummer dannycollins jennifergarner
-1	here s what i thought of danny collins better than i expected http t co xi3uuieaoi sifter dannycollinsmovie
-1	danny collins http t co i2vbo67r26 http t co criqmfwihd
-1	rt boxofficemovie_ 10 while we re young comedy drama 9 danny collins comedy drama music http t co fytjcmdthp
-1	rt sinalund1991 danny collins movie cast http t co oinlgsdlip
-1	rt vrundavs alpacino in danny collins wud love to watch it
-1	rt vrundavs alpacino in danny collins wud love to watch it
-1	danny collins artist http t co fopdip1iya
-1	movie review danny collins http t co 1wy2k3xd5q film movie review via humortimes
-1	rt fawetthari danny collins estate agents stoke on trent http t co 8mh3rc0tbg
-1	danny collins trailer oficial ro http t co ne1tmzcpfd via youtube
-1	rt boxofficemovie_ 10 while we re young comedy drama 9 danny collins comedy drama music http t co fytjcmdthp
-1	thats st georges day booked off amp the friday danny goldsmith boo buxton alan barnaby michael collins knacker
-1	rt boxofficemovie_ 10 while we re young comedy drama 9 danny collins comedy drama music http t co fytjcmdthp
-1	suwo0ng thinking about some1 while watching danny collins 2015 at http t co ncmnjcscui movie film streaming
-1	let s just forget that al pacino was in jack amp jill and just focus on this one http t co tckdiasdds
-1	4 15 15 146 danny collins 2015 written and directed by dan fogelman starring al pacino bobby cannavale http t co j1wufmrnjc
-1	10 while we re young comedy drama 9 danny collins comedy drama music http t co fytjcmdthp
-1	film review podcast danny collins louisvilleky http t co wtkymf3b4x
-1	rt alamarlu danny collins burnley died http t co trkotipqqn
-1	episode 270 get hard danny collins episode 270 is here in this week s podcast we discuss t http t co h4rvvunmgu theirfanism
-1	episode 270 get hard danny collins episode 270 is here in this week s podcast we discuss t http t co pr2oivqvnn theirfanism
-1	episode 270 get hard danny collins episode 270 is here in this week s podcast we discuss t http t co rzottshe9v theirfanism
-1	danny collins movie review http t co 3hpmvqsuhw http t co we5sy82fwh
-1	rt sinalund1991 danny collins movie cast http t co oinlgsdlip
-1	episode 270 get hard danny collins http t co tvzjcqwmym
-1	danny collins in cinemas tomorrow gscmtrailers http t co m7m7q3piyx
-1	movie review danny collins http t co 1wy2k4eou0 film movie review via humortimes
-1	danny collins in his latest bid to out irrelevant de niro al pacino stars as an aging rock pacino has th http t co 2vwpmxmvnj
-1	archdukecollins daniel_collins danny s not wrong sean
-1	rt choodeparea danny collins college baseball http t co ib1dz7vsmo
-1	danny collins http t co rzov9qagq3 alpacino annettebening bobbycannavale christopherplummer dannycollins jennifergarner
-1	danny collins is pretty predictable but al pacino wins you over he s so damn good when he doesn t yell and scream all the time
-1	i posted 8 photos on facebook in the album danny collins in cinemas 16 apr 2015 http t co s35bcutg0s
-1	review of danny collins rollingstone proud to have written the song that al sings http t co 9zrwajbh9p dannycollinsmovie heybabydoll
-1	review danny collins 2015 director dan fogelmanstarring al pacino annette bening ch http t co 0gcnmjzsdl movieblogger
-1	danny collins pacino has the swagger of an aging rocker but the movie fails to sell his music judging by th http t co uh5g7erdyx
-1	music movies are a guilty must see pleasure glad i ran to see danny collins enjoyed the thoughtful theme of what if
-1	all through danny collins it nagged me who was the girl working the front desk answer melissa benoist from glee
-1	movie danny collins al pacino ni macam syok je hence based on true events
-1	new movie rating danny collins 7 7 x x x http t co wzuwe89fir
-1	danny collins was an above average flick good story great cast
-1	pacino is a lock for a golden globe nomination for danny collins same goes for annette bening
-1	daniel_collins ddmon710 themikesalk alexhmarden benjhaisch sexy ham right danny
-1	movie review danny collins http t co 1wy2k3xd5q film movie review via humortimes
-1	danny collins http t co rzov9qagq3 alpacino annettebening bobbycannavale christopherplummer dannycollins jennifergarner
-1	al pacino was awesome in danny collins
-1	avivapeltin danny collins
-1	danny collins is a darker movie than realized open unresolved ending proves lives will only go downhill from there openend depressing
-1	henry went to see danny collins and texted me where has annette bening been all my life
-1	yo danny collins review al pacino as aging rock star http t co e8gebhb3if acting bobbycannavale
-1	danny collins west ham http t co vr2qzd90ox
-1	the movie i saw is danny collins it s a delightful movie well done nothing special
-1	a rather unusual nude scene in danny collins might just start a new category for mrskin to take note of
-1	rt freddygiorlando heading to see danny collins with pacino amp bobbycannavale 2 ny actors i look up to and dream of sharing a scene w
-1	pinkypottorff aka taylor caniff dillon rupp chris and crawford collins danny edge paul zimmer
-1	movie review danny collins http t co 1wy2k4eou0 film movie review via humortimes
-1	rt linscelpa1994 danny collins the movie http t co ckcnawridp
-1	dannycollinsmovie is a delightful treat will make you laugh amp cry review http t co 06wjvlpqu7 moviesforlife http t co frxk8zu4xc
-1	danny collins 16 april 2015 al pacino plays an aging 1970s rock star who still lives a wild life he decides to http t co vyfjphxpma
-1	danny collins al pacino annette benning christopher plummer bobby cannavale jennifer garner http t co fnn3kigwrt moviereview
-1	danny collins al pacino annette benning christopher plummer bobby cannavale jennifer garner http t co vfax6smsuu moviereview
-1	danny collins al pacino annette benning christopher plummer bobby cannavale jennifer garner http t co 4w751axuhq moviereview
-1	danny collins al pacino annette benning christopher plummer bobby cannavale jennifer garner http t co begxajpxgz moviereview
-1	danny collins al pacino annette benning christopher plummer bobby cannavale jennifer garner http t co 0xhx24hyab moviereview
-1	it s christopher plummer sitting next to josh from drake and josh sally during danny collins
-1	heading to see danny collins with pacino amp bobbycannavale 2 ny actors i look up to and dream of sharing a scene with 1 day actorslife
-1	liked the movie danny collins better than expected
-1	http t co z8inxxfxvk danny http t co 1bihosrvn5 clip collins danny daughter in law garner jennifer movie pacino perfect
-1	lmao ron darling is still tight at terry collins that s what happens when you stop the game in the middle of the freaking inning
-1	i m at regal cinemas montrose movies 12 regalmovies for danny collins in akron oh https t co ost6a72dee
-1	what a real rocker thinks of al pacino as a rock star in danny collins http t co rix7gegrt7
-1	movie review danny collins http t co 1wy2k4eou0 film movie review via humortimes
-1	watching danny collins film at bow tie cinemas http t co 1n1btdqvw1
-1	danny collins al pacino playing a neil diamond like john lennon disciple probably sounds unlikely but that s http t co suux3gjtda
-1	midnight in the coffee shop with that semi single guy in here waiting for danny collins to begin al pacino starring in
-1	danny collins al pacino elevates a story that could ve benefited from more substance cast is very good 7 10 jpmn
-1	danny collins http t co rzov9qagq3 alpacino annettebening bobbycannavale christopherplummer dannycollins jennifergarner
-1	check out danny collins moviefone http t co xxewwfha6t
-1	rt trubromancecast this week we are joined by tryingtobedjv not realjdduran for danny collins it s great for http t co k91sl377pq
-1	this week we are joined by tryingtobedjv not realjdduran for danny collins it s great for http t co k91sl377pq
-1	heymrpaulsen steigerworld dude is still doing that act gotta earn a living make sure you see danny collins
-1	i m not going to see that ned_cruz what about insurgents n danny collins rt knewkeed black hat is the worst movie since sucker punch
-1	what about insurgents n danny collins rt knewkeed black hat is the worst movie since sucker punch
-1	nyg danny shelton stl brandon schereff min tray waynes cle malcom brown aints jalen collins dolphins devante parker sf marcus peters
-1	rt simplyacting sai alum portableshua aka josh peck co stars in the feature film danny collins now in theaters goseejosh http
-1	danny collins is the worlds biggest snail
-1	rt alamarlu danny collins burnley died http t co trkotipqqn
-1	i m going to watch danny collins at galaxy cinemas peterborough via cineplexmovies
-1	seeing danny collins
-1	rt chronicleherald cheap night catching a movie tonight check out trailers critics takes in our guide http t co vmrgwdsreq http t
-1	oh my god danny collins was so good i cried throughout the entire movie what is wrong with me
-1	rt chronicleherald cheap night catching a movie tonight check out trailers critics takes in our guide http t co vmrgwdsreq http t
-1	rt linscelpa1994 danny collins the movie http t co ckcnawridp
-1	rt linscelpa1994 danny collins the movie http t co ckcnawridp
-1	cheap night catching a movie tonight check out trailers critics takes in our guide http t co vmrgwdsreq http t co mxjmdaivs8
-1	rt choodeparea danny collins college baseball http t co ib1dz7vsmo
-1	patrick ramsey mark brunell danny wuerffel jeff george todd collins kirk cousins colt mccoy donovan mcnabb dcsports
-1	bobbycannavale lol were u in tune fyi i saw danny collins u were great you re 1 of actors in my if he is in it we see it category
-1	danny collins film this is my kind of movie virtuoso perfromances from al pacino bobby cannavale and annette bening
-1	cheap night movie review danny collins if you ve seen it what did you think scottymars http t co 8g8k9izanw
-1	danny collins http t co rzov9qagq3 alpacino annettebening bobbycannavale christopherplummer dannycollins jennifergarner
-1	not exactly breaking news but per source danny shelton randy gregory amp la el collins have received invites to the nfl draft in chicago
-1	premierele saptamanii 1 paul blart mall cop 2 2 cut bank 3 danny collins http t co ieajxl5nm5
-1	thumbnail review danny collins mighty fine truth to tell for starters you get a couple of old pros like al http t co usjjoystht
-1	danny collins must end this thursday http t co 4vjsxotgpg
-1	take a break from your tax returns amp and go see danny collins now playing everywhere http t co eawyncasnn
-1	watch danny collins 2015 movie streaming check out this url http t co 0za1zwevbl
-1	rt brinkpg pirates minor leaguers released today danny collins remy de aza raul fortunato william kendall taylor lewis joan monter
-1	rt choodeparea danny collins college baseball http t co ib1dz7vsmo
-1	interchanges between juliette binoche amp kristenstewart are a delight in clouds of sil maria http t co yjmf7uuggz http t co kwglfzfcpk
-1	rt urbancraziness im donee https t co kqalqjbbux
-1	cheap night the longest ride danny collins in n s theatres http t co eihxm1mnbm
-1	rt videosofscience exploding hydrogen bubbles http t co wwekafhltc
-1	cheap night the longest ride danny collins in n s theatres http t co t0pjhghzal margotrobbie
-1	cheap night the longest ride danny collins in n s theatres http t co jbv7hlsqhg ga http t co 2t3kvpef3u http t co ywthuwzimg
-1	today on words on film i review while we re young danny collins and the longest ride listen live now http t co ocfhvkcujl
-1	cheap night the longest ride danny collins in n s theatres http t co fgaftnb9cl gameofthrones
-1	cheap night the longest ride danny collins in n s theatres other critics also like the movie which gets a http t co ccv7dkspu4
-1	rt idthartefea danny collins watch online http t co ccobci3kry
-1	cheap night the longest ride danny collins in n s theatres http t co g9sgijujoc
-1	movie review of danny collins http t co idsxqgikay
-1	lindseykelk watching livestreaming danny collins 2015 at http t co icswz009zc movie film streaming
-1	danny collins starts this friday april 17th starring al pacino annette bening jennifer garner bobby cannavale amp christopher plummer
-1	cheap night the longest ride danny collins in n s theatres http t co ugdye3qk73
-1	danny collins katarina cas on who she plays in the film fandango http t co y20ngyvyvq looking amazing katarinacas
-1	danny collins john lennon music itsmmbenoist win imagine
-1	cheap night the longest ride danny collins in n s theatres http t co uq3glhefph
-1	cheap night the longest ride danny collins in n s theatres http t co loumdwu3ha
-1	portableshua in danny collins tho
-1	rt choodeparea danny collins college baseball http t co ib1dz7vsmo
-1	rt linscelpa1994 danny collins the movie http t co ckcnawridp
-1	rt giecomretos danny collins ohio http t co 1csh7axw17
-1	amazon appeases another frenemy by striking a deal with harper collins http t co uzpjqvzazn
-1	rt chronicleherald cheap night thelongestride dannycollins in novascotia theatres see what else is playing http t co prlmr4fj9u h
-1	cheap night thelongestride dannycollins in novascotia theatres see what else is playing http t co prlmr4fj9u http t co gp82hp5b7m
-1	rt choodeparea danny collins college baseball http t co ib1dz7vsmo
-1	danny collins at 2 00 5 00 7 00
-1	danny collins http t co aww8xamnbz
-1	looking into danny collins tangled music career a movie review http t co ffrawcsvh5 dannycollins johnlennon family
-1	looking into danny collins tangled music career a movie review http t co hvfumesm5m dannycollins johnlennon family
-1	edgartown 6 movie day danny collins r 1 4 amp 7pm http t co tollk75po6 insurgent pg13 3 45 http t co swyyal57t8 weekly sale
-1	movie reviews movie review al pacino brings grit to tale of star turn in danny collins thechronicleherald ca http t co s4avdrl4pr
-1	danny boy collins videos http t co arelhnrjxl
-1	if browns can get danny shelton at 12 la el collins at 19 amp then a wr like nelson agholor or devin if he s there in 2nd rnd good start
-1	dannycollins movie with al pacino my review at http t co ks1cud2pdp
-1	tropic sprockets danny collins http t co nclnzkccti
-1	joel_couture i love watch danny collins 2015 at http t co rsycxhia1j movie film streaming
-1	cousteau_below danny_g13 unless peat or collins is there other than that i agree
-1	yo danny collins review al pacino as aging rock star http t co e8gebhsead acting bobbycannavale
-1	danny collins http t co rzov9qagq3 alpacino annettebening bobbycannavale christopherplummer dannycollins jennifergarner
-1	my top five wishlist for 25 1 la el collins trade up 2 marcus peters trade up 3 shaq thompson 4 jake fisher 5 owamagbe odighizuwa
-1	alpacino in danny collins wud love to watch it
-1	danny collins buses http t co v8qcnx91mb
-1	watch full movie at streaming online click http t co 0za1zww6tj
-1	only gone and saw gemma collins and danny dyer at work yesterday
-1	movie review old pacino scores new hit in danny collins http t co jwvxi77rfa
-1	danny collins if you re a person who likes to ponder about what ifs you re a fan of al https t co xlztlwlsmc
-1	rt idthartefea danny collins watch online http t co ccobci3kry
-1	danny collins college baseball http t co ib1dz7vsmo
-1	rt linscelpa1994 danny collins the movie http t co ckcnawridp
-1	rt worldstarvlne im done https t co jlu6gdji03
-1	hd quality watch danny collins full movie online http t co j1oslynbqu
-1	danny collins http t co rzov9qagq3 alpacino annettebening bobbycannavale christopherplummer dannycollins jennifergarner
-1	check out danny collins moviefone http t co 3j2lef2sbf
-1	halrappaport just finished watch danny collins 2015 at http t co fm9x0lqkw6 movie film streaming
-1	rt linscelpa1994 danny collins the movie http t co ckcnawridp
-1	rt pboothmusic fun fact nine john lennon songs liven the soundtrack of danny collins dannycollins alpacino johnlennon beatles
-1	danny collins movie cast http t co oinlgsdlip
-1	rt fawetthari danny collins estate agents stoke on trent http t co 8mh3rc0tbg
-1	danny collins http t co rzov9qagq3 alpacino annettebening bobbycannavale christopherplummer dannycollins jennifergarner
-1	rt joooohnn_ danny collins was freaking great
-1	happily surprised by danny collins pacino better than he s been in years benning cannavale plummer all just wonderful
-1	rt tasutape danny collins movie trailer http t co 34dyut4dwf
-1	rt linscelpa1994 danny collins the movie http t co ckcnawridp
-1	danny collins was freaking great
-1	danny collins the movie http t co ckcnawridp
-1	danny wallace ian collins http t co u9qk6qb67u
-1	danny collins was a phenomenal movie
-1	rollingstone on dannycollins this hilarious and heartfelt movie is an exuberant gift full review http t co 0ivy2ircca now showing
-1	http t co ti9ua4bxtk you will love danny collins hate somethings he does he is a rock star there s so much good in the worst of him
-1	so you guys probably havent heard of it but danny collins is a good movie
-1	danny collins is al pacino s best role since scent of a woman so damn good deserves a nomination
-1	boy i saw a fabulous movie today with my daughter it was danny collins al pacino annette benning http t co wot4hoxdeh
-1	rt al_pacino_news al pacino plays an aging rock star in danny collins anyone in particular http t co rrqwkdd0n7 alpacino http
-1	danny collins 2015 http t co k61nckdi1h
-1	danny collins 2015 http t co 6hb9txohrn
-1	danny collins exit realty http t co y2xp8gafij
-1	rt gladpolenom danny collins hillsboro ohio http t co lvvfi2bdi8
-1	rt thepfca a new one from pfca member truebromancefilmpodcast danny collins movie songs http t co oa9r1lmwsd
-1	rt gladpolenom danny collins hillsboro ohio http t co lvvfi2bdi8
-1	a new one from pfca member truebromancefilmpodcast danny collins movie songs http t co oa9r1lmwsd
-1	chrisgorham here we go danny collins 2015 at http t co hecbijfqhc movie film streaming
-1	danny collins movies http t co xipqz7qyu9 hollywood
-1	a heartwarming tale of redemption dannycollins does not disappoint http t co k5frolibxz
-1	rt seizetheweekday 5 tickets at thelittleroch today see danny collins starring al pacino which has a 77 on rotten tomatoes http t
-1	rt idthartefea danny collins watch online http t co ccobci3kry
-1	shoutout to the homie sssdgaf and her movie review on danny collins http t co qcr8nc6hbg
-1	showing tonight danny collins 6 00 woman in gold 6 30 effie gray 6 15
-1	the film danny collins was good nothing special but really great different and impactful ending scene
-1	danny collins http t co rzov9qagq3 alpacino annettebening bobbycannavale christopherplummer dannycollins jennifergarner
-1	danny collins time
-1	so far danny collins is a better movie than i thought it would be
-1	robertdogg123 at corner jalen collins fits best at dt its probably malcolm brown or danny shelton both big needs
-1	imagine al pacino it s easy if you try http t co nhbbiiy65e
-1	rt austin_hodgens pacino packs a subtle punch in danny collins http t co zgtmutb4yg via mbialczak
-1	pacino packs a subtle punch in danny collins http t co zgtmutb4yg via mbialczak
-1	i saw danny collins today it was an enjoyable film pacino worked well in it and i liked the idea behind it http t co h1qmc35ei9
-1	rt frinovenen danny collins v tony stewart http t co c2fa5ocbax
-1	i am seeing danny collins at regal deer park cinemas
-1	rt youthareawesome review danny collins staring al pacino is now in theatres here are sssdgaf s thoughts http t co cdav2sztd9 ht
-1	review danny collins staring al pacino is now in theatres here are sssdgaf s thoughts http t co cdav2sztd9 http t co 4rofqrhdti
-1	catch insurgent it follows and danny collins before they leave us on thursday the angelika mosaic
-1	movie review in danny collins pacino helps us imagine a lennon story mount shasta herald http t co csrt2yna77
-1	rt ccomexsenreans danny collins longton http t co dssubytmpa
-1	belieberslayed i love watching danny collins 2015 at http t co man4qdm3e5 movie film streaming
-1	vf hd danny collins 2015 film complet streaming http t co q2ikwh6ber
-1	movie review tropic sprockets danny collins http t co vxkasjvaad
-1	danny collins movie trailer http t co 34dyut4dwf
-1	clouds of sils maria was such a great film can t wait to catch bett 5 to 7 danny collins and dior and i this weekend
-1	in danny collins al pacino stares down his stardom http t co nroobll0ei
-1	rt rfcmovies on friday party like at rock star with two music movies the wrecking crew with joe osborn q amp as and danny collins starring
-1	on friday party like at rock star with two music movies the wrecking crew with joe osborn q amp as and danny collins starring al pacino
-1	while we re young kumiko the treasure hunter danny collins shock value the movie and more amb cinemas 4 17 4 23 http t co ow1dxhyy4u
-1	i am cool hip movie critic or i tried 2 b http t co 6s55ofyvyz check it
-1	rt idthartefea danny collins watch online http t co ccobci3kry
-1	al pacino should win an oscar for danny collins real simple story but his performance was so nuanced i totally believed skills
-1	rt alpacinoupdate what a real rocker thinks of al pacino as a rock star in danny collins http t co vvplktfejt
-1	danny collins http t co rzov9qagq3 alpacino annettebening bobbycannavale christopherplummer dannycollins jennifergarner
-1	the young and prodigious t s spivet gives us a precocious science whiz who sneaks off to dc http t co jsaosiv62c http t co awpsocqwc2
-1	rt idthartefea danny collins watch online http t co ccobci3kry
-1	rt halifaxbloggers the latest nicholas sparks adaptation s a rodeo romance the longest ride http t co gpfgq4zkj1 film carstenknox
-1	i m watching danny collins now
-1	rt grandcinema pacino s winning comic bravado amp a superb supporting cast make dannycollins a must see full variety review http
-1	rt dar12321 vancemeek andrus peat cedric ogbuehi danny shelton benardrick mckinney denzel perryman trae waynes jalen collins are
-1	vancemeek andrus peat cedric ogbuehi danny shelton benardrick mckinney denzel perryman trae waynes jalen collins are some others
-1	pacino s winning comic bravado amp a superb supporting cast make dannycollins a must see full variety review http t co z6fgyjizuf
-1	come into john t s and check out our signature drink of the month the danny collin dannycollins hiltonstory http t co v8sgijmrvh
-1	rob_stokie90 it s because he s as shit as danny collins
-1	danny collins is another example of why al pacino is a true artist
-1	danny collins watch online http t co ccobci3kry
-1	rt bsteeleavl al pacino didn t check into marigold hotel but he s fine as danny collins says edwinarnaudin for ashevillescene http
-1	al pacino didn t check into marigold hotel but he s fine as danny collins says edwinarnaudin for ashevillescene http t co hbp9ifp24m
-1	rt mrkitebenefits here s the film based on the story of stilston amp john lennon danny collins official uk trailer hd https t co fl
-1	the latest nicholas sparks adaptation s a rodeo romance the longest ride http t co gpfgq4zkj1 film carstenknox http t co ylk7rojihq
-1	rt alamarlu danny collins burnley died http t co trkotipqqn
-1	hadn t heard of pacino benning garner plummer movie danny collins before we saw it on saturday we liked it http t co jslmcdpqoj
-1	danny collins starts friday dannycollins alpacino sunrisetheater http t co 57xgz3cpku
-1	rt mrkitebenefits here s the film based on the story of stilston amp john lennon danny collins official uk trailer hd https t co fl
-1	rt mrkitebenefits here s the film based on the story of stilston amp john lennon danny collins official uk trailer hd https t co fl
-1	rt mrkitebenefits here s the film based on the story of stilston amp john lennon danny collins official uk trailer hd https t co fl
-1	rt mrkitebenefits here s the film based on the story of stilston amp john lennon danny collins official uk trailer hd https t co fl
-1	dear jordan hale music coordinator for danny collins http t co iwvmchcrvy my review of danny collins better than expected
-1	book review west belfast by danny morrison jude collins http t co fhxrbx15ct
-1	review pacino carries congenial danny collins 3 5 out of 5 stars http t co grqlikrvcx http t co hzjn7wftb8
-1	my pick for headline of the year dannycollins review al pacino caught between rock and a soft place brilliant http t co kdldjb2w7b
-1	review danny collins 2015 http t co nhbbijfhto
-1	the movie danny collins will be showing at the highlands playhouse starting on april 17th mark your calendars http t co jjyhfmrx7j
-1	rt seizetheweekday 5 tickets at thelittleroch today see danny collins starring al pacino which has a 77 on rotten tomatoes http t
-1	al pacino stands tall in danny collins http t co vvvvqb5egf via theexdashpress
-1	my lords_of_cinema review for danny collins http t co cbcmcyxwxq dannycollins dannycollinsmovie johnlennon
-1	itsmmbenoist my review for danny collins http t co cbcmcyxwxq
-1	film late career al pacino has been a little cheesy but that might be why he nails his role in danny collins http t co khvbpzy4e2
-1	rt filmgrouch current reviews tetherball cold in july king john the hunting ground furious 7 a girl like her danny collins
-1	rt footyhumour in the premier league this season chris smalling 19 games 4 goals danny welbeck 26 games 4 goals http t co cmikbs
-1	a letter from john lenin changes the life of danny collins review http t co 65rkho9egd movies drama comedy
-1	this weekend child 44 danny collins ex machina true story unfriended while we re young
-1	rt boomhowdy review danny collins al pacino plays an aging rock star let me give you a minute for that to soak in kcvidkid http t
-1	dear jordan hale music coordinator for danny collins http t co pld3emxehk http t co alnqatpb7o
-1	rt filmgrouch current reviews tetherball cold in july king john the hunting ground furious 7 a girl like her danny collins
-1	while watching danny collins i couldn t help but think wow al pacino looks like he could be joemantegna s dad http t co 5qxkswezuv
-1	rt midtowncinema showing today danny collins 2 45 6 00 woman in gold 2 15 6 30 effie gray 6 15 what we do in the shadows 2
-1	here s the film based on the story of stilston amp john lennon danny collins official uk trailer hd https t co fl4pmm0o3r via youtube
-1	danny collins my review http t co 7k2v0dlkfl
-1	showing today danny collins 2 45 6 00 woman in gold 2 15 6 30 effie gray 6 15 what we do in the shadows 2 30
-1	rt halifaxbloggers al pacino returns in fine form as danny collins reviewed by carstenknox http t co 2qdx8sdfcy film http t co 2x
-1	rt vanobserver interchanges between juliette binoche amp kristen stewart are a delight in clouds of sil maria http t co yjmf7uuggz http
-1	really enjoyed danny collins hats off to al pacino bobby canavale jennifer garner and annette benning two thumbs up
-1	rt vanobserver interchanges between juliette binoche amp kristen stewart are a delight in clouds of sil maria http t co yjmf7uuggz http
-1	check out danny collins moviefone http t co dpokfusapi
-1	check out danny collins moviefone http t co irhojfhola
-1	review danny collins ew review http t co odhqznztya
-1	rt giecomretos danny collins ohio http t co 1csh7axw17
-1	check out danny collins moviefone http t co sprkslemn4
-1	1035ktu watching livestreaming danny collins 2015 at http t co 2qz2jategp movie film streaming
-1	danny collins 2015 full movie hd quality enjoy full movie click link below 100 secure http t co ajffjzwdm9
-1	dan_fogelman mr fogelman i just capped my weekend by seeing your great movie danny collins kudos to you for making a great film
-1	danny collins estate agents stoke on trent http t co 8mh3rc0tbg
-1	rt dandunc ladies who saw thelongestride or dannycollins was i right http t co twgxcdza0j
-1	ladies who saw thelongestride or dannycollins was i right http t co twgxcdza0j
-1	posted it to buzzfeed as well dannycollins review bleeckerstfilms dan_fogelman bobbycannavale http t co puizwov6yd
-1	danny collins a roaring good time http t co sziimhgr4e via buzzfeeders
-1	current reviews tetherball cold in july king john the hunting ground furious 7 a girl like her danny collins
-1	danny collins http t co rzov9qagq3 alpacino annettebening bobbycannavale christopherplummer dannycollins jennifergarner
-1	al pacino returns in fine form as danny collins reviewed by carstenknox http t co 2qdx8sdfcy film http t co 2xtduirdfl
-1	dannycollins review bleeckerstfilms dan_fogelman bobbycannavale shines http t co yiattxrwxf
-1	rt seizetheweekday 5 tickets at thelittleroch today see danny collins starring al pacino which has a 77 on rotten tomatoes http t
-1	give sebastian_arre your heart he ll always take care of you http t co mevacrzwuc
-1	5 tickets at thelittleroch today see danny collins starring al pacino which has a 77 on rotten tomatoes http t co tqdbdwatvt
-1	danny collins is a must see pacino amp bening are great but it s bobby cannavale that contunues to impress http t co ddjgpijjta
-1	rt jdubs88 danny collins has 5 oscar worthy actors and yet it is a 7 year old girl who absolutely steals the movie giselle eisenberg re
-1	rt sweeptight keeping it real with danny collins dannycollinsmovie ad http t co r4qewerzze amctheatres
-1	danny collins movie reviews http t co blcsgxrdah movies reviews films videos
-1	danny collins movie review film cinema dannycollins alpacino http t co xtiwstqg23
-1	my review of danny collins have a great week dannycollins movies film cinema http t co xtiwstqg23
-1	i uploaded a new track episode 6 danny collins on spreaker alpacino annettebening bobbycanavale film https t co 6xerrmq4zt
-1	pacino can t sing a lick but he s a hit as aging pop star in danny collins moviereviews http t co bib1di3cmd http t co rtxczth5nq
-1	rt vanobserver interchanges between juliette binoche amp kristen stewart are a delight in clouds of sil maria http t co yjmf7uuggz http
-1	danny collins trailer 1 2015 jennifer garner al pacino movie hd http t co ezrg5beddf breakingnews
-1	rt vanobserver interchanges between juliette binoche amp kristen stewart are a delight in clouds of sil maria http t co yjmf7uuggz http
-1	rt vanobserver interchanges between juliette binoche amp kristen stewart are a delight in clouds of sil maria http t co yjmf7uuggz http
-1	a letter from john lenin is delivered 36 years later and it changes the life of danny collins review http t co kidffhyqkt
-1	danny collins familiar story funny story touching story
-1	movie review danny collins http t co 1wy2k3xd5q film movie review via humortimes
-1	film screenings insurgent pg 7 00 studio danny collins r 7 30 main nantucket http t co yruygf2mh8
-1	jude collins reviews west belfast http t co mhietsyvgk
-1	danny collins dannycollins klipsmalaysia http t co nnnw7p9ixd
-1	rt vanobserver interchanges between juliette binoche amp kristen stewart are a delight in clouds of sil maria http t co yjmf7uuggz http
-1	rt quotebeauties so true http t co jzos7fij01
-1	rt vanobserver interchanges between juliette binoche amp kristen stewart are a delight in clouds of sil maria http t co yjmf7uuggz http
-1	rt vanobserver interchanges between juliette binoche amp kristen stewart are a delight in clouds of sil maria http t co yjmf7uuggz http
-1	entertainment danny collins trailer 1 2015 jennifer garner al pacino movie hd http t co fp1utwq4lh http t co nbvwmxc18v
-1	realbadger just caught you in danny collins you looked festive
-1	music danny collins trailer 1 2015 jennifer garner al pacino movie hd http t co fneru5fwo6 http t co usrb2ochpz
-1	danny berk going left in his 3 2 tactical danny_berk pc matt collins lovematuse https t co k18l8avt72
-1	rt sweeptight keeping it real with danny collins dannycollinsmovie ad http t co r4qewerzze amctheatres
-1	rt vanobserver interchanges between juliette binoche amp kristen stewart are a delight in clouds of sil maria http t co yjmf7uuggz http
-1	rt vanobserver interchanges between juliette binoche amp kristen stewart are a delight in clouds of sil maria http t co yjmf7uuggz http
-1	rt vanobserver interchanges between juliette binoche amp kristen stewart are a delight in clouds of sil maria http t co yjmf7uuggz http
-1	rt vanobserver interchanges between juliette binoche amp kristen stewart are a delight in clouds of sil maria http t co yjmf7uuggz http
-1	rt vanobserver interchanges between juliette binoche amp kristen stewart are a delight in clouds of sil maria http t co yjmf7uuggz http
-1	what a real rocker thinks of al pacino as a rock star in danny collins http t co nbx4mzlq1u
-1	rt lujetexafigi danny collins nottingham forest twitter http t co ui2aspqzlt
-1	thescript_danny i have a superfan friend here she saw you at nottingham her birthday is may 6th hint and her name is sophie collins
-1	movie review danny collins http t co 1wy2k3xd5q film movie review via humortimes
-1	rt sweeptight keeping it real with danny collins dannycollinsmovie ad http t co r4qewerzze amctheatres
-1	inc contest stand to win preview tickets to danny collins starring al pacino http t co vwwykmriw8
-1	rt alamarlu danny collins burnley died http t co trkotipqqn
-1	danny collins delaware http t co re8niavptj
-1	rt muverceti danny collins construction http t co niqkgzqumx
-1	rt sweeptight keeping it real with danny collins dannycollinsmovie ad http t co fs3xvpqahv amctheatres
-1	danny collins http t co rzov9qagq3 alpacino annettebening bobbycannavale christopherplummer dannycollins jennifergarner
-1	danny collins longton http t co dssubytmpa
-1	rt giecomretos danny collins ohio http t co 1csh7axw17
-1	rt frinovenen danny collins v tony stewart http t co c2fa5ocbax
-1	rt bleeckerstfilms the wait is over danny collins is now playing in theaters everywhere get tickets http t co 9t3cv2wosa http t
-1	rt sweeptight keeping it real with danny collins dannycollinsmovie ad http t co r4qewerzze amctheatres
-1	danny collins v tony stewart http t co c2fa5ocbax
-1	danny collins tn http t co 3anj1gunk5
-1	music danny collins trailer 1 2015 jennifer garner al pacino movie hd http t co mw41rplqoe http t co sqfbeqpdr9
-1	atjogialove did u end up watching danny collins
-1	danny collins http t co vdhgtjqzma
-1	keeping it real with danny collins dannycollinsmovie ad http t co r4qewerzze amctheatres
-1	danny collins hillsboro ohio http t co lvvfi2bdi8
-1	retweet danny collins trailer 1 2015 jennifer garner al pacino movie hd http t co 29ajnsd2ul http t co snd7sufawh
-1	danny collins producer http t co zmvplgrow9
-1	bobbycannavale saw you in the movie danny collins your portrayal was as real as it could get bravo
-1	rt taticopywriter the danny collins movie will be one of those on my list to rewatch research and have a fond memory of in other word
-1	the danny collins movie will be one of those on my list to rewatch research and have a fond memory of in other words rare
-1	yo danny collins review al pacino as aging rock star http t co e8gebhsead acting bobbycannavale
-1	stream back on just got back from seeing danny collins was a fun time http t co vg43ap7oxq
-1	danny collins is a really good little film fb
-1	bobbycannavale even as a fan i was impressed and surprised by your work in danny collins stole the pic for my money congratulations
-1	like danny collins trailer 1 2015 jennifer garner al pacino movie hd http t co bfykcowjqe http t co es58apyfcm
-1	on my list dayatmovies dannycollinsmovie dannyis pretty great my full review http t co bqlsvmxs67 http t co bp3qnz2abl
-1	my reviews thelongestride http t co 0vggwuuqxl cloudsofsilsmaria http t co onksoyw4zf dannycollins http t co q0ge3a3q6m
-1	shehu_mahdi i grew up watch danny collins 2015 at http t co 1demnprgo9 movie film streaming
-1	celeb danny collins trailer 1 2015 jennifer garner al pacino movie hd http t co bpluxivt2q http t co cech4ma5mb
-1	my review of danny collins 2014 on letterboxd http t co 2tqqlub9oz
-1	danny collins http t co rzov9qagq3 alpacino annettebening bobbycannavale christopherplummer dannycollins jennifergarner
-1	danny collins when music isn t enough http t co klubaogd6m michael
-1	movie review danny collins http t co 1wy2k3xd5q film movie review via humortimes
-1	what a real rocker thinks of al pacino as a rock star in danny collins http t co 9lmmbyu2oa
-1	danny collins cinemark 18 rave18la for danny collins in los angeles ca https t co 0impxnmxbq
-1	an undelivered letter from lennon could have changed his life forever danny collins in cinemas apr 16 gscmstories http t co cmxzbjerae
-1	langleytimes thinkin about watch danny collins 2015 at http t co e6gkwa5owc movie film streaming
-1	rt theescapistmag danny collins familiar story funny story touching story http t co qzflnar5mb esc
-1	celebrity danny collins trailer 1 2015 jennifer garner al pacino movie hd http t co mpcqglxf4c http t co uburrxis04
-1	danny collins when track isn t sufficient http t co wznmoqxzog
-1	loved danny collins
-1	i rated danny collins 2015 7 10 imdb http t co qgrjakkw43
-1	thanks http t co 8sdpbpcjmw https t co qou4xbnrxo
-1	went to the movies and saw danny collins it was a very inspiring film about the rocker receiving a letter from john lennon over 40 years ago
-1	check out danny collins moviefone http t co uxzdmzw4sv
-1	saw the movie danny collins today was really good al pacino at his best http t co umnrwgpdnp
-1	rt alamarlu danny collins burnley died http t co trkotipqqn
-1	i really liked danny collins al pacino was terrific
-1	i love al pacino in anything he plays gt he s great in danny collins
-1	jewishtweets watching this movie danny collins 2015 at http t co a9yvjrikmu movie film streaming
-1	saw danny collins fri pacino can always be counted on for a great show
-1	just saw danny collins great movie go see it
-1	weekend movies clouds of sils maria the salt of the earth danny collins and more http t co djj7srwig1 toronto http t co gipq4e4hwo
-1	86 danny collins as funny as it was poignant maybe more so eightwordsorless 365movies 365days dlmchallenge seeitnow alpacino
-1	rt giecomretos danny collins ohio http t co 1csh7axw17
-1	come enter danny collins with me http t co uarsdslzli
-1	rt vanobserver interchanges between juliette binoche amp kristen stewart are a delight in clouds of sil maria http t co yjmf7uuggz http
-1	danny collins actor http t co ymg5kson4h
-1	danny collins is drowning in the clich s of boomer rock stardom http t co orlfbwyegs http t co m5rojfcxjl
-1	rt giecomretos danny collins ohio http t co 1csh7axw17
-1	rt vanobserver interchanges between juliette binoche amp kristen stewart are a delight in clouds of sil maria http t co yjmf7uuggz http
-1	glenn__kenny don t toy with me i saw the trailer with danny collins and found myself emitting one or two lols as they say
-1	check out danny collins moviefone http t co vycnkg5zu1
-1	what a real rocker thinks of al pacino as a rock star in danny collins http t co rpdwfwjkgy
-1	danny collins http t co rzov9qagq3 alpacino annettebening bobbycannavale christopherplummer dannycollins jennifergarner
-1	rt alamarlu danny collins burnley died http t co trkotipqqn
-1	rt alec_n_collins this is why i want to live in spain http t co gbmshkes2n
-1	emaginetheatres i went to see danny collins and it was a very good movie
-1	rt variety al pacino channels his inner rod stewart with a touch of barry manilow for dannycollins http t co gpmaythmjk http t co
-1	rt abc7 oscar winner al pacino centers an all star cast in new movie danny collins http t co qsrqc4kgny http t co d92ii1hmtf
-1	showing tonight danny collins 4 00 7 00 woman in gold 4 15 what we do in the shadows 7 15
-1	in dannycollins pacino plays an aging pop star still belting out the same hits for his fans http t co soyxxatoig http t co ao3qjqldaq
-1	boxoffice 9 danny collins 1 6m http t co jtrecvfwj5
-1	danny collins http t co p4ik1nijv4
-1	just saw the new movie danny collins with al pacino and awesome cast fantastic
-1	vicksflicks danny collins 3 5 5 stars 1 2 the entire cast but most notably pacino is infectious amp charming in this light yet still
-1	trying to convince your friend to movie hop to danny collins after the longest ride so that you can have a itsmmbenoist double feature
-1	source http t co gk9vewxtzh comedydramamovie dannycollinsfullmovie dannycollinsonlinestreaming
-1	but seriously go see danny collins
-1	review danny collins via alyssa_ipof http t co 5l6nbsfwtk filmfestoday http t co kp8xszhdzz
-1	rt vanobserver interchanges between juliette binoche amp kristen stewart are a delight in clouds of sil maria http t co yjmf7uuggz http
-1	rt johnlennon ew al pacino s rock star tries a new tune in exclusive clip from dannycollins http t co sgwwqbmppr http t co unnaa6
-1	i got way more than i expected from danny collins great movie great performances all around
-1	rt vanobserver interchanges between juliette binoche amp kristen stewart are a delight in clouds of sil maria http t co yjmf7uuggz http
-1	reviews of danny collins clouds of sil maria young and prodigious t s spivet and more via vanobserver http t co t77ybssixv
-1	rt vanobserver interchanges between juliette binoche amp kristen stewart are a delight in clouds of sil maria http t co yjmf7uuggz http
-1	rt vanobserver interchanges between juliette binoche amp kristen stewart are a delight in clouds of sil maria http t co yjmf7uuggz http
-1	danny collins starring al pacino is great cinema showing was packed at greenwich bowtie cinemas to see it highly recommend greenwich
-1	rt freshfictiontv dannycollins is a heartfelt and comedic return for alpacino wordsbycole reviews http t co cmoqhtrrvg http t
-1	rt halifaxbloggers a filipino film is in the mix at bayer s lake you re my boss http t co gpfgq4zkj1 film carstenknox http t co
-1	heatherzilla8 what movie did you see i saw danny collins yesterday it was a good flick
-1	why did al pacino make danny collins worse movie he has ever starred in should have never been green lighted
-1	movie review in danny collins pacino helps us imagine a lennon story the state journal register http t co ijrc1npbgo
-1	mesalomac haha rollerball rocco fit finlay danny boy collins
-1	danny collins construction http t co niqkgzqumx
-1	rt uadexarim danny collins burnley death http t co tpkaz1c5pw
-1	a letter from john lenin changes the life of danny collins review http t co i4n5cvfkko movies drama comedy
-1	rt bleeckerstfilms danny collins is now playing in theaters everywhere watch https t co 6opmq4wcz6 tix http t co 9t3cv2wosa
-1	danny collins official hd trailer https t co irj58cjx8r via youtube
-1	rt vanobserver interchanges between juliette binoche amp kristen stewart are a delight in clouds of sil maria http t co yjmf7uuggz http
-1	rt vanobserver interchanges between juliette binoche amp kristen stewart are a delight in clouds of sil maria http t co yjmf7uuggz http
-1	rt vanobserver interchanges between juliette binoche amp kristen stewart are a delight in clouds of sil maria http t co yjmf7uuggz http
-1	rt vanobserver interchanges between juliette binoche amp kristen stewart are a delight in clouds of sil maria http t co yjmf7uuggz http
-1	interchanges between juliette binoche amp kristen stewart are a delight in clouds of sil maria http t co yjmf7uuggz http t co rgq5rqubtu
-1	dannycollins an unabashed streak of melodrama sharp dialogue amp a superb ensemble cast ebertvoices review http t co yy0yiufvty
-1	rt bleeckerstfilms danny collins is now playing in theaters everywhere watch https t co 6opmq4wcz6 tix http t co 9t3cv2wosa
-1	my mom amp i saw danny collins today we really enjoyed it but it s the type of film you can easily wait to see at home on dvd
-1	then we heard they were going to see danny collins that al pacino movie
-1	i m at grandlake theater for danny collins in oakland ca https t co jb7jy77mw9
-1	rt lujetexafigi danny collins nottingham forest twitter http t co ui2aspqzlt
-1	danny collins rt imcardo hiiamdaniel movie
-1	9 danny collins 1 6m http t co 90z4ncczki
-1	box office result 9 danny collins 1 6m read http t co xgiuung3x9 via fandango
-1	9 danny collins 1 6m play trailers
-1	rt carstenknox al pacino is part showy part meaty as dannycollins http t co 2qdx8sdfcy
-1	danny collins was a great film thanks for the lady date stephansson6 amp stephmotley5 x
-1	rt alamarlu danny collins burnley died http t co trkotipqqn
-1	watching danny collins film at amc indian river 24 http t co u878x0bnvx
-1	danny collins died http t co zwg8vleohf
-1	danny collins official website movie coming to theaters 2015 http t co 0mpfekdbfo
-1	56 danny collins cenev i like all the actors but the movie didn t live up to them shame really
-1	ultimately danny collins won me over some fine work by al pacino and bobby cannavale
-1	a filipino film is in the mix at bayer s lake you re my boss http t co gpfgq4zkj1 film carstenknox http t co q1526pjidv
-1	miscast pacino drags down danny collins another great true story had potential but falls way short felt like a lifetime movie too bad
-1	danny collins http t co rzov9qagq3 alpacino annettebening bobbycannavale christopherplummer dannycollins jennifergarner
-1	if you haven t seen danny collins yet what are you doing
-1	dannycollins expands to 739 screens cracks boxoffice top 10 our 4 sheep review http t co tgafoaqdjt via partyg
-1	movie review al pacino in danny collins with music by john lennon was awesome
-1	movie review danny collins http t co 1wy2k3xd5q film movie review via humortimes
-1	rt alpacinoupdate danny collins review al pacino is caught between rock and a soft place http t co ojyxznemng
-1	if you are looking for something to see at the theatre this weekend i strongly recommend danny collins al pacino ridiculous
-1	danny collins burnley died http t co trkotipqqn
-1	went to see movie danny collins great movie from a true story al palinco was great
-1	cinemarter danny collins familiar story funny story touching story http t co vugc5rtval via theescapistmag
-1	danny collins burnley death http t co tpkaz1c5pw
-1	rt gonmecepe danny collins real http t co 2s0eswwvvo
-1	new films the longest ride danny collins while we re young http t co wztx58lk6l googlealerts
-1	danny collins official trailer 1 2015 al pacino jennifer garner mo https t co cs91ab72du
-1	danny collins at 2 00 5 00 7 00
-1	rt alpacinoupdate danny collins al pacino unleashed as aging pop star http t co 1imrqurnvm
-1	rt theescapistmag danny collins familiar story funny story touching story http t co qzflnar5mb esc
-1	rt stevedennis71 the redemption plot of a washed up star may have been told a hundred times but danny collins warms the heart gem of a m
-1	danny collins http t co rzov9qagq3 alpacino annettebening bobbycannavale christopherplummer dannycollins jennifergarner
-1	and i wanna see danny collins
-1	outlook film review of danny collins amp thoughts on redemption http t co em4uwmid2i http t co mumpjno9bs
-1	ok but i really wanna see the danny collins movie
-1	dannycollins went to see danny collins last nite good movie love alpacinoupdate love johnlennon
-1	danny collins was really entertaining amp charming especially if you like al pacino the actor not the overactor
-1	do yourself a favor and check out danny collins best al pacino in years and terrific supporting work as usual by christopher plummer
-1	we est furious 7 60m home 19m the longest ride 13 5m get hard 8 6m cinderella 7 5m danny collins while young in top 10
-1	danny collins familiar story funny story touching story http t co qzflnar5mb esc
-1	danny collins with he s help i will be doing my final big run this evening of 18 miles at 7 45pm then 2 weeks until the big day
-1	cinemarter danny collins familiar story funny story touching story http t co muf1et39w0
-1	check out danny collins moviefone http t co irhojfhola
-1	floatsyourboch not immediately opening in over 600 theaters it follows danny collins woman in gold while we re young
-1	showing today danny collins 1 45 4 00 7 00 woman in gold 1 15 4 15 effie gray 1 30 what we do in the shadows 7 15
-1	film reviews of gett the trial of viviane amsalem while we re young woman in gold and danny collins http t co abi8xbr5ap
-1	danny collins movie during a storm sweet carmike cinemas avenue 16 in melbourne fl https t co uzdfljmtad http t co ddii9otqfj
-1	danny collins the trailer looks incredibly schmaltzy but the film is actually quite charming it s a comedy http t co zpzw6i2gfq
-1	i walked out of the theatre with a smile on my face seeing the film danny collins with al pacino christopher http t co yqyzcqep9i
-1	rt optimussolo off to see danny collins with hardcandimandi
-1	al pacino is the man i hope its good watching danny collins film at amc owings mills 17 http t co wiz8p5ipfx
-1	smart writing in danny collins
-1	danny collins familiar story funny story touching story http t co xwve0r8ntf johnlennon
-1	rt backmisle1988 danny collins annan http t co tq01gn4sjb
-1	rt giecomretos danny collins ohio http t co 1csh7axw17
-1	off to see danny collins with hardcandimandi
-1	danny collins vf film complet hd youtube http t co 3xc855wxgt
-1	i d genuinely rather have danny collins at centre half than mangala
-1	danny collins http t co 1tlyysfanx
-1	rt martertweet my danny collins review is now live on theescapistmag http t co q0ge3a3q6m dannycollins cc elevation_pics
-1	yo danny collins review al pacino as aging rock star http t co e8gebhsead acting bobbycannavale
-1	my danny collins review is now live on theescapistmag http t co q0ge3a3q6m dannycollins cc elevation_pics
-1	rt blunthirivi danny collins poster http t co hhzmmof87g
-1	rt alpacinoupdate al pacino finds the late career triumph he deserves in danny collins http t co fdbw4lp3q8
-1	inside apple s top secret health lab for apple watch al pacino on taking on danny collins role
-1	rt halifaxbloggers scott eastwood son of clint stars in the longest ride more new movies http t co gpfgq4zkj1 film carstenknox ht
-1	scott eastwood son of clint stars in the longest ride more new movies http t co gpfgq4zkj1 film carstenknox http t co fqnjnedb1r
-1	bleecker street s 1st film out of the gate danny collins jumps into the top 10 in its 4th week of release w 1 6m
-1	danny collins great movie see it
-1	rt amcindependent check out our exclusive clip from womaningold now playing get tix http t co 0iq4e4sqan https t co jnjoji0tfc
-1	really enjoyed the movie danny collins with al pacino greatflick http t co nufrfv5quk
-1	al pacino s charisma and heart carry the dan fogelman s entertaining danny collins http t co xow9nhlb2o http t co lxlax93mmn
-1	yo danny collins review al pacino as aging rock star http t co e8gebhsead acting bobbycannavale
-1	kca votejkt48id isagarciacuenca what a real rocker thinks of al pacino as a rock star in danny collins v a usatodaylife
-1	what a real rocker thinks of al pacino as a rock star in danny collins http t co oxdaswjizk v a usatodaylife
-1	rt alpacinoupdate what a real rocker thinks of al pacino as a rock star in danny collins http t co rkhib6snp5
-1	yokoono good morning yoko i saw the film danny collins last night i wondered what you thought of it the letter you wrote was kind wise
-1	movie review danny collins http t co 1wy2k3xd5q film movie review via humortimes
-1	movie review as the aging pop star of danny collins al pacino is better than he s been in years http t co ysguu9mmp3
-1	here it is everyone my review of danny collins enjoy the weekend https t co bdhb68tezy dannycollins movies film cinema
-1	danny collins rent it wait for the dvd
-1	rt bleeckerstfilms the critics have spoken danny collins is certified fresh on rottentomatoes now playing everywhere http t co 0wi
-1	rt halifaxbloggers al pacino s back in an irresistibly splashy role carstenknox reviews danny collins http t co 2qdx8sdfcy film ht
-1	danny collins is playing at my favorite movie theater guess i know what i ll be going to during the week
-1	dannycollinsmovie dannyis pretty great my full review http t co zycn7o0wer http t co rhpa9zdyqt
-1	sandykenyon7 sandy what do you think of danny collins and cinderella we are thinking of going to the movies today and need your advice
-1	danny collins has 5 oscar worthy actors and yet it is a 7 year old girl who absolutely steals the movie giselle eisenberg remember name
-1	rt alpacinoupdate danny collins review al pacino as aging rock star http t co whwlvu0uwz
-1	rt alpacinoupdate danny collins stars al pacino as an aging singer http t co x8xzq3pppp
-1	al pacino s back in an irresistibly splashy role carstenknox reviews danny collins http t co 2qdx8sdfcy film http t co 7wnnfn3whk
-1	rt hannah37947 inside apple s top secret health lab for apple watch al pacino on taking on danny collins role
-1	landon collins amp danny shelton seem like reese kinda picks last year he took obj for the new offense defense might be the wave this time
-1	danny collins http t co rzov9qagq3 alpacino annettebening bobbycannavale christopherplummer dannycollins jennifergarner
-1	rt moviequips 15 new trailer faves incl danny collins in her place the longest ride miss julie riot club the voices http t co
-1	danny collins annan http t co tq01gn4sjb
-1	danny collins unsqgreenmarket the staff saxon merino sheep new york is a wonderland thank you
-1	sanjmovies lot of indie movies for lexman danny collins what we do in shadows lost river and ex machina too many indies
-1	danny collins sent off http t co qsnes7kg7s
-1	contest hey everyone win danny collins movie passes now simply answer the questions and you can be one http t co n1mwtqjhhw
-1	yo danny collins review al pacino as aging rock star http t co e8gebhsead acting bobbycannavale
-1	rt giecomretos danny collins ohio http t co 1csh7axw17
-1	danny collins 2014 fullmovie youtube http t co f588zpogr2
-1	mmbenoist just saw danny collins loved it you were great in it bummed we didn t get to see if jamie amp nicki ever hooked up
-1	what a real rocker thinks of al pacino as a rock star in danny collins chicago lead singer robert lamm had the http t co chwkrm9uke
-1	rt cinefileblog danny collins is easily enjoyable with great performances but my pick has to be https t co tukyhwv0un
-1	danny collins http t co rzov9qagq3 alpacino annettebening bobbycannavale christopherplummer dannycollins jennifergarner
-1	the redemption plot of a washed up star may have been told a hundred times but danny collins warms the heart gem of a movie
-1	new films the longest ride danny collins while we re young
-1	movie capsules danny collins the longest ride son of satyamurthy opening this week http t co rmla7fjae1 http t co jlpryldg5e
-1	danny collins was one of the best movies i ve ever seen
-1	my wife and i very much enjoyed danny collins despite jennifer garner s character wearing the fakest mets t shirt of all time
-1	itsmmbenoist supergirl should have punched danny collins lol
-1	http t co klqxyz3xuo new post danny collins 2015 http t co ad3qw3zh33
-1	danny collins 3 5 5 a story about what would ve amp could ve been will you look back 40 years from now amp wish you stayed true to yourself
-1	rt dvinchiii every musician artist should go see danny collins it will inspire shit everyone should go see dannycollinsmovie
-1	honestly danny collins is better than it has any right to be
-1	danny collins is my favorite movie of the year thus far well done al pacino
-1	al pacino the great http t co difsgyfyij
-1	just saw danny collins very enjoyable movie one reviewer said the lesson of this likable little movie is http t co zakw7p3u9v
-1	film reviews of _danny collins_ _clouds of sil maria_ _salt of the earth_ and more from vanobserver http t co fm39ugqmgo cinema
-1	saw danny collins last night and totally noticed judith_hill in the concert scene
-1	danny collins is delightfully heartwarming pacino is captivating w john lennon providing the perfect soundtrack to the film
-1	rt bertippy danny collins is actually the greatest movie i have ever seen superbly written emotionally captivating and well casted da
-1	danny collins real http t co 2s0eswwvvo
-1	rt berholestsul danny boy collins kid mccoy http t co hg0equh2ho
-1	danny collins ohio http t co 1csh7axw17
-1	i chose danny collins because it s rated r and i don t have my kids
-1	new motion pictures the longest trip danny collins while have been young the sacramento press http t co yojtjfoeiy
-1	danny collins was so good
-1	weeklychris i love you collins te amo collins
-1	i m at amc loews palisades center 21 amctheatres for danny collins in west nyack ny https t co obckojxifd
-1	danny collins approved dannycollins movies amc alpacino anettebenning michaeljackson disneyland https t co jwan5aa0fa
-1	tigers vs pirates danny collins and the longest ride now screening cps tues 4 14 15 http t co dtwhiysgzq
-1	the salt of the earth is an almost two hour slide show of photographs intensely involving http t co dn1ojdixop http t co 1gsjg3g4l2
-1	zrobinson1 zomgosh woman in gold amp danny collins opened this weekend i should go to a late show tonight
-1	movie review danny collins http t co 1wy2k3xd5q film movie review via humortimes
-1	rt moviequips 15 new trailer faves incl danny collins in her place the longest ride miss julie riot club the voices http t co
-1	new films the longest ride danny collins while we re young http t co anxk3tbmsp
-1	new films the longest ride danny collins while were young the sacramento press http t co lpggw04y4i
-1	new films the longest ride danny collins while we re young the sacramento press the sacra http t co b4kpbpdrcb gameofthrones
-1	real rocker grades al pacino as a rock star http t co ndbtsdlrf2
-1	may or may not have seen danny collins twice today because my love for al pacino knows no bounds
-1	sarahsbackstage reviews danny collins and woman in gold
-1	via thewasnews the longest ride danny collins while we re young scotteastwood explainyourusername http t co cyp7sfdomi
-1	via thewasnews the longest ride danny collins while we re young scotteastwood explainyourusername http t co brhlkmyznw
-1	via thewasnews the longest ride danny collins while we re young scotteastwood explainyourusername http t co 3kpoysaacn
-1	via thewasnews the longest ride danny collins while we re young scotteastwood explainyourusername http t co obmya9clsj
-1	via thewasnews the longest ride danny collins while we re young scotteastwood explainyourusername http t co musyalrygg
-1	via thewasnews the longest ride danny collins while we re young scotteastwood explainyourusername http t co wdh6jrpexw
-1	via thewasnews the longest ride danny collins while we re young scotteastwood explainyourusername http t co koj6oom2ko
-1	via thewasnews the longest ride danny collins while we re young scotteastwood explainyourusername http t co xio3mss7z8
-1	via thewasnews the longest ride danny collins while we re young scotteastwood explainyourusername http t co 11760knrqu
-1	via thewasnews the longest ride danny collins while we re young scotteastwood explainyourusername http t co cqw9flgvdf
-1	via thewasnews the longest ride danny collins while we re young scotteastwood explainyourusername http t co fuwq97zrve
-1	via thewasnews the longest ride danny collins while we re young scotteastwood explainyourusername http t co azga729vne
-1	via thewasnews the longest ride danny collins while we re young scotteastwood explainyourusername http t co pviyuagfae
-1	via thewasnews the longest ride danny collins while we re young scotteastwood explainyourusername http t co uv2ow1vhjc
-1	via thewasnews the longest ride danny collins while we re young scotteastwood explainyourusername http t co ribm4pgjhx
-1	via thewasnews the longest ride danny collins while we re young scotteastwood explainyourusername http t co yfwldt42hw
-1	via thewasnews the longest ride danny collins while we re young scotteastwood explainyourusername http t co yvkfn4iuac
-1	via thewasnews the longest ride danny collins while we re young scotteastwood explainyourusername http t co 1c8wzaue2a
