-1	watch devil s backbone texas click gt http t co bzxq8fzdax http t co pwxpto2neu
-1	watching devils backbone texas netflix
-1	watch devil s backbone texas click http t co bzxq8fzdax http t co pwxpto2neu
-1	watch devil s backbone texas click http t co bzxq8fzdax http t co pwxpto2neu clickandwatchonline
-1	finna see wassup with thus devils backbone texas
-1	truth behind devil s backbone texas jakewadewall devilsbackbonetexas https t co kz6vdffpyt
-1	new review please like me https t co 8crfw2zkey fb
-1	devil s backbone texas trailer http t co prjhd9ndyg foundfootage
-1	ok the ending to the devils backbone texas was hilariously bad
-1	so far im really enjoying devils backbone texas but i feel like they ripped the entire idea of lake mungo
-1	rt xxmarypoppinsxx everyone should watch devils backbone texas it s a reallyyyy cool film awesome concept and characters are so believab
-1	ormsweetorm devils backbone texas on netflix absolutely gash
-1	everyone should watch devils backbone texas it s a reallyyyy cool film awesome concept and characters are so believable jakewadewall
-1	watching devils backbone texas why are ppl so harsh don t they like realism jakewadewall
-1	rt vicsmovieden which way out of devil s backbone texas trash film guru http t co ce6sg44zan
-1	devil s backbone texas 2015 http t co pebhcqgctj
-1	rt vicsmovieden which way out of devil s backbone texas trash film guru http t co ce6sg44zan
-1	which way out of devil s backbone texas trash film guru http t co ce6sg44zan
-1	85 devils backbone texas seed of something interesting and credible becomes increasingly diluted by blair witch yness dlmchallenge
