-1	rt btsthetype jungkook the type to watch fifty shades of grey jhope the type to read it and jin the type to write a fanfic about it
-1	rt depresseddarth still a better love story than fifty shades of grey http t co ffln5dbdmw
-1	fifty shades of grey nw
-1	fifty shades of grey dvd brand new factory sealed pre order http t co im8o2wxnue nsfw teen http t co mdvdgf5upz
-1	fifty shades of grey dvd brand new factory sealed pre order http t co 8enqy4bezp porn sex http t co 9ntteejavu
-1	fifty shades of grey dvd brand new factory sealed pre order http t co ldflzyzumz milf xxx http t co j20i7zkj1x
-1	fifty shades of grey dvd brand new factory sealed pre order http t co 2g2tf7ntyg 50shades http t co e76ausqt5a
-1	the fifty shades of grey soundtrack gives me life
-1	i finally saw fifty shades of grey i liked it i thought it was pretty good considering the fact that it isn t http t co 4yzarlawkc
-1	fifty shades of grey
-1	jamie dornan nuevos stills de la pelicula fifty shades of grey boys of hollywood http t co ie0xrfeb3l
-1	rt ghetospongebob fifty shades of grey looks intense must see http t co l89q93s4wc
-1	rt fact fifty shades of grey matter 9 facts about the female brain that men should know http t co mufsctbkw0
-1	watching fifty shades of grey at dina private home https t co yobfead1ku
-1	me meg and cooper are watching fifty shades of grey bestfriendgoals
-1	kca votejkt48id fact fifty shades of grey matter 9 facts about the female brain that men should know http t co yvm38zs9m2
-1	eyepatchednoble already did it s from the movie fifty shades of grey right
-1	fifty shades of grey https t co zatkwkghs7
-1	the weeknd earned it fifty shades of grey http t co 98wzhmwyka nowplaying listenlive
-1	the weeknd earned it fifty shades of grey lyrics sub espa ol off https t co xnkisvawqe v a youtube
-1	i just watch fifty shades of grey i don t like how it finish but anyway i really like this film and i want watch it all time and don t stop
-1	fifty shades of grey w alt ending on digital hd may 1 i m bringing mr grey home http t co rcsvkaoydv http t co u7achdtdea
-1	fifty shades of grey
-1	rt ohuglytruth fifty shades of grey is romantic only because the guy is a billionaire if he was living in a trailer it would be a crimin
-1	fifty shades of grey matter 9 facts about the female brain that men should know http t co ktxfvwhmuv
-1	wow this nigga in fifty shades of grey said if you were mine you wouldn t be able to sit down for a week wow b that s love
-1	i liked a youtube video http t co sr1g1kyrt3 earned it fifty shades of grey from the fifty shades of grey soundtrack
-1	nowplaying earned it fifty shades of grey von the weeknd sendung rotation auf magictop100 lautfm http t co fl4usybnyt
-1	rt styiesthetype harry the type to take you to see fifty shades of grey and use his hands to cover your eyes at all the sexual scenes
-1	rt fifty shades of grey matter 9 facts about the female brain that men should know http t co nlpqokneuk
-1	erotic female submissive figurine fetish not fifty shades of grey bdsm kinky art http t co h0hslgg8bu fetish http t co db6uhlovji
-1	erotic female submissive figurine fetish not fifty shades of grey bdsm kinky art http t co xjcavqf8wk kinky http t co msq8gid11w
-1	rt sgrstk fifty shades of grey is a remake of halloween stalking mystery playing hard to get it s michael myers with a job and a
-1	watching fifty shades of grey https t co qi8eb19oax
-1	rt fact fifty shades of grey matter 9 facts about the female brain that men should know http t co mufsctbkw0
-1	rt fact fifty shades of grey matter 9 facts about the female brain that men should know http t co mufsctbkw0
-1	rt fact fifty shades of grey matter 9 facts about the female brain that men should know http t co mufsctbkw0
-1	rt fact fifty shades of grey matter 9 facts about the female brain that men should know http t co mufsctbkw0
-1	rt fact fifty shades of grey matter 9 facts about the female brain that men should know http t co mufsctbkw0
-1	fifty shades of grey matter 9 facts about the female brain that men should know http t co haaem86iqs fact he heartsaresilent
-1	rt fact fifty shades of grey matter 9 facts about the female brain that men should know http t co mufsctbkw0
-1	rt fact fifty shades of grey matter 9 facts about the female brain that men should know http t co mufsctbkw0
-1	rt fact fifty shades of grey matter 9 facts about the female brain that men should know http t co mufsctbkw0
-1	rt fact fifty shades of grey matter 9 facts about the female brain that men should know http t co mufsctbkw0
-1	rt fact fifty shades of grey matter 9 facts about the female brain that men should know http t co mufsctbkw0
-1	rt fact fifty shades of grey matter 9 facts about the female brain that men should know http t co mufsctbkw0
-1	rt fact fifty shades of grey matter 9 facts about the female brain that men should know http t co mufsctbkw0
-1	rt fact fifty shades of grey matter 9 facts about the female brain that men should know http t co mufsctbkw0
-1	rt fact fifty shades of grey matter 9 facts about the female brain that men should know http t co mufsctbkw0
-1	rt fact fifty shades of grey matter 9 facts about the female brain that men should know http t co mufsctbkw0
-1	rt fact fifty shades of grey matter 9 facts about the female brain that men should know http t co mufsctbkw0
-1	rt fact fifty shades of grey matter 9 facts about the female brain that men should know http t co mufsctbkw0
-1	rt fact fifty shades of grey matter 9 facts about the female brain that men should know http t co mufsctbkw0
-1	rt fact fifty shades of grey matter 9 facts about the female brain that men should know http t co mufsctbkw0
-1	rt fact fifty shades of grey matter 9 facts about the female brain that men should know http t co mufsctbkw0
-1	fifty shades of grey sequel casting mrs elena robinson ana s darker look http t co kgd6aqpdau examinercom fsog fiftyshades 50shades
-1	rt fact fifty shades of grey matter 9 facts about the female brain that men should know http t co mufsctbkw0
-1	rt fact fifty shades of grey matter 9 facts about the female brain that men should know http t co mufsctbkw0
-1	rt fact fifty shades of grey matter 9 facts about the female brain that men should know http t co mufsctbkw0
-1	rt fact fifty shades of grey matter 9 facts about the female brain that men should know http t co mufsctbkw0
-1	rt fact fifty shades of grey matter 9 facts about the female brain that men should know http t co mufsctbkw0
-1	rt fact fifty shades of grey matter 9 facts about the female brain that men should know http t co mufsctbkw0
-1	rt fact fifty shades of grey matter 9 facts about the female brain that men should know http t co mufsctbkw0
-1	rt fact fifty shades of grey matter 9 facts about the female brain that men should know http t co mufsctbkw0
-1	rt fact fifty shades of grey matter 9 facts about the female brain that men should know http t co mufsctbkw0
-1	rt fact fifty shades of grey matter 9 facts about the female brain that men should know http t co mufsctbkw0
-1	rt fact fifty shades of grey matter 9 facts about the female brain that men should know http t co mufsctbkw0
-1	rt fact fifty shades of grey matter 9 facts about the female brain that men should know http t co mufsctbkw0
-1	rt fact fifty shades of grey matter 9 facts about the female brain that men should know http t co mufsctbkw0
-1	rt fact fifty shades of grey matter 9 facts about the female brain that men should know http t co mufsctbkw0
-1	rt fact fifty shades of grey matter 9 facts about the female brain that men should know http t co mufsctbkw0
-1	rt fact fifty shades of grey matter 9 facts about the female brain that men should know http t co mufsctbkw0
-1	rt fact fifty shades of grey matter 9 facts about the female brain that men should know http t co mufsctbkw0
-1	rt fact fifty shades of grey matter 9 facts about the female brain that men should know http t co mufsctbkw0
-1	fifty shades of grey matter 9 facts about the female brain that men should know http t co mldapi0etx
-1	foto everyday50shades new still of fifty shades of grey http t co b3lbs5z3yv
-1	midnight move fifty shades of grey with dian https t co xeidriqmda
-1	fifty shades of grey with adhanny https t co muu9xtxm3v
-1	fifty shades of grey
-1	fifty shades of grey with rova https t co 4yxoyi3dqn
-1	foto charlie tango new still of fifty shades of grey http t co wi8napygof
-1	how to 50 shades of grey http t co wfcorv90q9
-1	i added a video to a youtube playlist http t co qcmhlxaicv earned it fifty shades of grey from the fifty shades of grey
-1	rt fact fifty shades of grey matter 9 facts about the female brain that men should know http t co mufsctbkw0
-1	wtf with the fifty shades of grey ending it can t finish like this what the hell
-1	my mumma asks me to watch fifty shades of grey with her like erm mumma i don t think that s a film i should be watching with you
-1	rt fact fifty shades of grey matter 9 facts about the female brain that men should know http t co mufsctbkw0
-1	rt fact fifty shades of grey matter 9 facts about the female brain that men should know http t co mufsctbkw0
-1	i posted 8 photos on facebook in the album fifty shades of grey http t co sbahlaozdf
-1	my soundtrack earned it fifty shades of grey fifty shades of grey soundtrack by the weeknd http t co rtsli4owvu pic
-1	photo new still of fifty shades of grey http t co cyzronnuz0
-1	beyonc crazy in love remix 2014 fifty shades of grey soundtrack https t co wrauxkhjrx via youtube
-1	rt fact fifty shades of grey matter 9 facts about the female brain that men should know http t co mufsctbkw0
-1	rt fact fifty shades of grey matter 9 facts about the female brain that men should know http t co mufsctbkw0
-1	rt fact fifty shades of grey matter 9 facts about the female brain that men should know http t co mufsctbkw0
-1	rt fact fifty shades of grey matter 9 facts about the female brain that men should know http t co mufsctbkw0
-1	rt fact fifty shades of grey matter 9 facts about the female brain that men should know http t co mufsctbkw0
-1	rt fact fifty shades of grey matter 9 facts about the female brain that men should know http t co mufsctbkw0
-1	rt fact fifty shades of grey matter 9 facts about the female brain that men should know http t co mufsctbkw0
-1	rt fact fifty shades of grey matter 9 facts about the female brain that men should know http t co mufsctbkw0
-1	rt fact fifty shades of grey matter 9 facts about the female brain that men should know http t co mufsctbkw0
-1	rt fact fifty shades of grey matter 9 facts about the female brain that men should know http t co mufsctbkw0
-1	rt hits93toronto now playing earned it from the fifty shades of grey soundtrack by theweeknd listen live at http t co snzvm0vzen
-1	rt fact fifty shades of grey matter 9 facts about the female brain that men should know http t co mufsctbkw0
-1	rt ohuglytruth fifty shades of grey is romantic only because the guy is a billionaire if he was living in a trailer it would be a crimin
-1	photo new still of jamie dornan to fifty shades of grey http t co qpub11d20g
-1	my inner goddess can t stop laughing http t co ckjeag1nnv
-1	fifty shades of grey matter 9 facts about the female brain that men should know http t co m7r0ifheml
-1	rt fact fifty shades of grey matter 9 facts about the female brain that men should know http t co mufsctbkw0
-1	rt fact fifty shades of grey matter 9 facts about the female brain that men should know http t co mufsctbkw0
-1	fifty shades of grey https t co stvxn2rxtv
-1	fifty shades of grey fiftyshades laura welsh you re undiscovered i wanna see the rest of you i can t get next to http t co llmfqrk9ms
-1	thingsiambestat watching fifty shades of grey acha yar nahe dakhta xd
-1	rt dnanto78 movies 1 fifty shades of grey unrated blu ray dvd digital hd ultraviolet fifty sh http t co xzxcs6nd5z maja
-1	5 real life bdsm stories you won t find in fifty shades of grey http t co 8nbww3vgln via kinkly
-1	rt dakotajohnsons photoset sultry stills of dakota and jamie in fsog more http t co 8czstvgrti http t co egvl4xblfk
-1	the weeknd earned it fifty shades of grey lyric video https t co trdaztlrlz via youtube
-1	rt fact fifty shades of grey matter 9 facts about the female brain that men should know http t co mufsctbkw0
-1	fifty shades of grey matter 9 facts about the female brain that men should know http t co r9smdqgfid
-1	my kind of fifty shades of grey https t co rxklncey6k
-1	good film fifty shades of grey https t co gwc3xeqtfj
-1	fifty shades of grey matter 9 facts about the female brain that men should know http t co mufsctbkw0
-1	rt ohuglytruth fifty shades of grey is romantic only because the guy is a billionaire if he was living in a trailer it would be a crimin
-1	my new sounds love me like you do ellie goulding fifty shades of grey ost cover https t co jkgf6u2fqi on soundcloud
-1	tried watching fifty shades of grey what the fuck was that
-1	rt comedyposts fifty shades of grey is romantic only because the guy is a billionaire if he was living in a trailer it would be a crimin
-1	have this song on repeat since yesterday lt 3 listening to skylar grey i know you from fifty shades of grey
-1	i love fifty shades of grey
-1	i added a video to a youtube playlist http t co kgmcfvrffu the weeknd earned it fifty shades of grey lyric video
-1	fifty shades of grey
-1	jk_rowling fifty shades of grey matter people harry potter http t co tsqyal7yol
-1	fifty shades of grey soundtrack is iconic
-1	nowplaying love me like you do from fifty shades of grey de ellie goulding http t co ona0gi5dhw
-1	shyislami1 cowensmegan cockneyconnor lewishowes__ here me and robyn acted fifty shades of grey my apologies
-1	viendo fifty shades of grey
-1	i liked a youtube video http t co 9w82udp6lc love me like you do ellie goulding fifty shades of grey soundtrack lyric video
-1	mary_believe such a hot song earned it fifty shades of grey by theweeknd from soundhound with livelyrics http t co w5gwhg7bqg
-1	rt amazingcast fifty shades of grey cast http t co trr36qbpm8
-1	dakota johnson s naked from fifty shades of grey watch http t co tgdpr2mxfg 50shadesofgrey fiftyshades california
-1	6 steamy books to combat your fifty shades of grey withdrawal http t co 801tuznb6o http t co q4kfdtxhsn
-1	earned it the weeknd official video fifty shades of grey http t co 2jekotepkn youtube
-1	me ha gustado un v deo de youtube http t co x5hhw930r2 the weeknd earned it fifty shades of grey lyric video
-1	photos dakota johnson nue dans fifty shades of grey cinquante nuances de grey photos dakota johnson n http t co g8hreg6dga
-1	rt comedyposts fifty shades of grey is romantic only because the guy is a billionaire if he was living in a trailer it would be a crimin
-1	i liked a youtube video from bamboo_panda21 http t co aevrriieyh taohun love me like you do ost fifty shades of grey
-1	fifty shades of grey generator http t co l5oomld3yp
-1	rt classyyems fifty shades of grey http t co aag6atgjto
-1	hemmoexist you will hook up with him and he ll fuck you hard as christian grey on fifty shades of grey whoops
-1	finally watching fifty shades of grey
-1	such a hot song earned it fifty shades of grey by theweeknd from soundhound with livelyrics http t co azuunojdqj
-1	rt btsthetype jungkook the type to watch fifty shades of grey jhope the type to read it and jin the type to write a fanfic about it
-1	nw fifty shades of grey
-1	my kind of fifty shades of grey https t co uaotbs4mdi
-1	rt dakotajohnsongb randompicture of dakota on the set of fifty shades of grey dakotajohnson http t co swouxmbakv
-1	watching fifty shades of grey https t co vddfgd49zt
-1	rt whlteandbiack fifty shades of grey looks like a must see http t co d8irok456p
-1	watching movie fifty shades of grey christian grey
-1	the title shouldn t be fifty shades of grey it should ve been fifty shades of sickness watching fifty shades of grey
-1	skylar grey i know you fifty shades of grey lyric video https t co iljyatbhub via youtube nl
-1	skylar grey i know you fifty shades of grey lyric video https t co rd16k58yqv v a youtube
-1	do they revoke my tumblr license if i don t reblog fifty shades of grey gifs
-1	rt btsthetype jungkook the type to watch fifty shades of grey jhope the type to read it and jin the type to write a fanfic about it
-1	fifty shades of grey ost full album amazing soundtrack https t co fcszqncdsn via youtube
-1	nemu mainan baru fifty shades of grey with donny https t co oo3jfib2cr
-1	nowplaying love me like you do from fifty shades of grey de ellie goulding de love me like you do http t co zqaknbxg0v
-1	rt itswillyferrell fifty shades of grey is only romantic because the guy is a billionaire if he was living in a trailer it would be a c
-1	hahahahahha bodohhhhh fifty shades of grey with cut thiusma meutia and 3 others https t co o1ooz5hrd2
-1	d_castillo04 alexbaelock fifty shades of grey
-1	rt blakefperry watching fifty shades of grey
-1	fifty shades of grey https t co ecxced3riq
-1	movies 1 fifty shades of grey unrated blu ray dvd digital hd ultraviolet fifty sh http t co xzxcs6nd5z majalahinternet
-1	movies 3 fifty shades of grey fifty shades of grey dakota johnson actor jamie dornan http t co 2ih8tzxlrq majalahinternet
-1	rt classyyems fifty shades of grey http t co aag6atgjto
-1	rt classyyems fifty shades of grey http t co aag6atgjto
-1	fifty shades of grey crazy in love http t co ldrigt7vbn
-1	finally watching fifty shades of grey for the first time
-1	has fifty shades of grey changed the way women think about sex ladycheeky weighs in http t co ntilseidb4
-1	9 ways to do the fifty shades of grey positions http t co qul1h2mfka http t co vta8rzntyx
-1	fifty shades of grey atm with sissy like4like tagsforlike https t co cafw3v44sn
-1	crazy in love from the fifty shades of grey by the heart strings https t co zqte24wnyx
-1	watching fifty shades of grey https t co 1oyagj2ssb
-1	rt blakefperry watching fifty shades of grey
-1	adesso in onda ellie goulding love me like you do from the fifty shades of grey soundtr by http t co kshoh2iwud
-1	fifty shades of grey dvd brand new factory sealed pre order http t co tmuj53gro8 fiftyshades http t co extudxyh6o
-1	anastasia steele s outfits from fifty shades of grey http t co bznmhlimfr
-1	the weeknd earned it fifty shades of grey lyric video http t co tpcy5xprxw
-1	rt themeninist fifty shades of grey is romantic only because the guy is a billionaire if he was living in a trailer it would be a crimin
-1	25 movies we can t wait to see in 2015 http t co kvs3yhkfrf
-1	itunes music love me like you do from the fifty shades of grey soundtrack ellie goul http t co d57gj3baer quatar official
-1	itunes music love me like you do from the fifty shades of grey soundtrack ellie goul http t co 5zbsnj9ben quatar official
-1	can everyone just read this thanks http t co bw0gyapebc
-1	rt rachida_hammou jamie dornan reads a sentence from the book fifty shades of grey with a french accent https t co jbbqtvv8mk
-1	is fifty shades of grey a good movie or nah
-1	check out what i found fifty shades of grey custom design mug free personalisation http t co lpi3gh3n3t via ebay_uk
-1	watching fifty shades of grey with maz e https t co u2ym2jew9c
-1	fifty shades of grey anal kinky gift box http t co rux5gxjvyk sextoy giftbasket 50shadesofgrey giftbox http t co l0da8hsets
-1	nw fifty shades of grey wahhhh hahaha
-1	i liked a youtube video http t co ymhyh3obiz fifty shades of grey official trailer universal pictures hd
-1	love me like you do from fifty shades of grey single by ellie goulding https t co qinlkh4omg
-1	rt _itsashlynn lol last night are we in fifty shades of grey elizabethsr99
-1	mr grey fifty shades of grey https t co fvyffbfv7b
-1	lol last night are we in fifty shades of grey elizabethsr99
-1	c i put a spell on you fifty shades of grey http t co cy95mopbjw
-1	kddbnp earned it fifty shades of grey by weeknd
-1	fifty shades of grey outside what izz this
-1	watching fifty shades of grey https t co iagflwyumv
-1	fifty shades of grey 2015 watch free online iphone ipad android http t co fzu8t6tuts fiftyshadesofgrey videos
-1	ost fifty shades of grey yang inspiring gw bgt taakkk love me like you do by ellie goulding
-1	brengsek fifty shades of grey https t co bstkjujlu5
-1	watching fifty shades of grey with bee and persephone06_ at bee s kingdom https t co 6hns4by1uo
-1	rt classyyems fifty shades of grey http t co aag6atgjto
-1	last month i saw fifty shades of grey in the cinema today is of an whole other level cinderella
-1	watching fifty shades of grey https t co bfiu173mjq
-1	check out what i found personalised fifty shades of grey coffee tea mug http t co bsnwj1dv4t via ebay_uk
-1	check out what i found personalised fifty shades of grey coffee tea mug http t co byaswi2slx via ebay_uk
-1	gostei de um v deo youtube http t co hyzkgzku8m crazy in love remix 2014 fifty shades of grey soundtrack
-1	check out what i found fifty shades of grey personalised mug free personalisation http t co i6jutg2f9i via ebay_uk
-1	lefatshe la botswana topsongs earned it from the fifty shades of grey soundtrack the w http t co pzlxigd6sl followme iphone
-1	pengen nonton fifty shades of grey lagii
-1	fifty shades of grey dvd brand new factory sealed pre order http t co 8enqy4bezp porn sex http t co 8kftmz5zyk
-1	check out what i found fifty shades of grey custom design personalised mug http t co 2ghty7swrq via ebay_uk
-1	fifty shades of grey dvd brand new factory sealed pre order http t co im8o2wxnue nsfw teen http t co yzaga4u8vr
-1	fifty shades of grey dvd brand new factory sealed pre order http t co ldflzyzumz milf xxx http t co tuxl3749s8
-1	fifty shades of grey dvd brand new factory sealed pre order http t co 2g2tf7ntyg 50shades http t co yxdnyehnvu
-1	playing the weeknd earned it fifty shades of grey from the fifty shades of grey soundtrack
-1	ai delete fifty shades of grey for your sake
-1	dailydot fifty shades of grey and jupiter ascending land on amazon instant in may http t co kxckgzuets http t co n4ufda8fju
-1	musicthanx daddy can re act some of the fifty shades of grey scenes
-1	watching fifty shades of grey https t co trnflj60ss
-1	rt jeremstar fifty shades of grey official trailer http t co ke2jpflyhq
-1	love me like you do from fifty shades of grey by elliegoulding from fifty shades of grey original motion pi http t co qtfxqkylaa
-1	rt wilsongrey132 yesicasanchez8 hello watch the fifty shades of grey online here http t co reefafgz3o
-1	i added a video to a youtube playlist http t co analhuep9j earned it fifty shades of grey from the fifty shades of grey
-1	i liked a youtube video http t co analhuep9j earned it fifty shades of grey from the fifty shades of grey soundtrack
-1	rt wilsongrey132 yesicasanchez8 hello watch the fifty shades of grey online here http t co zrvwa9cx2t
-1	yesicasanchez8 hello watch the fifty shades of grey online here http t co reefafgz3o
-1	yesicasanchez8 hello watch the fifty shades of grey online here http t co zrvwa9cx2t
-1	sendirian kok fifty shades of grey at naw s room https t co ihh5qvfwzw
-1	rt danamo earned it fifty shades of grey by the weeknd http t co elt2k6nw2j
-1	nowplaying earned it fifty shades of grey by the weekend on uk top 40 singles chart in superloud essentia http t co vb7i69aekf
-1	otm fifty shades of grey
-1	whips chains and capitalism what fifty shades of grey is really about http t co aqkbt4axvn
-1	fifty shades of grey i know you https t co 35hnb6njdd v a youtube
-1	fifty shades of grey is the weirdest movie ever
-1	fifty shades of grey soundtrack is greatness
-1	ii by avicii love me like you do from fifty shades of grey hey brother universal music llc
-1	10 erotic movies sexier than fifty shades of grey http t co j1xayqom4k
-1	today s hit youtube video in united kingdom ellie goulding s love me like you do from fifty shades of grey http t co ogtjdwqfks
-1	now you can listen to a game of thrones fifty shades of grey and http t co wswgyxvrbd
-1	rt marieclaire i tried all the sex from fifty shades of grey in one weekend http t co bhif60fgxb http t co aeiu5qmhoy
-1	i added a video to a youtube playlist http t co resrj9lpgy earned it fifty shades of grey from the fifty shades of grey
-1	fifty shades of grey
-1	rt hits93toronto now playing love me like you do from fifty shades of grey by elliegoulding listen live at http t co snzvm0vzen
-1	watch fifty shades of grey 2015 movie streaming check out this url http t co 55wqeguyl2
-1	crazy in love fifty shades of grey version beyonc traducida al e https t co eh4yrokxyq v a youtube
-1	the weeknd earned it fifty shades of grey lyric video https t co bcegngm3ro via youtube
-1	whips chains and capitalism what fifty shades of grey is really about feb 25 http t co gx41itmgi5
-1	flawlessxzayn_ wait what you dont know about fifty shades of grey
-1	wine experts blind taste tv amp movie wines like fifty shades of grey cosmopolitan scoopit http t co tsz4hktz09
-1	fifty shades of grey sex toy cleaner 3 4 oz fsg45602 http t co eekjkwijfg
-1	rt depresseddarth still a better love story than fifty shades of grey http t co ffln5dbdmw
-1	rt beautifulplcs fifty shades of grey http t co 7ul7kampv4
-1	nowplaying love me like you do from fifty shades of grey de ellie goulding no s http t co sk3xbjcgjz
-1	fifty shades of grey 2015 http t co 5rkuinervz http t co 5rkuinervz
-1	rt oluwatosinkt which movie do you think is overrated fifty shades of grey http t co axbwzb63xt
-1	ellie goulding love me like you do fifty shades of grey https t co vyworblyjn via youtube
-1	revlon s new lipstick advert resembles a 50 shades of grey scene daily mail http t co zscbdmqric
-1	fifty shades of grey hard limits universal restraint kit transform your bed into a bondage playgrou http t co 1xpqziqrir
-1	how can fifty shades of grey just end like that
-1	playing ellie goulding love me like you do from fifty shades of grey
-1	el_justforfun8 baru habis tgok fifty shades of grey and now i dont really know what i should do hahaha ending mesti tak best
-1	fifty shades of grey wasn t all that
-1	beyonc crazy in love remix 2014 fifty shades of grey soundtrack https t co bdwfqcqp9k via youtube
-1	baru habis tgok fifty shades of grey and now i dont really know what i should do hahaha
-1	rt iqupimytu fifty shades of grey yahoo movie http t co wacvrkxded
-1	rt fiftyshadesas jamie dornan s dad enjoyed fifty shades of grey http t co rhdexpsdpl http t co riv6mkuxjr
-1	rt fiftyshadesnew fifty shades of grey http t co s93dk1pmzl
-1	prev rt 98 for sure bangla ni taksub fifty shades of grey
-1	bir youtube videosu be endim http t co cs4kiyfz0u ellie goulding love me like you do fifty shades of grey cover
-1	watching fifty shades of grey w desi in saturday school
-1	peenasaran saturdaynight fifty shades of grey https t co naugiffoq3
-1	rt dakotajohnsongb randompicture of dakota on the set of fifty shades of grey dakotajohnson http t co swouxmbakv
-1	movies 1 fifty shades of grey unrated blu ray dvd digital hd ultraviolet fifty sh http t co xzxcs6nd5z majalahinternet
-1	movies 3 fifty shades of grey fifty shades of grey dakota johnson actor jamie dornan http t co 2ih8tzxlrq majalahinternet
-1	reading fifty shades of grey by e l james https t co yrjx5abpzn
-1	dailydot fifty shades of grey and jupiter ascending land on amazon instant in may http t co qllskvzuux
-1	just look at the context side of the movie fifty shades of grey look at it into different perspective and you will understand the message
-1	what was the last movie you watched that was really good fifty shades of mama grey http t co wxgylxkgca
-1	crazy in love beyonce fifty shades of grey version
-1	next fifty shades of grey at the premier jln pistol https t co mwgghwqvxd
-1	rt dak_johnson fbf fifty shades of grey backstage http t co w69yfhls2j
-1	rt beautifulplcs fifty shades of grey http t co 7ul7kampv4
-1	why won t fifty shades of grey download smh
-1	rt dak_johnson fbf fifty shades of grey backstage http t co w69yfhls2j
-1	anastasia by bennett chesne the unofficial theme song for fifty shades of grey check it out http t co dwrjj0doo2 http t co qkxpdywp5i
-1	rt beautifulplcs fifty shades of grey http t co 7ul7kampv4
-1	fifty shades of grey https t co rf4gnj48iw
-1	take him places he doesn t know exist with these wild accessories http t co bvp2hnmv2j fiftyshades
-1	thema des tages fifty shades of grey aufm beln bloggerworkshop hhbm stukenbrockwohnwerkstatt https t co gfiijxxgom
-1	i added a video to a youtube playlist http t co dy7cno4ywh ellie goulding love me like you do fifty shades of grey cover
-1	i liked a youtube video http t co dy7cno4ywh ellie goulding love me like you do fifty shades of grey cover
-1	when you read the fifty shades of grey trilogy you ll understand the perks of being named as anna or ana
-1	rt travchuckbulsue fifty shades of grey anastasia steele http t co rejtas7stx
-1	because i have fifty shade in my life c grey fifty shades of grey https t co zdr9y6fyli
-1	rt iskandar008 sebarkan pabila filem fifty shades of grey mempengaruhi mat bangla beware girls outside there http t co r2uqn2q9
-1	watching fifty shades of grey https t co c8hhvcofik
-1	rt marieclaire i tried all the sex from fifty shades of grey in one weekend http t co bhif60fgxb http t co aeiu5qmhoy
-1	fifty shades of grey and jupiter ascending land on amazon instant in may http t co twrlosuuoy
-1	why emilia clarke turned down fifty shades of grey abc news http t co fij37q0jvd emiliaclarke
-1	hhh so funy man jayarr_dulla fifty shames of grey ko fifty shades of shirme only d soundtracks of d movie made sense
-1	earned it fifty shades of grey from the fifty shades of grey soundt https t co ylocwcyhqo via youtube
-1	can t even anymore fifty shades of grey soundtrack is perfect
-1	couchpotato found 1 releases for fifty shades of grey before eta select and download via the dashboard
-1	the fifty shades of grey soundtrack http t co prmjpodkll
-1	rt marieclaire i tried all the sex from fifty shades of grey in one weekend http t co bhif60fgxb http t co aeiu5qmhoy
-1	fifty shades of grey https t co fuu28ppvyt
-1	vaults one last night from the fifty shades of grey lyric video https t co goneqn2utg
-1	fifty shades of grey with yuddy https t co n4lftszny2
-1	dakota johnson s naked from fifty shades of grey watch http t co tgdpr2mxfg 50shadesofgrey fiftyshades celebrity
-1	fifty shades of grey the fault in our stars what is nxt diary of the mad drama queen
-1	rt jayarr_dulla fifty shames of grey ko fifty shades of shirme only d soundtracks of d movie made sense
-1	rt rtorfav14 rt for fifty shades of grey fav for the notebook http t co 6gmr5pnrc4
-1	watching fifty shades of grey
-1	fifty shades of grey full movie https t co 2gdcssylzq
-1	rt dakotajohnsongb randompicture of dakota on the set of fifty shades of grey dakotajohnson http t co swouxmbakv
-1	i liked a youtube video http t co jbqjc8dq0q fifty shades of grey full original soundtrack
-1	rt twitchypalms rtorfav14 rt for fifty shades of grey fav for the notebook http t co oaapsotzvv i love how fifty shades is winning
-1	rt rtorfav14 rt for fifty shades of grey fav for the fault in our stars http t co 39tvrqtakv
-1	rt ohuglytruth fifty shades of grey is romantic only because the guy is a billionaire if he was living in a trailer it would be a crimin
-1	watching fifty shades of grey https t co grs6gbpwpx
-1	the weeknd earned it fifty shades of grey lyric video https t co ck0busxlj9 via youtube
-1	i added a video to a youtube playlist http t co p3cypjowsk earned it fifty shades of grey from the fifty shades of grey
-1	nowplaying earned it fifty shades of grey the weeknd http t co evrumw0kxv
-1	rt marieclaire i tried all the sex from fifty shades of grey in one weekend http t co bhif60fgxb http t co aeiu5qmhoy
-1	listen to ellie goulding love me like you do fifty shades of grey cover by monique by moe np on soundcloud https t co 1lbwwxc11u
-1	rt fiftyshadesire giveaway rt to win a copy of the official fifty shades of grey movie magazine and a copy of fifty shades darker http
-1	bdsm is an unnatural sexual offense forensic medicine questioning the very basis of fifty shades of grey
-1	wendyssun fifty shades of grey
-1	rt magconwouldu watch fifty shades of grey with rt gilinsky fav nash
-1	1 fifty shades of grey unrated blu ray dvd digital hd ultraviolet http t co hkl4hnpr7v
-1	rt ohuglytruth fifty shades of grey is romantic only because the guy is a billionaire if he was living in a trailer it would be a crimin
-1	rt amazingcast fifty shades of grey cast http t co 3h4dmt33nr
-1	rt beautifulplcs fifty shades of grey http t co 7ul7kampv4
-1	now fifty shades of grey
-1	daily lt 3 https t co dnsldtug2w http t co yrjfvxzoqw
-1	rt hits93toronto now playing earned it from the fifty shades of grey soundtrack by theweeknd listen live at http t co snzvm0vzen
-1	rt alanhungover fifty shades of grey is only romantic because the guy is a billionaire if he was living in a trailer it would be a crim
-1	i liked a youtube video http t co jmgwuekpgp fifty shades of grey f u l l m o v i e
-1	rt stayy_fierce beyonc crazy in love remix 2014 fifty shades of grey soundtrack lyric video http t co 8g3a3xheir
-1	earned it fifty shades of grey from the fifty shades of grey soundtrack explicit http t co xqagufeu1q
-1	rt jayarr_dulla fifty shames of grey ko fifty shades of shirme only d soundtracks of d movie made sense
-1	fifty shades of grey star dakota johnson makes anything sexy on tonight show video http t co 3priazdmw3
-1	fifty shades of grey star dakota johnson makes anything sexy on tonight show video http t co goi5bk1sne
-1	rt jogem4 surochitadutta fifty shades of grey dear as amp cg im planning to watch now hopefully novel ki tara acha hi ho
-1	e amp fifty shades of grey https t co mrsfzmgj6a
-1	rt marieclaire i tried all the sex from fifty shades of grey in one weekend http t co bhif60fgxb http t co aeiu5qmhoy
-1	rt rtorfav14 rt for fifty shades of grey fav for divergent http t co xhxpzpueme
-1	wtf movie is this fifty shades of grey at komp bun yamin residence https t co zkpnalbgux
-1	rt hits93toronto now playing earned it from the fifty shades of grey soundtrack by theweeknd listen live at http t co snzvm0vzen
-1	rt hits93toronto now playing love me like you do from fifty shades of grey by elliegoulding listen live at http t co snzvm0vzen
-1	rt hits93toronto now playing earned it from the fifty shades of grey soundtrack by theweeknd listen live at http t co snzvm0vzen
-1	now playing earned it from the fifty shades of grey soundtrack by theweeknd listen live at http t co snzvm0vzen
-1	jayarr_dulla fifty shames of grey ko fifty shades of shirme only d soundtracks of d movie made sense
-1	rt themeninist fifty shades of grey is romantic only because the guy is a billionaire if he was living in a trailer it would be a crimin
-1	finally fifty shades of grey https t co r46xgvwbff
-1	rt rtorfav14 rt for fifty shades of grey fav for titanic http t co bhvaarl5lp
-1	fotd fifty shades of grey http t co 1cshcefgas
-1	i tried all the sex from fifty shades of grey in one weekend http t co bhif60fgxb http t co aeiu5qmhoy
-1	fifty shades of grey dvd brand new factory sealed pre order http t co tmuj53gro8 fiftyshades http t co baz9lzk1im
-1	rt depresseddarth still a better love story than fifty shades of grey http t co ffln5dbdmw
-1	done reading the 3 books of fifty shades of grey
-1	rt twinkleintrendz love fifty shades of grey then you must notice a few shades of grey in my latest look at http t co a81dvf0lbn http
-1	surochitadutta fifty shades of grey dear as amp cg im planning to watch now hopefully novel ki tara acha hi ho
-1	i sow a half of fifty shades of grey
-1	rt sassyglrls fifty shades of grey is romantic only because the guy is a billionaire if he was living in a trailer it would be a crimina
-1	fifty shades of grey unrated luke grimes own it on blu ray 58 http t co 9bgbclufow video film
-1	i just used musixmatch to sing along to earned it fifty shades of grey from the fift by the weeknd lyrics http t co wjkwwpwg0f
-1	nowplaying earned it fifty shades of grey from the fifty shades of grey soundtrack de the weeknd http t co 6uvwa2meb0
-1	rt jayarr_dulla fifty shames of grey ko fifty shades of shirme only d soundtracks of d movie made sense
-1	d d d jayarr_dulla fifty shames of grey ko fifty shades of shirme only d soundtracks of d movie made sense
-1	movies hollywood fifty shades of grey star dakota johnson makes anything sexy on tonight show video http t co xcyce9q7ze
-1	film keren nih nice fifty shades of grey https t co fwy9wn13kf
-1	jayarr_dulla fifty shames of grey ko fifty shades of shirme only d soundtracks of d movie made sense ahap sai da ka gama kallon
-1	rt jayarr_dulla fifty shames of grey ko fifty shades of shirme only d soundtracks of d movie made sense
-1	google youknow im just looking to get into that fifty shadesofgrey http t co amtpbuhlma
-1	now watching the uncut and hd version of fifty shades of grey marikina river park https t co mahrhmbylf
-1	fifty shames of grey ko fifty shades of shirme only d soundtracks of d movie made sense
-1	rt kenyumadhay i ll give you fifty shades of grey so you won t be too ignorant about romance
-1	movie fifty shades of grey star dakota johnson makes anything sexy on tonight show video http t co fxnqk4wgex
-1	rt sassyglrls fifty shades of grey is romantic only because the guy is a billionaire if he was living in a trailer it would be a crimina
-1	rt rndmlockscreens fifty shades of grey lockscreen rt if you want it i ll dm it to you requested http t co tz2yg3kgwo
-1	aainsymsl hahahaha fifty shades of grey
-1	earned it fifty shades of grey from the fifty shades of grey soundt https t co edfglues4y via youtube
-1	fifty shades of grey drive me crazy glass massage wand an explosive g spot massage is yours thanks http t co nwl1msxlqn
-1	i ll give you fifty shades of grey so you won t be too ignorant about romance
-1	rt themeninist fifty shades of grey is romantic only because the guy is a billionaire if he was living in a trailer it would be a crimin
-1	9 erotica books that should be more famous than 50 shades of grey http t co 6giiq1pubb via buzzfeed jaypugz mustread eartg
-1	winayuoktaviona pelaku korban fifty shades of grey d crazy in love
-1	finally hahahah fifty shades of grey https t co 3peijg934b
-1	rt themeninist fifty shades of grey is romantic only because the guy is a billionaire if he was living in a trailer it would be a crimin
-1	rt sassyglrls fifty shades of grey is romantic only because the guy is a billionaire if he was living in a trailer it would be a crimina
-1	fifty shades of grey actors hate each other http t co 4uk1lm9jmp
-1	rt spagseattcitu fifty shades of grey trailer 2014 http t co lpnewiyzjq
-1	the weeknd earned it fifty shades of grey lyric video https t co hqy0kgk0uy via youtube
-1	earned it fifty shades of grey from the fifty shades of grey soundtrack explicit http t co druabqfpzi
-1	rt themeninist fifty shades of grey is romantic only because the guy is a billionaire if he was living in a trailer it would be a crimin
-1	movies 1 fifty shades of grey unrated blu ray dvd digital hd ultraviolet fifty sh http t co xzxcs6nd5z majalahinternet
-1	movies 3 fifty shades of grey fifty shades of grey dakota johnson actor jamie dornan http t co 2ih8tzxlrq majalahinternet
-1	rt everlarkshit you need to reconsider your life if you think fifty shades of grey was the best movie of the year
-1	the weeknd earned it from the fifty shades of grey soundtrack https t co xqjelurhcv itunes
-1	rt jimmyfallon jamiedornan and i take turns reading excerpts from fifty shades of grey with different accents https t co ctydblfehx
-1	a piece of shit fifty shades of grey https t co kqcw2dxaay
-1	watching fifty shades of grey
-1	rt sassyglrls fifty shades of grey is romantic only because the guy is a billionaire if he was living in a trailer it would be a crimina
-1	rt fiftyshadesnew sunday fifty shades of grey http t co tmwf6ivzlw
-1	rt trannecrati fifty shades of grey questions answered http t co hplbdjshjt
-1	rt radio50shades denizsevgur v a instagram fifty shades of grey in istanbul a nightout with jamiedornan fiftyshadesofgrey http
-1	rt twelvegoogles what is fifty shades of grey is it about my hair
-1	boring night just keep eating wanna play fifty shades of grey let me give you a service https t co 2vmariquep
-1	kate_hawaii new trending gif tagged fifty shades of grey jamie dornan dakota johnson http t co hip8gxo7ut http t co pzcdnde8ct
-1	i just registered for the fifty shades of grey internship program care to join me http t co wuyvptqarr http t co ceiwf6vkzz
-1	fifty shades of grey dvd brand new factory sealed pre order http t co 8enqy4bezp porn sex http t co o3i2ju1ikw
-1	fifty shades of grey dvd brand new factory sealed pre order http t co im8o2wxnue nsfw teen http t co tyjo3hgzdi
-1	rt sassyglrls fifty shades of grey is romantic only because the guy is a billionaire if he was living in a trailer it would be a crimina
-1	rt sassyglrls fifty shades of grey is romantic only because the guy is a billionaire if he was living in a trailer it would be a crimina
-1	rt sassyglrls fifty shades of grey is romantic only because the guy is a billionaire if he was living in a trailer it would be a crimina
-1	rt fiftyshadesnew fifty shades of grey http t co s93dk1pmzl
-1	rt sassyglrls fifty shades of grey is romantic only because the guy is a billionaire if he was living in a trailer it would be a crimina
-1	malmingan fifty shades of grey with hilly https t co ojzcutgjgu
-1	fifty shades of grey dvd brand new factory sealed pre order http t co ldflzyzumz milf xxx http t co zku4rl9q8y
-1	fifty shades of grey dvd brand new factory sealed pre order http t co 2g2tf7ntyg 50shades http t co tu2rmuhuuc
-1	rt sassyglrls fifty shades of grey is romantic only because the guy is a billionaire if he was living in a trailer it would be a crimina
-1	me ha gustado un v deo de youtube http t co t3q47sor6o earned it fifty shades of grey from the fifty shades of grey
-1	fifty shades of grey genre http t co dge2rj8syq
-1	malem mingguan fifty shades of grey with pram at home https t co 3lmeibcqhr
-1	rt sassyglrls fifty shades of grey is romantic only because the guy is a billionaire if he was living in a trailer it would be a crimina
-1	rt ohuglytruth fifty shades of grey is romantic only because the guy is a billionaire if he was living in a trailer it would be a crimin
-1	the boy next door is so much better than fifty shades of grey
-1	rt ohuglytruth fifty shades of grey is romantic only because the guy is a billionaire if he was living in a trailer it would be a crimin
-1	greeey fifty shades of grey https t co kwmc2vxm0o
-1	iseng b fifty shades of grey https t co fwz0o6q2nq
-1	fifty shades of grey is amazingly haunting
-1	foto bjsbookblog by denizsevgur fifty shades of grey in istanbul a nightout with jamiedornan http t co jwsfxozcjm
-1	rt depresseddarth still a better love story than fifty shades of grey http t co ffln5dbdmw
-1	knowladge education fifty shades of grey https t co zo5psss1ga
-1	nw fifty shades of grey
-1	fifty shades of grey starring jack white and jack black
-1	just preordered the unrated version of fifty shades of grey
-1	rt hits93toronto now playing love me like you do from fifty shades of grey by elliegoulding listen live at http t co snzvm0vzen
-1	earned it fifty shades of grey from the fifty shades of grey soundtrack explicit http t co k7zxbejefj
-1	latidos 93 7 fm desde rep dom en el aire the weeknd earned it from the _fifty shades of grey_ soundtrack
-1	nw fifty shades of grey for the 100 times http t co y3pw6zemib
-1	rt ohuglytruth fifty shades of grey is romantic only because the guy is a billionaire if he was living in a trailer it would be a crimin
-1	row3nna okay pastu jom kita tgok fifty shades of grey eh haa no i dun have any self confidence here but insyaallah thank you
-1	about to watch fifty shades of grey for the first time
-1	t the nights love me like you do from fifty shades of grey sony music labels inc
-1	fifty shades of grey official trailer 2015 http t co tzkma10550 contact phone http t co deeahuadmr
-1	rt nudynygaginu fifty shades of grey book online http t co i929qd7b0y
-1	rt ohuglytruth fifty shades of grey is romantic only because the guy is a billionaire if he was living in a trailer it would be a crimin
-1	ouuuh fifty shades of grey https t co 6rydnwop5u
-1	my icon looks like fifty shades of grey lol
-1	is jamie dornan quitting fifty shades of grey http t co 0rtyyqou34
-1	it is possible for anyone to be grey fifty shades of gay ted talk by io tillet wright http t co pd4r3aj5nb
-1	rt dakotajohnsons photoset sultry stills of dakota and jamie in fsog more http t co 8czstvgrti http t co egvl4xblfk
-1	is jamie dornan quitting fifty shades of grey the future of the fifty shades of http t co 5fdrzhg8j0
-1	fifty shades of grey free pdf http t co eyon3aszsh
-1	im gonna reread fifty shades of grey bc i miss it so much
-1	rt ohuglytruth fifty shades of grey is romantic only because the guy is a billionaire if he was living in a trailer it would be a crimin
-1	evergreenv comunque sta per fifty shades of grey
-1	fifty shades of grey oculus now part 3 evil dead with nabila yuliani and angga https t co zs3yh9ksuc
-1	rt ohuglytruth fifty shades of grey is romantic only because the guy is a billionaire if he was living in a trailer it would be a crimin
-1	i liked a youtube video http t co zbpugjw4ij earned it fifty shades of grey from the fifty shades of grey soundtrack
-1	is jamie dornan quitting fifty shades of grey http t co h5usp8bgbq entertainment fifty dornan grey is jamie of quitting s
-1	fifty shades of grey and jupiter ascending land on amazon instant in may http t co ihbtu9b3a5
-1	fifty shades of grey dvd brand new factory sealed pre order http t co tmuj53gro8 fiftyshades http t co dwpdwhvhsn
-1	let me see what the hype about this fifty shades of grey https t co vjziznr1ll
-1	tbhyifan i watched fifty shades of grey uncensored im a grown up mom i prolly know mre than you
-1	you need to reconsider your life if you think fifty shades of grey was the best movie of the year
-1	rt dakotajohnsons photoset sultry stills of dakota and jamie in fsog more http t co 8czstvgrti http t co egvl4xblfk
-1	czarina13narido yes i am having trouble with that need your help please x julia helpless not hopeless fifty shades of grey fan
-1	rt dakotajohnsongb randompicture of dakota on the set of fifty shades of grey dakotajohnson http t co swouxmbakv
-1	rt hits93toronto now playing love me like you do from fifty shades of grey by elliegoulding listen live at http t co snzvm0vzen
-1	still haven t seen fifty shades of grey and i m still contemplating whether or not i should take the time to watch it
-1	basically im tweeting and watching fifty shades of grey at same time one my phone hahaha
-1	rt hits93toronto now playing love me like you do from fifty shades of grey by elliegoulding listen live at http t co snzvm0vzen
-1	now playing love me like you do from fifty shades of grey by elliegoulding listen live at http t co snzvm0vzen
-1	watching fifty shades of grey https t co 2vgmc3cr9r
-1	fifty shades of grey jamie dornan interview http t co vfvsdkgnzc
-1	i added a video to a youtube playlist http t co aabt0ivudd earned it fifty shades of grey from the fifty shades of grey
-1	watching fifty shades of grey https t co dua8uqvizq
-1	dakota on the set of fifty shades of grey dakotajohnson http t co whnpou20a8
-1	rt jadinelustreid0 fifty shades of grey just kidding hahaah jadinedubsmashchallenge
-1	rt dakotajohnsongb randompicture of dakota on the set of fifty shades of grey dakotajohnson http t co swouxmbakv
-1	fifty shades of grey with derry ikaa and 3 others https t co bspwfmfowd
-1	fifty shades of grey
-1	dari pada fifty shades of grey mending the gigolo
-1	dakota johnson s naked from fifty shades of grey watch http t co tgdpr2mxfg 50shadesofgrey fiftyshades scotland
-1	rt dnanto78 movies 1 fifty shades of grey unrated blu ray dvd digital hd ultraviolet fifty sh http t co xzxcs6nd5z maja
-1	rt wurelyly fifty shades of grey leaked online http t co nujiqotbte
-1	fifty shades of grey on dvd http t co sidfqrkloz
-1	watching fifty shades of grey https t co pqddlx5txs
-1	watching fifty shades of grey with maria at dithafrisqy https t co snfetckcdx
-1	trsthstrs still better lovestory than fifty shades of grey
-1	watching fifty shades of grey with aida andari and 2 others https t co i2g8c6q5kd
-1	rt dakotajohnsongb randompicture of dakota on the set of fifty shades of grey dakotajohnson http t co swouxmbakv
-1	rt ohuglytruth fifty shades of grey is romantic only because the guy is a billionaire if he was living in a trailer it would be a crimin
-1	rt beautifulplcs fifty shades of grey http t co 7ul7kampv4
-1	rt dakotajohnsongb randompicture of dakota on the set of fifty shades of grey dakotajohnson http t co swouxmbakv
-1	rt ohuglytruth fifty shades of grey is romantic only because the guy is a billionaire if he was living in a trailer it would be a crimin
-1	nw fifty shades of grey good luck to me hahaha
-1	rt beautifulplcs fifty shades of grey http t co 7ul7kampv4
-1	rt dakotajohnsongb randompicture of dakota on the set of fifty shades of grey dakotajohnson http t co swouxmbakv
-1	rt dakotajohnsongb randompicture of dakota on the set of fifty shades of grey dakotajohnson http t co swouxmbakv
-1	the complete list sherihan egyptson http t co 1dqzhh5oqr
-1	rt twinkleintrendz love fifty shades of grey then you must notice a few shades of grey in my latest look at http t co a81dvf0lbn http
-1	watching fifty shades of grey with selvia asintia https t co dxlo6yl7hm
-1	rt dakotajohnsongb randompicture of dakota on the set of fifty shades of grey dakotajohnson http t co swouxmbakv
-1	i m weirdly feeling like extra horny today so i m probably gonna go watch fifty shades of grey so my libido can go down real quick
-1	ini upin ipin please fifty shades of grey with syarifah and gita https t co 63t8wrinp2
-1	watching fifty shades of grey https t co wbwrquwvgi
-1	rt classyyems fifty shades of grey http t co aag6atgjto
-1	nu op juize the weeknd earned it fifty shades of grey http t co 6mwwko3exn
-1	replaceamovietitlewithgoat fifty shades of grey crosses 30 fiftyshadesofgrey northamericafiftyshades http t co u8w8kroxv0
-1	i liked a youtube video http t co vfdqnaaik7 sia salted wound from the fifty shades of grey soundtrack audio
-1	movies 1 fifty shades of grey unrated blu ray dvd digital hd ultraviolet fifty sh http t co xzxcs6nd5z majalahinternet
-1	movies 2 fifty shades of grey fifty shades of grey dakota johnson actor jamie dornan http t co prmcchldts majalahinternet
-1	i love fifty shades of grey
-1	4 unseen tv uk fifty shades of grey official trailer universal pictures hd http t co kdg34pfhho
-1	fifty shades of grey love me like you do by elliegoulding https t co afllsrnet4
-1	hm fifty shades of grey with tabita https t co ooqqa8bddr
-1	rt classyyems fifty shades of grey http t co aag6atgjto
-1	fifty shades of grey just kidding hahaah jadinedubsmashchallenge
-1	beyonce crazy in love fifty shades of grey remix http t co fi9vrziqww via youtube
-1	watching fifty shades of grey https t co flqrfgx7aw
-1	rt dakotajohnsongb randompicture of dakota on the set of fifty shades of grey dakotajohnson http t co swouxmbakv
-1	rt justinbiebermna fifty shades of justin grey lol http t co lilq6mvujw
-1	rt dakotajohnsongb randompicture of dakota on the set of fifty shades of grey dakotajohnson http t co swouxmbakv
-1	rt depresseddarth still a better love story than fifty shades of grey http t co ffln5dbdmw
-1	foto new still of fifty shades of grey http t co odep30pwsc
-1	9 ways to do the fifty shades of grey positions http t co 5ccljbinof http t co huyhxliklq
-1	rt ohuglytruth fifty shades of grey is romantic only because the guy is a billionaire if he was living in a trailer it would be a crimin
-1	watching fifty shades of grey https t co xrlzaqydzn
-1	yeabah nakahanap din ng fifty shades of grey uncut _
-1	don t know if i like the fact that i got my mom hooked on fifty shades of grey or not
-1	the acting for fifty shades of grey sucked and it was missing a lot of stuff that was in the book should have been a series or something
-1	rt classyyems fifty shades of grey http t co aag6atgjto
-1	rt comedyposts fifty shades of grey is romantic only because the guy is a billionaire if he was living in a trailer it would be a crimin
-1	rt dakotajohnsongb randompicture of dakota on the set of fifty shades of grey dakotajohnson http t co swouxmbakv
-1	rt dakotajohnsongb randompicture of dakota on the set of fifty shades of grey dakotajohnson http t co swouxmbakv
-1	watching fifty shades of grey with fitria and futra https t co ojzzrek24i
-1	luke5sos do you happen to like fifty shades of grey
-1	rt twinkleintrendz love fifty shades of grey then you must notice a few shades of grey in my latest look at http t co a81dvf0lbn http
-1	rt abegrayl ladadilepits iamandreafaith fifty shades of grey on nickelodeon o
-1	i must say that i am rather disappointed with the fifty shades of grey movie the actors are not hot like the book makes them out to be
-1	rt classyyems fifty shades of grey http t co aag6atgjto
-1	rt comedyposts fifty shades of grey is romantic only because the guy is a billionaire if he was living in a trailer it would be a crimin
-1	rt ohuglytruth fifty shades of grey is romantic only because the guy is a billionaire if he was living in a trailer it would be a crimin
-1	watching fifty shades of grey bitches
-1	rt classyyems fifty shades of grey http t co aag6atgjto
-1	rt classyyems fifty shades of grey http t co aag6atgjto
-1	rt dakotajohnsongb randompicture of dakota on the set of fifty shades of grey dakotajohnson http t co swouxmbakv
-1	fifty shades of grey https t co npaxs90zdn
-1	the best way to watch fiftyshadesofgrey is with feminists http t co orbvtquphh sheknows feminism
-1	rt dakotajohnsongb randompicture of dakota on the set of fifty shades of grey dakotajohnson http t co swouxmbakv
-1	ladadilepits iamandreafaith fifty shades of grey on nickelodeon o
-1	rt dakotajohnsongb randompicture of dakota on the set of fifty shades of grey dakotajohnson http t co swouxmbakv
-1	randompicture of dakota on the set of fifty shades of grey dakotajohnson http t co swouxmbakv
-1	fifty shades of grey i do love this movie i realize how painful that love is
-1	rt ohuglytruth fifty shades of grey is romantic only because the guy is a billionaire if he was living in a trailer it would be a crimin
-1	what is with chicks and the movie fifty shades of grey
-1	rt classyyems fifty shades of grey http t co aag6atgjto
-1	rt ohuglytruth fifty shades of grey is romantic only because the guy is a billionaire if he was living in a trailer it would be a crimin
-1	watching fifty shades of grey https t co 2jtdoov1lm
-1	rymf11 earned it fifty shades of grey by theweeknd from soundhound with livelyrics http t co w5gwhg7bqg
-1	rt classyyems fifty shades of grey http t co aag6atgjto
-1	fifty shades of grey with chen https t co bgduo89mxo
-1	gua mah norak fifty shades of grey https t co 3o2xzkwmx3
-1	fifty shades of grey https t co yrkgthfwv8
-1	who is the best movie villain fifty shades of grey salahfokus http t co s7fcah49ki
-1	earned it the weeknd official video fifty shades of grey https t co b29jmanwzh via youtube
-1	sucktearday marathon ajalah ciderapanjang fifty shades of grey https t co 42zg3ci5qa
-1	rt classyyems fifty shades of grey http t co aag6atgjto
-1	rt classyyems fifty shades of grey http t co aag6atgjto
-1	rt comedyposts fifty shades of grey is romantic only because the guy is a billionaire if he was living in a trailer it would be a crimin
-1	fifty shades of grey dvd brand new factory sealed pre order http t co 8enqy4bezp porn sex http t co pg3l2zif52
-1	fifty shades of grey dvd brand new factory sealed pre order http t co ldflzyzumz milf xxx http t co vqnq4nrtps
-1	rt movies_tv_ fifty shades of grey dakota johnson actor jamie dornan actor sam taylor johnson http t co opxbar6jh5
-1	fifty shades of grey dvd brand new factory sealed pre order http t co im8o2wxnue nsfw teen http t co er4pf8zlr8
-1	fifty shades of grey dvd brand new factory sealed pre order http t co 2g2tf7ntyg 50shades http t co 1hfa77loxq
-1	rt poseydornan 22 amp 29 days until the fifty shades of grey unrated edition w alt ending fiftyshades http t co bxs9dx5uwi
-1	rt amazonupdates bestseller fifty shades of grey dakota johnson actor jamie dornan actor sam taylor johnson director http
-1	rt ohuglytruth fifty shades of grey is romantic only because the guy is a billionaire if he was living in a trailer it would be a crimin
-1	watching fifty shades of grey for the first time haha i know this is too late but it s better late than never hahaha
-1	fifty shades of grey http t co aag6atgjto
-1	10 erotic movies sexier than fifty shades of grey http t co ulccsanhz9
-1	watching fifty shades of grey at at dina amp dini s partty https t co g12yuiy6af
-1	rt woridcomedy fifty shades of grey is romantic only because the guy is a billionaire if he was living in a trailer it would be a crimin
-1	the weeknd earned it fifty shades of grey lyric video https t co ybnbrgopnl via youtube
-1	watching fifty shades of grey https t co qjx3bu9vyx
-1	earned it fifty shades of grey by theweeknd from soundhound with livelyrics http t co fsepbgkc23
-1	darling you know what they say you have to kiss a lot of frogs before you find your prince e l james fifty shades of grey
-1	earned it fifty shades of grey from the fifty shades of grey soundtrack explicit http t co mqxftsxfkq
-1	we watched good kill today they didn t cut the rape sex scenes in this movie but they banned american sniper and fifty shades of grey
-1	rt radio50shades denizsevgur v a instagram fifty shades of grey in istanbul a nightout with jamiedornan fiftyshadesofgrey http
-1	that disney s fifty shades of grey
-1	omg this is all sji s iu day punya dj s fault ah ni now all fifty shades of grey punya soundtrack stuck in my head
-1	glances at the cover of the book ooo fifty shades of grey jk
-1	rt comedyposts fifty shades of grey is romantic only because the guy is a billionaire if he was living in a trailer it would be a crimin
-1	denizsevgur v a instagram fifty shades of grey in istanbul a nightout with jamiedornan fiftyshadesofgrey http t co x3ziob3izp
-1	watching fifty shades of grey https t co ex7r6s6cbz
-1	rt btsthetype jungkook the type to watch fifty shades of grey jhope the type to read it and jin the type to write a fanfic about it
-1	watching fifty shades of grey https t co fjrv64cug9
-1	photo by denizsevgur fifty shades of grey in istanbul a nightout with jamiedornan fiftyshadesofgray http t co 8a1m8ggytk
-1	by denizsevgur fifty shades of grey in istanbul a nightout with jamiedornan fiftyshadesofgray https t co bhyxi4c8xj
-1	repost denizsevgur fifty shades of grey in istanbul a nightout with jamiedornan https t co auwnhjuinr
-1	the fifty shades of grey script is good
-1	nikitapea seeing you there i think of the song love me like you do from fifty shades of grey by ellie goulding so happy for you
-1	rt ohuglytruth fifty shades of grey is romantic only because the guy is a billionaire if he was living in a trailer it would be a crimin
-1	ich habe ein youtube video positiv bewertet http t co xjpseg1pta love me like you do ellie goulding fifty shades of grey
-1	fifty shades of grey lego trailer http t co thjzneetur
-1	rt btsthetype jungkook the type to watch fifty shades of grey jhope the type to read it and jin the type to write a fanfic about it
-1	forcegrey hello watch the fifty shades of grey online here http t co zrvwa9cx2t
-1	nowplaying earned it fifty shades of grey from the fifty shades of grey soundtrack by the weeknd http t co xnbrwna3e5
-1	obsessed with the fifty shades of grey soundtrack
-1	rame rame ko fifty shades of grey with indriana systifani syerly and 3 others https t co hdiwsgqzwp
-1	malming dulu sama mantan kabogoh p fifty shades of grey with gina https t co gbhd4wnu8y
-1	thethirdpew experiencing fifty shades of grey irl
-1	rt beautifulplcs fifty shades of grey http t co 7ul7kampv4
-1	crazy in love fifty shades of grey
-1	10 erotic movies sexier than fifty shades of grey http t co oeltntlh3s via harpersbazaarus
-1	rt jdornanlife added more new stills from fifty shades of grey http t co hz7bhptfg1 http t co vzewcr9tqd
-1	on now i m on fire from the fifty shades of grey soundtrack by awolnation from 50 shades of grey soundtrack vandyradio
-1	is it weird that i kinda like the fifty shades of grey movie fiftyshades
-1	fiftyshadesofgrey official motionpicturesoundtrack certified gold in the unitedstates http t co or4oacyccg http t co x1sktge5w5
-1	526 fifty shades of grey top 5 movies we had to review
-1	rt paulretro feel like im in an advert for fifty shades of grey in this photo http t co u7hcfvjlhe
-1	rt beautifulplcs fifty shades of grey http t co 7ul7kampv4
-1	rt homotology i just read a few paragraphs from fifty shades of grey http t co 4rwzg3mlvi
-1	rt magconwouldu watch fifty shades of grey with rt gilinsky fav nash
-1	rt homotology i just read a few paragraphs from fifty shades of grey http t co 4rwzg3mlvi
-1	rt twelvegoogles what is fifty shades of grey is it about my hair
-1	watching fifty shades of grey https t co ks2igt1ply
-1	beyonc crazy in love remix 2014 fifty shades of grey soundtrack https t co bseikyemb4 via youtube
-1	salah fokus fifty shades of grey https t co esdzxs0k8w
-1	sia salted wound from the fifty shades of grey soundtrack audio https t co vpt2wh3xp7
-1	fifty shades of grey at enal s room https t co roar41xrfy
-1	earned it fifty shades of grey from the fifty shades of grey soundtrack explicit https t co vbpbzxo5ik
-1	the girl sitting across from me in the lobby is reading fifty shades of grey and she looks so fucking unhappy about it
-1	watching fifty shades of grey with sylvia at sako gardena 3 https t co cjdqx0duef
-1	movies 1 fifty shades of grey unrated blu ray dvd digital hd ultraviolet fifty sh http t co xzxcs6nd5z majalahinternet
-1	movies 2 fifty shades of grey fifty shades of grey dakota johnson actor jamie dornan http t co prmcchldts majalahinternet
-1	nurathirahxx fifty shades of grey todia
-1	too good to miss fifty shades of grey crop http t co izz0b57oq7
-1	watching love me like you do from the fifty shades of grey soundtrack ellie goulding http t co mgdaxaoow8 http t co i5ytxqgijj
-1	1 fifty shades of grey unrated blu ray dvd digital hd ultraviolet http t co hkl4hn8fjl
-1	fiftyshadesofgrey official motionpicturesoundtrack certified gold http t co nnfsw4an74 motionpictures
-1	http t co yazajd13pd fifty shades of grey deal of the day check offer price books http t co toz5pcsu4k
-1	rt fiftyshadesnew you have to kiss a lot of frogs before you find your prince e l james fifty shades of grey
-1	rt indokorearp imc_west 7 earned it fifty shades of grey the weeknd http t co ewp0tuf0q4
-1	fiftyshadesofgrey official motionpicturesoundtrack http t co nnfsw4an74 fiftyshades fiftyshadesuk fiftyshadesnew fiftyshadesnl
-1	rt iskandar008 sebarkan pabila filem fifty shades of grey mempengaruhi mat bangla beware girls outside there http t co r2uqn2q9
-1	kddbnp earned it fifty shades of grey by weeknd
-1	rt fiftyshadeshk you can check out all new stills from fiftyshades dvd blu ray japanese version on the site http t co pyfgfru77w htt
-1	maap fifty shades of grey https t co hkz0llxlpw
-1	rt ecahoha np fifty shades of grey
-1	earned it fifty shades of grey from the fifty shades of grey soundt https t co o5ffjyckeh via youtube
-1	rt comedyposts fifty shades of grey is romantic only because the guy is a billionaire if he was living in a trailer it would be a crimin
-1	np fifty shades of grey
-1	i don t know about yo bt i love fifty shades of grey
-1	rt indokorearp imc_west 7 earned it fifty shades of grey the weeknd http t co ewp0tuf0q4
-1	earned it fifty shades of grey from the fifty shades of grey soundtrack explicit http t co zwcu00lqxz
-1	ellie goulding love me like you do from fifty shades of grey
-1	fifty shades of grey
-1	rt themeninist fifty shades of grey is romantic only because the guy is a billionaire if he was living in a trailer it would be a crimin
-1	movie 1 fifty shades of grey unrated blu ray dvd digital hd ultraviolet fifty http t co nrqscdfpqg movie dvd winning
-1	movie 2 fifty shades of grey fifty shades of grey dakota johnson actor jamie dorna http t co 8rhwxb6isx movie dvd winning
-1	rt indokorearp imc_west 7 earned it fifty shades of grey the weeknd http t co ewp0tuf0q4
-1	1515 fifty shades of grey pop corn
-1	nowplaying haunted michael diamond remix from the fifty shades of grey soundtrack by beyonc on anghami http t co dym2hpwpud
-1	jpm31415 he comes up with the greatest songs and then he listens to fifty shades of grey soundtrack i just don t get it
-1	imc_west 7 earned it fifty shades of grey the weeknd http t co ewp0tuf0q4
-1	rt ohuglytruth fifty shades of grey is romantic only because the guy is a billionaire if he was living in a trailer it would be a crimin
-1	uk_top10 mp3 soundtracks http t co tlslv8u2ni 3 fifty shades of grey original motion picture soundtrack http t co jasn9cny6m
-1	rt e_l_james i am delighted to let you know that the lovely dakota johnson has agreed to be our anastasia in the film adaptation of fifty
-1	nowy ulubiony annie lennox i put a spell on you fifty shades of grey http t co rquzsouknr deezerpolska
-1	dakota johnson s naked from fifty shades of grey watch http t co tgdpr2mxfg 50shadesofgrey fiftyshades britain
-1	rt wilsongrey132 cocolasvegas64 hello watch the fifty shades of grey online here http t co zrvwa9cx2t
-1	rt wilsongrey132 cocolasvegas64 hello watch the fifty shades of grey online here http t co reefafgz3o
-1	rt themeninist fifty shades of grey is romantic only because the guy is a billionaire if he was living in a trailer it would be a crimin
-1	you live to see less than fifty shades of grey
-1	fifty shades of sasha grey jaaayserrano
-1	rt detikcom fifty shades of grey ellie goulding http t co verc6qkbdt via detikhot http t co o9a96u0uev
-1	4 kez nw fifty shades of grey
-1	rt 50shadeswineuk pre order whitesilk or redsatin wine amp you could win an extra bottle signed by e_l_james http t co l5issleohw htt
-1	rt dakotajohnsons photoset sultry stills of dakota and jamie in fsog more http t co 8czstvgrti http t co egvl4xblfk
-1	rt jimmyfallon jamiedornan and i take turns reading excerpts from fifty shades of grey with different accents https t co ctydblfehx
-1	nowplaying one last night from the fifty shades of grey soundtrack by vaults on anghami http t co zcktmxxxd9
-1	watching fifty shades of grey https t co ir77lwsugv
-1	ver la pelicula fifty shades of grey gratis http t co xmzbpuvw61 tuspeliculasgratis
-1	nw earned it fifty shades of grey
-1	rt brokenpencilmag did you miss the drunkfemfilms screening of fifty shades of grey this past wed in toronto we were there it ruled h
-1	watched fifty shades of grey
-1	zullfianamega mane gue bagi fifty shades of grey elah __
-1	4 things men can learn from fifty shades of grey watch http t co 7urro1jndl 50shadesofgrey fiftyshades celebs
-1	just saw fifty shades of grey
-1	earned it fifty shades of grey from the fifty shades of grey soundt https t co jpz4heghjp v a youtube
-1	earned it fifty shades of grey from the fifty http t co kndqdrecsn
-1	and fifty shades of grey once jerwp
-1	fifty shades of grey dvd brand new factory sealed pre order http t co tmuj53gro8 fiftyshades http t co 2niss5pvxn
-1	rt readersgazette topical fifty shades of grey lego trailer http t co wihatimiyz 100 million book readers can t be wro funny 20 htt
-1	earned it fifty shades of grey from the fifty shades of grey soundtrack explicit https t co pav6y1xsxp
-1	nowplaying earned it fifty shades of grey the weeknd
-1	darthrenders mood fifty shades of grey
-1	rt readersgazette topical fifty shades of grey lego trailer http t co wihatimiyz 100 million book readers can t be wro funny 20 htt
-1	topical fifty shades of grey lego trailer http t co wihatimiyz 100 million book readers can t be wro funny 20 http t co usvxrmlu7h
-1	watching fifty shades of grey https t co o4zwbbsxqs
-1	50shades jamie dornan dakota johnson fifty shades of grey fifty shades edit by ibelieveinsoulmate 208 notes
-1	50shadesofgrey 50shades fiftyshades 50 50 fifty shades of grey 5 http t co 6vn7lzucm3
-1	the fifty shades of sasha grey dddd
-1	nowplaying ellie goulding love me like you do from fifty shades of grey hitmusic chicagomusic
-1	rt comedyposts fifty shades of grey is romantic only because the guy is a billionaire if he was living in a trailer it would be a crimin
-1	rt iskandar008 sebarkan pabila filem fifty shades of grey mempengaruhi mat bangla beware girls outside there http t co r2uqn2q9
-1	rt magconwouldu watch fifty shades of grey with rt gilinsky fav nash
-1	puuuuuup fifty shades of grey with sarah https t co xbl60iktjv
-1	rt iskandar008 sebarkan pabila filem fifty shades of grey mempengaruhi mat bangla beware girls outside there http t co r2uqn2q9
-1	baru nonton fifty shades of grey https t co x5ionjnowr
-1	free movie and series fifty shades of grey 2015 http t co nkrmcu5i4q
-1	nowplaying love me like you do from the fifty shades of grey soundtrack by ellie goulding http t co kfqxnneogz
-1	tadi w nonton fifty shades of grey anjay 3bhaakk
-1	rt iskandar008 sebarkan pabila filem fifty shades of grey mempengaruhi mat bangla beware girls outside there http t co r2uqn2q9
-1	it s 9 am but idc i m about to watch fifty shades of grey
-1	i m downloading fifty shades of grey muahaha
-1	cocolasvegas64 hello watch the fifty shades of grey online here http t co zrvwa9cx2t
-1	rt iskandar008 sebarkan pabila filem fifty shades of grey mempengaruhi mat bangla beware girls outside there http t co r2uqn2q9
-1	rt iskandar008 sebarkan pabila filem fifty shades of grey mempengaruhi mat bangla beware girls outside there http t co r2uqn2q9
-1	rt laraross99 soundtrack fifty shades of grey free downloads http t co uoi2jdhfw6
-1	foto everyday50shades new still of fifty shades of grey http t co biqgah79nf
-1	romantis tapi kasar fifty shades of grey https t co tya3mkv8qd
-1	fifty shades of grey with tiara https t co xmyj9avytt
-1	how to incorporate 50 shades into your running http t co 8bpchyah67 and no i haven t seen the movie courtesy of saltyrunning
-1	rt osykyhidoq fifty shades of grey box office http t co 3sjtgetndd
-1	fifty shades of grey http t co ceobkczwcz
-1	d season girls day s out fifty shades of grey with ananda and delvita https t co xx22tjvzmk
-1	me ha gustado un v deo de youtube http t co p9p9em5omc earned it fifty shades of grey from the fifty shades of grey
-1	bae is watching fifty shades of grey again uh oh
-1	rt depresseddarth still a better love story than fifty shades of grey http t co ffln5dbdmw
-1	bit late but i finally watched fifty shades of grey last night and my god what a load of shite it was fiftyshadesofgrey wasteoftime
-1	watching fifty shades of grey https t co cculkk3o59
-1	lah lagi fifty shades of grey with tasya https t co 5aul9954oj
-1	rt depresseddarth still a better love story than fifty shades of grey http t co ffln5dbdmw
-1	fifty shades of grey red satin 750l http t co nd2sdxl8km
-1	yuhhuuu fifty shades of grey with devy https t co xvwfw8bgzl
-1	lingerie femme sexy notre nouvelle collection fifty shades of grey devenez anastasia et venez fantasmer http t co 2cgwzxqhdk
-1	rt ladynotebook fifty shades of grey is romantic only because the guy is a billionaire if he was living in a trailer it would be a crimi
-1	ver la pelicula 50 sombras de grey fifty shades of grey gratis http t co 6fjzeeuk1g tuspeliculasgratis
-1	fatinnzuber jejoget pole dancing to crazy in love fifty shades of grey ver leulz
-1	earned it fifty shades of grey from the fifty shades of grey soundt https t co laontfodrm via youtube
-1	new post dakota johnson haircut fifty shades of grey star goes short love it or hate it http t co syileez7io
-1	i liked a youtube video http t co hzd4iu4ruz earned it the weeknd fifty shades of grey acoustic cover by cyrus
-1	gossip dakota johnson haircut fifty shades of grey star goes short love it or hate it i m sure a lot ha http t co uoalmu6vrh
-1	revlon s new lipstick advert resembles a 50 shades of grey scene daily mail http t co jukasxwwva
-1	fifty shades of grey mikir lagi
-1	playing some fifty shades of grey soundtrack
-1	if only fifty shades of grey movie was long enough to include the real storyline maybe it would be as nice as pretty woman
-1	still a better love story than ombak rindu amp fifty shades of grey worth it watching 2hours http t co 7cv6dv0j3e
-1	watching fifty shades of grey with winda and kartika https t co zzpmgx8wlw
-1	escutando fifty shades of grey earned it the weeknd tradu o http t co 444plyxoyu via sitevagalume
-1	rt ispotmusic fifty shades of grey original motion picture soundtrack various artists http t co tjakwwtzyw music
-1	kimsokai yaudah fifty shades of grey enak
-1	i told my mom i wtched fifty shades of grey and she said its okay and she didn t got mad at me omggg
-1	new post dakota johnson haircut fifty shades of grey star goes short love it or hate it http t co 8cypalt3gv
-1	movies 1 fifty shades of grey unrated blu ray dvd digital hd ultraviolet fifty sh http t co xzxcs6nd5z majalahinternet
-1	movies 2 fifty shades of grey fifty shades of grey dakota johnson actor jamie dornan http t co prmcchldts majalahinternet
-1	latepost yha fifty shades of grey with kembang sisil and ummi https t co rrs0kttbqo
-1	rt beautifulplcs fifty shades of grey http t co 7ul7kampv4
-1	will you still portraying as christian grey of fifty shades of grey s sequel which is fsdarker amp fsfreed followmemrgrey askjamiedornan
-1	christian grey is so hot i would bang him good movie fifty shades of grey https t co 3fv2sndkcg
-1	fifty shades of grey
-1	yaampun ini film fifty shades of grey https t co bouujvs3gb
-1	earned it fifty shades of grey from the fifty shades of grey soundtrack explicit http t co tqhfqvdaph
-1	yeaaahhhh fifty shades of grey at lulu_beibz https t co tjttpi9ib6
-1	rt wurelyly fifty shades of grey leaked online http t co nujiqotbte
-1	rt rtorfav14 rt for fifty shades of grey fav for titanic http t co bhvaarl5lp
-1	watching fifty shades of grey https t co ttdttbmhlu
-1	fifty shades of grey dvd brand new factory sealed pre order http t co 2g2tf7ntyg 50shades http t co onn5pydiyq
-1	dakota johnson haircut fifty shades of grey star goes short love it or hate it http t co 59j9n7d0zy
-1	dakota johnson haircut fifty shades of grey star goes short love it or hate it http t co lqvvvrm5cg
-1	dakota johnson haircut fifty shades of grey star goes short love it or hate it http t co 4v8vihytcy
-1	dakota johnson haircut fifty shades of grey star goes short love it or hate it http t co 5lchfotxxr
-1	dakota johnson haircut fifty shades of grey star goes short love it or hate it http t co xmr0z16nhf
-1	dakota johnson haircut fifty shades of grey star goes short love it or hate it http t co bbjyr2we9s
-1	dakota johnson haircut fifty shades of grey star goes short love it or hate it http t co gofh21njgk
-1	dakota johnson haircut fifty shades of grey star goes short love it or hate it http t co gmwpydyrzc
-1	dakota johnson haircut fifty shades of grey star goes short love it or hate it http t co i5tvben2x3
-1	dakota johnson haircut fifty shades of grey star goes short love it or hate it http t co ofmozybfbq
-1	dakota johnson haircut fifty shades of grey star goes short love it or hate it http t co khbraccn8l
-1	dakota johnson haircut fifty shades of grey star goes short love it or hate it http t co eot4m2yhcq
-1	dakota johnson haircut fifty shades of grey star goes short love it or hate it http t co dhmtlfptwh
-1	dakota johnson haircut fifty shades of grey star goes short love it or hate it http t co vdnj3s6piq
-1	dakota johnson haircut fifty shades of grey star goes short love it or hate it http t co cpaymfgyi5
-1	i added a video to a youtube playlist http t co taz4iken3c vaults one last night from the fifty shades of grey soundtrack
-1	new voucher code free fifty shades of grey still baby still bondage tape with orders over 25 http t co khb1r6xgcu
-1	fifty shades of grey dvd brand new factory sealed pre order http t co im8o2wxnue nsfw teen http t co gicqi0y0nu
-1	fifty shades of grey dvd brand new factory sealed pre order http t co ldflzyzumz milf xxx http t co c2itpj3d8x
-1	rt beautifulplcs fifty shades of grey http t co 7ul7kampv4
-1	dakotajohnson haircut http t co yex6kwdv39 celebritysightings hotornot melaniegriffith moviebuzz http t co 3qq6fqjsja
-1	fifty shades of grey dvd brand new factory sealed pre order http t co 8enqy4bezp porn sex http t co 14jxq9ursm
-1	vaults one last night from the fifty shades of grey soundtrack ly https t co 6zgs1d42ws via youtube
-1	grandma telling me she s been to cinema to see fifty shades of grey that s as well as going to napa on holiday
-1	i liked a youtube video http t co taz4iken3c vaults one last night from the fifty shades of grey soundtrack lyric video
-1	fifty shades of grey https t co mvx67iwidb
-1	yall i m watching fifty shades of grey for the first time
-1	fifty shades of grey
-1	rt indiee_xx those things were lethal if you got whipped with one that s some fifty shades of grey shit right there ress_jiley 2015
-1	mmmmmhh so this is the reason why it was barnes here tulishaaribika kuburn movie haitasaidia lol watching fifty shades of grey
-1	rgrnmo it s grey fifty shades of grey hahaha jk
-1	rt amazingcast fifty shades of grey cast http t co trr36qbpm8
-1	rt iamctnkc bgm earned it fifty shades of grey from the fifty shades of grey soundtrack https t co lkfg5lgwng
-1	satnight dengan mr grey fifty shades of grey with vina https t co gy7sgw8wi0
-1	smtownglob4l fifty shades of grey na yan hahaha
-1	its possible that i might ve read two fifty shades of grey books in two days don t judge me
-1	fifty shades of grey with alvionita and rozanah https t co grwgspdwpx
-1	d couvrez love me like you do from the fifty shades of grey soundtrack par ellie goulding sur deezer http t co 6cjr4d7ea7
-1	the boy next door fifty shades of grey available in hd master iqra soft shop f 74 first floor rainbow centre aqeel 03202305677
-1	rt comedyposts fifty shades of grey is romantic only because the guy is a billionaire if he was living in a trailer it would be a crimin
-1	watch 4 times jamie dornan made diy sexy in the first full fifty shades of grey clip
-1	mr gray suddenly thinking about fifty shades of grey
-1	new fifty shades of grey trailer released
-1	watching fifty shades of grey https t co khtundb0c7
-1	earned it fifty shades of grey from the fifty shades of grey soundtrack explicit puro amor http t co kch1dnbuln
-1	_angelfrancisco is this like some fifty shades of grey going on here
-1	playing ellie goulding love me like you do from fifty shades of grey
-1	rt ohuglytruth fifty shades of grey is romantic only because the guy is a billionaire if he was living in a trailer it would be a crimin
-1	skylar grey i know you fifty shades of grey lyric video https t co wtwbbqpmf3 via youtube
-1	earned it fifty shades of grey from the fifty shades of grey soundtrack by the weeknd http t co avoyhfufo2
-1	fifty shades of grey https t co gkppot3rih
-1	rt rtorfav14 rt for fifty shades of grey fav for titanic http t co bhvaarl5lp
-1	watching fifty shades of grey https t co lfmlxjbjcz
-1	rt fiftyshadesnew fifty shades of grey http t co tmwf6ivzlw
-1	i liked a youtube video from showbizjunkies http t co xacm63kxg7 fifty shades of grey dvd blu ray trailer
-1	rt indiee_xx those things were lethal if you got whipped with one that s some fifty shades of grey shit right there ress_jiley 2015
-1	bgm earned it fifty shades of grey from the fifty shades of grey soundtrack https t co lkfg5lgwng
-1	rt themeninist fifty shades of grey is romantic only because the guy is a billionaire if he was living in a trailer it would be a crimin
-1	50shades christian grey jamie dornan fifty shades of grey fifty shades gif by ibelieveinsoulmate 232 notes
-1	fifty shades of grey christian and ana breathe again https t co q4ne8lasf8 via youtube
-1	the weeknd earned it fifty shades of grey lyric video http t co mz1k7xcsin via youtube
-1	fifty shades of grey unrated http t co mdcjabotkr
-1	rt rdereggae earned it fifty shades of grey from the fifty shades of grey soundt https t co 1rdcwty3vw v a youtube
-1	earned it fifty shades of grey from the fifty shades of grey soundtrack explicit http t co qxhjz4rywd
-1	playing the weeknd earned it fifty shades of grey from the fifty shades of grey soundtrack
-1	la playlist fifty shades of grey ptnnnnnnnnnnnnnnnnnn
-1	penasaraaan fifty shades of grey https t co rbydcbrlgs
-1	kca votejkt48id evan2cameron dakota johnson haircut fifty shades of grey star goes short love it or hate it
-1	jamiedornan 50shadesofgrey 50shades fiftyshades 50 50 fifty shades of grey 50 http t co ohmrscvoen
-1	dakota johnson haircut fifty shades of grey star goes short love it or hate it http t co pohbgqcvy2
-1	dakota johnson haircut fifty shades of grey star goes short love it or hate it http t co 8s2mfdhklr
-1	dakota johnson haircut fifty shades of grey star goes short love it or hate it http t co i1dpprrfvt
-1	dakota johnson haircut fifty shades of grey star goes short love it or hate it http t co lzrud7goij
-1	dakota johnson haircut fifty shades of grey star goes short love it or hate it http t co qxj23gdd9p
-1	dakota johnson haircut fifty shades of grey star goes short love it or hate it http t co urfzwxetjt
-1	dakota johnson haircut fifty shades of grey star goes short love it or hate it http t co v6jdoxuqfy
-1	dakota johnson haircut fifty shades of grey star goes short love it or hate it http t co 6o7nrmctai
-1	dakota johnson haircut fifty shades of grey star goes short love it or hate it http t co egeb41o7tu
-1	dakota johnson haircut fifty shades of grey star goes short love it or hate it http t co obv9dczb5u
-1	dakota johnson haircut fifty shades of grey star goes short love it or hate it http t co c2ufyoigjw
-1	dakota johnson haircut fifty shades of grey star goes short love it or hate it http t co 936aiy2wtn
-1	dakota johnson haircut fifty shades of grey star goes short love it or hate it http t co gku7gawue3
-1	dakota johnson haircut fifty shades of grey star goes short love it or hate it http t co koh7ajngzk
-1	dakota johnson haircut fifty shades of grey star goes short love it or hate it http t co po1v1zqbqy
-1	dakota johnson haircut fifty shades of grey star goes short love it or hate it http t co n8ge4rouad
-1	dakota johnson haircut fifty shades of grey star goes short love it or hate it http t co bfvoxj1obj
-1	dakota johnson haircut fifty shades of grey star goes short love it or hate it http t co uvklmsexey
-1	dakota johnson haircut fifty shades of grey star goes short love it or hate it http t co vjyrx8nupj
-1	dakota johnson haircut fifty shades of grey star goes short love it or hate it http t co wjw9szbsn7
-1	dakota johnson haircut fifty shades of grey star goes short love it or hate it http t co cweiuudcse
-1	dakota johnson haircut fifty shades of grey star goes short love it or hate it http t co p6bmezjgcc
-1	dakota johnson haircut fifty shades of grey star goes short love it or hate it http t co c1xgowy9iu
-1	dakota johnson haircut fifty shades of grey star goes short love it or hate it http t co zzimm2afok
-1	dakota johnson haircut fifty shades of grey star goes short love it or hate it http t co fnmspkkgwe
-1	dakota johnson haircut fifty shades of grey star goes short love it or hate it http t co pb1cytq58b
-1	dakota johnson haircut fifty shades of grey star goes short love it or hate it http t co n2ibkvuwod
-1	dakota johnson haircut fifty shades of grey star goes short love it or hate it http t co 67pbhpncee
-1	dakota johnson haircut fifty shades of grey star goes short love it or hate it http t co n2kl6ztwvf
-1	dakota johnson haircut fifty shades of grey star goes short love it or hate it http t co deaxxtsefh
-1	rt ietechnow fifty shades of grey sequel casting rumour will cara delevingne be leila for darker http t co npglwkkirn dod http
-1	dakota johnson haircut fifty shades of grey star goes short love it or hate it http t co esp1c4gmwk
-1	dakota johnson haircut fifty shades of grey star goes short love it or hate it http t co qoaahr2hap
-1	dakota johnson s naked from fifty shades of grey watch http t co tgdpr2mxfg 50shadesofgrey fiftyshades london
-1	dakota johnson haircut fifty shades of grey star goes short love it or hate it http t co qtqfrj41bi
-1	dakota johnson haircut fifty shades of grey star goes short love it or hate it http t co nf0zqip3m1
-1	dakota johnson haircut fifty shades of grey star goes short love it or hate it http t co 0ougzuyamg
-1	dakota johnson haircut fifty shades of grey star goes short love it or hate it http t co 91hb1yopjk
-1	dakota johnson haircut fifty shades of grey star goes short love it or hate it http t co pdqq2oqld3
-1	happy satnight fifty shades of grey https t co rmrntnpm7d
-1	dakota johnson haircut fifty shades of grey star goes short love it or hate it http t co mnf6gslnjd
-1	ellie goulding love me like you do fifty shades of grey guitar cover http t co 09pamzj0zo via youtube
-1	dakota johnson haircut fifty shades of grey star goes short love it or hate it http t co qarzi2rnzg
-1	dakota johnson haircut fifty shades of grey star goes short love it or hate it http t co enynhhhkkd
-1	dakota johnson haircut fifty shades of grey star goes short love it or hate it http t co npj5a79ixv
-1	dakota johnson haircut fifty shades of grey star goes short love it or hate it http t co ivuuskgq5m
-1	dakota johnson haircut fifty shades of grey star goes short love it or hate it http t co w9o7h6ajzx
-1	dakota johnson haircut fifty shades of grey star goes short love it or hate it http t co w33sioisi7
-1	rt factsionary angelina jolie was offered the opportunity to direct fifty shades of grey but she declined
-1	dakota johnson haircut fifty shades of grey star goes short love it or hate it http t co tpcgcudous
-1	dakota johnson haircut fifty shades of grey star goes short love it or hate it http t co 1tw7hgykxe http t co anj9p5pcy9
-1	dakota johnson haircut fifty shades of grey star goes short love it or hate it http t co sfxpwfvu8w
-1	rt depresseddarth still a better love story than fifty shades of grey http t co ffln5dbdmw
-1	4 things men can learn from fifty shades of grey watch http t co 7urro1jndl 50shadesofgrey fiftyshades losangeles
-1	dakota johnson haircut fifty shades of grey star goes short love it or hate it http t co vgov1zdhuu
-1	dakota johnson haircut fifty shades of grey star goes short love it or hate it http t co nxflav0sce
-1	dakota johnson haircut fifty shades of grey star goes short love it or hate it http t co x98oh2z42y
-1	dakota johnson haircut fifty shades of grey star goes short love it or hate it http t co epblahytuj
-1	dakota johnson haircut fifty shades of grey star goes short love it or hate it http t co d1bhhhjsz1
-1	rt sassytbh fifty shades of grey looks intense must see http t co gd6fyxmyug
-1	dakota johnson haircut fifty shades of grey star goes short love it or hate it http t co iqhjgcqp58
-1	dakota johnson haircut fifty shades of grey star goes short love it or hate it http t co eu287ilqdq
-1	dakota johnson haircut fifty shades of grey star goes short love it or hate it http t co v7toijstse
-1	dakota johnson haircut fifty shades of grey star goes short love it or hate it http t co iyqzbbh10z
-1	movie dakota johnson haircut fifty shades of grey star goes short love it or hate it http t co jvizbnfcm6
-1	rt amazingcast fifty shades of grey cast http t co 3h4dmt33nr
-1	rt justkpopfan cara delevingne to appear in next fifty shades of grey movie kendall jenner s bff catches writer e l james eye http
-1	fifty shades of grey for jadinedubsmashchallenge
-1	rt beautifulplcs fifty shades of grey http t co 7ul7kampv4
-1	speechless no caption fifty shades of grey https t co wlhku8oyz1
-1	on page 198 of 356 of fifty shades of grey by e l james http t co hi8jgrgozr
-1	now watching fifty shades of grey
-1	rt holisticfacts jamie dornan visited a private sex dungeon to research for his character christian grey in fifty shades of grey
-1	bir youtube videosu be endim http t co sp9y9tjwrq sia salted wound from the fifty shades of grey soundtrack audio
-1	http t co xcztwomm16 fifty shades of grey official trailer hd2015 http t co 8x1xy9kqvq fifty grey official shades trailer
-1	rt hits93toronto now playing earned it from the fifty shades of grey soundtrack by theweeknd listen live at http t co snzvm0vzen
-1	rt amazingcast fifty shades of grey cast http t co trr36qbpm8
-1	im watching now fifty shades of grey lt 3
-1	como me gusta esta bso earned it fifty shades of grey from the fifty http t co 01u2kiqcci
-1	rt angeladornan fifty shades of grey christian and ana breathe again https t co ge8tdjwt7u via youtube
-1	listen to i put a spell on you fifty shades of grey from fifty shades of grey original motion picture http t co sr8tgynzhr
-1	skylar grey i know you fifty shades of grey http t co 28k1ginhmc via youtube
-1	fifty shades of grey sowing now in renaissance cinemas for more info http t co uefxtocluo http t co iuvef7vgeh
-1	someone watch fifty shades of grey with me again that movie is
-1	watching fifty shades of grey with rahmat https t co leynp9763f
-1	india bans fifty shades of grey even without the nudity http t co iwlokls7sm via theinquisitr
-1	rt ohuglytruth fifty shades of grey is romantic only because the guy is a billionaire if he was living in a trailer it would be a crimin
-1	rt acommonfemaie a good reason to go see fifty shades of grey http t co y1nec1wgtb
-1	me ha gustado un v deo de youtube http t co cgzoqid3l2 earned it fifty shades of grey from the fifty shades of grey
-1	love this track gt by theweekend earnedit from the fifty shades of grey soundt https t co zrjx10upgn via youtube
-1	rt ohuglytruth fifty shades of grey is romantic only because the guy is a billionaire if he was living in a trailer it would be a crimin
-1	bestseller fifty shades of grey unrated blu ray dvd digital hd ultraviolet dakota johnson actor ja http t co awg3ef3eji
-1	bestseller fifty shades of grey dakota johnson actor jamie dornan actor sam taylor johnson director http t co 8tjfym1h0p
-1	rt poseydornan don t forget to pre order your fifty shades of grey unrated edition w alt ending http t co 001dzuebb6
-1	lyrics made me start thinking about u nancnaaz earned it from the fifty shades of grey soundt https t co 6vbzmxyjko via youtube
-1	fifty shades of skylar grey s anatomy
-1	earned it fifty shades of grey from the fifty shades of grey soundt https t co 1rdcwty3vw v a youtube
-1	fifty shades of grey got me fucked up
-1	rt rtorfav14 rt for fifty shades of grey fav for titanic http t co bhvaarl5lp
-1	i liked a youtube video http t co kiron6z1jr fifty shades of grey parody
-1	rt depresseddarth still a better love story than fifty shades of grey http t co ffln5dbdmw
-1	rt factsionary angelina jolie was offered the opportunity to direct fifty shades of grey but she declined
-1	fifty shades of grey
-1	rt renniferjios fiftyshades in one month it s time to bring home fiftyshades http t co zhubkvyeej http t co 1lpzluuhjy juanale
-1	rt jamesbrinsford fiftyshades of grey it s getting hot in here as second fiftyshadesmovie trailer arrives http t co jqloo30aez via
-1	nowplaying love me like you do from fifty shades of grey by ellie goulding on anghami http t co c2naswvxfj
-1	rt hits93toronto now playing earned it from the fifty shades of grey soundtrack by theweeknd listen live at http t co snzvm0vzen
-1	just watched fifty shades of grey and i actually liked it
-1	rt emiozcoidi second steamy trailer breathtaking fiftyshades can t wait fifty shades of grey official trailer 2 univer http t
-1	it s 50shadesofgrey alnplayhouse amp themaltings tonight 7 30 read review and watch trailer http t co 73jhdlawm8 http t co 28zk4wwemu
-1	now playing earned it from the fifty shades of grey soundtrack by theweeknd listen live at http t co snzvm0vzen
-1	those things were lethal if you got whipped with one that s some fifty shades of grey shit right there ress_jiley 2015
-1	fifty shades of grey
-1	fifty shades of grey part 1 fifty shades darker part 2 fifty shades freed part 3 all those and i want more lt 3
-1	http t co t1ckdyfkhf dakota johnson haircut fifty shades of grey star goes short love it or hate it fanuendo http t co mpk9jpwcl6
-1	why wasn t r kelly s your body calling on the fifty shades of grey soundtrack sounds like bdsm track to me
-1	fifty shades of grey https t co g863iribim
-1	50 shades of grey you have to watch this movie fiftyshadesofgrey http t co cjxpjqtwor
-1	lol fifty shades of grey with chandra https t co wut1mmjnnw
-1	niallofficial have you watch the fifty shades of grey
-1	fifty shades of grey yahoo movie http t co wacvrkxded
-1	rt carotacuma fifty shades of grey official trailer 2 full http t co sjpwgstx3g fiftyshades omg
-1	fifty shades of grey receives 18 rating on http t co qt2jbwxe2w
-1	mentally knocking myself out for admitting i have fifty shades of grey
-1	rt fiftyshadeshk you can check out all new stills from fiftyshades dvd blu ray japanese version on the site http t co pyfgfru77w htt
-1	rt ohuglytruth fifty shades of grey is romantic only because the guy is a billionaire if he was living in a trailer it would be a crimin
-1	rt 50sombrasspain impresionante fan v deo cincuentasombras because i m fifty shades of fucked up hecho por mi querida may https t
-1	the awkward moment when your browser just lagged on a fifty shades of grey post
-1	now watching fifty shades of grey http t co 3m2ttn3mlc
-1	similarities in php and fifty shades of grey http t co 0s2zjt0dft
-1	rt cosmoindia fifty shades of grey movie banned in malaysia http t co 40doeaoton http t co 2ghtysgggg
-1	fifty shades of grey https t co lssjcwuwnz
-1	watching fifty shades of grey with ajeng https t co xs47md8epm
-1	green or grey fifty shades of minho
-1	love me like you do fifty shades of grey at komp depag jl palapa https t co whhjamfyuw
-1	rt 50latersbaby fifty shades of grey christian and ana breathe again http t co m8pxa1rc2f via youtube
-1	1 fifty shades of grey unrated blu ray dvd digital hd ultraviolet http t co hkl4hn8fjl
-1	rt depresseddarth still a better love story than fifty shades of grey http t co ffln5dbdmw
-1	earned it fifty shades of grey from the fifty shades of grey soundt https t co y5eth4hhmd via youtube
-1	movies 1 fifty shades of grey unrated blu ray dvd digital hd ultraviolet fifty sh http t co xzxcs6nd5z majalahinternet
-1	movies 2 fifty shades of grey fifty shades of grey dakota johnson actor jamie dornan http t co prmcchldts majalahinternet
-1	rt ohuglytruth fifty shades of grey is romantic only because the guy is a billionaire if he was living in a trailer it would be a crimin
-1	vaults one last night from the fifty shades of grey soundtrack ly https t co vtcamf5gb9 via youtube
-1	fifty shades of grey with mochamad daiva at home https t co o838ueodjt
-1	loosewomen ever read that fifty shades of grey a right cunt turner could not put my clit down bookfest
-1	rt depresseddarth still a better love story than fifty shades of grey http t co ffln5dbdmw
