-1	the droids are the only characters to appear in all seven fast amp furious movies
-1	when you ve only just seen fast and furious seven for the first time but are about to watch the duff for the second time girlchoices
-1	j_leee8 i know so fuck that movie i wanna see furious seven
-1	rt idntwearcondoms rt yourfavoritezoe tyrese been in the movie seven times and still can t spell furious
-1	0 for 2 on not crying at the end of furious seven paul s smile and that damn song not fair
-1	i think ima see unfriended today or furious seven i don t wanna see unfriended at all
-1	fast and furious seven was so good omfg
-1	rt pringleskaty furious seven made me cry
-1	zerootofallevil there were like no race scenes in furious seven p but i get the point
-1	furious seven 2015 http t co b0n9ubfedy
-1	reeddeming have you seen fast and furious seven yet if you did can we talk about how amazing it was and how i still cry because of the end
-1	furious seven reached 1 billion before its third weekend incredible
-1	rt lucassimmons21 when fast and furious seven hits you right in the feels
-1	otc i feel like watching furious seven for the third time again
-1	furious seven crosses 1 billion at worldwide box office by ron meyer http t co 50l6gwvv6f
-1	rt lucassimmons21 when fast and furious seven hits you right in the feels
-1	hey quizzicalone we know of a certain film that will break furious seven s record kneelbeforeultron https t co 4aug77rb9v
-1	fast and furious seven yang last part bukan hati je sakit sakit jantung bcuz rly heart breaking not liver breaking hais
-1	furious seven with no car http t co zhxccpvoib
-1	watching fast n furious 4 just to prep for fast seven
-1	cocainequiches i saw furious seven so we can interact without shame or fear or the normal amount whichever
-1	i am going to see furious seven today varoom varoom that is fast car sound hope all you beautiful wonderful people have an excellent day xo
-1	i rated furious seven 2015 10 10 imdb http t co facpzrhnvb
-1	seeing furious seven again
-1	fast and furious seven
-1	furious seven trailer 2015 http t co 768op5fdq2
-1	i added a video to a youtube playlist http t co 768op5fdq2 furious seven trailer 2015
-1	furious seven wasn t even that good tbh
-1	rt yourfavoritezoe tyrese been in the movie seven times and still can t spell furious
-1	rt calvinwalker56 furious seven fastest movie to ever reach 1billion whaddup
-1	especially with those graphics skwaya4higher dude pholoho mare furious seven should be a 3d movie
-1	dude pholoho mare furious seven should be a 3d movie
-1	furious 7 review part seven cant measure up to fast five
-1	no lol rt pholoho mare furious seven should be a 3d movie
-1	mare furious seven should be a 3d movie
-1	furious seven fastest movie to ever reach 1billion whaddup
-1	furious seven just wasn t a movie for me i was a little put off that the death of an actor was exploited so heavily to sell movie tickets
-1	furious seven finished
-1	dronemaniac rt gem cat airzae i just remembered that in the fast and the furious seven the rock destroys an inflight predator drone by
-1	rt gem cat airzae i just remembered that in the fast and the furious seven the rock destroys an inflight predator drone by driving an a
-1	i just remembered that in the fast and the furious seven the rock destroys an inflight predator drone by driving an ambulance into it
-1	rt quin_jess fast n furious seven so waiting for this movie http t co m7apfosc48
-1	get low is the best song on the furious seven soundtrack sorry i dont make the rules
-1	i don t have friends i got family vin diesel of furious seven love the movie got the chance to watch it with hubby amazing one
-1	watching fast amp furious 7 with eka at 21cineplex https t co pz1eh1wnjl
-1	furious seven at 1830 at nex shaw
-1	made the mistake of watching the furious seven ending again i m too emotional for my liking
-1	gonna give furious seven 75 100 thrilling but the visual effects and the fight scene a lil bit cheesy asm
-1	rt annadeliah just got home from the movies furious seven was such a great movie
-1	i ve watched furious seven 3 times and the last part still gets to me
-1	fast and furious seven was soo good
-1	watch furious seven 2015 movie streaming online check out this url http t co e09hxuc9bg
-1	everyone revving just out of the theaters watching furious seven
-1	rt msawilliams17 furious seven was a ba movie
-1	i don t know how anyone could watch fast and furious seven without crying at the end
-1	i rated furious seven 2015 10 10 imdb absolutely the best movie i ve ever seen welldeserved forpaul http t co ddjl52pljo
-1	furious seven was amazing so badass and the end broke my heart if you loved paul def see this movie
-1	fourth time s a charm for furious seven tonight i saw furious seven again for the fourth time rarely have i http t co fxbxh3wn0x
-1	losthiskeysman i cried too omg furious seven gave me every emotion a human can have
-1	finally watched furious seven and i loved it
-1	i rated furious seven 2015 7 10 imdb http t co z81q8fb8ju
-1	it all started seven sequels ago the fast and the furious 7 coming to a theatre near you http t co w5qotw35aq
-1	furious seven was so good i cried
-1	rt swaragamafm 1 furious seven action us 59 6m cinechart cinemania http t co pkrbbhywiy
-1	furious seven ripped my heart out over amp over again
-1	yo the end of furious seven is breaking
-1	rt annadeliah just got home from the movies furious seven was such a great movie
-1	rt yourfavoritezoe tyrese been in the movie seven times and still can t spell furious
-1	barely seen furious seven that movie will forever be the best movie ive ever seen rip paul babe your just great man
-1	just got out of furious seven that shit was hella long what s good
-1	just got home from the movies furious seven was such a great movie
-1	rt c__herb i drove super fast the entire way home and i planned that if i got pulled over i would say i just watched furious seven
-1	i wasn t emotionally prepared for furious seven
-1	the best part about fast and furious seven the previews
-1	ayy not enough talk about family in furious seven
-1	that moment when you flip out because you see your car in fast and the furious seven
-1	swaragamafm 1 furious seven action us 59 6m cinechart cinemania http t co aod0rmfqqi
-1	rt idntwearcondoms rt yourfavoritezoe tyrese been in the movie seven times and still can t spell furious
-1	furious seven was a ba movie
-1	i ve officially seen furious seven 3 times
-1	furious seven made me cry
-1	just saw furious seven wow
-1	rt swaragamafm 1 furious seven action us 59 6m cinechart cinemania http t co pkrbbhywiy
-1	furious seven again this time with margaritas so fast much tears wow
-1	rt yourfavoritezoe tyrese been in the movie seven times and still can t spell furious
-1	date night was perfect lt 3 olive garden and then went and saw furious seven perfect night with the perfect man
-1	rt iamichelleee omg vin diesel s lines in furious seven are soooooooooo corny got me fucked up
-1	furious seven was wow
-1	rt aliciaalope i d probably go watch furious seven a few more times in theatre lol
-1	omg furious seven
-1	furious seven 10 10
-1	fast and furious seven was good af but it had my ass crying at the end
-1	rt swaragamafm 1 furious seven action us 59 6m cinechart cinemania http t co pkrbbhywiy
-1	rt hyperallergic china s terracotta warriors have a smashing cameo in furious seven http t co 7egqzmewtp fastfurious
-1	furious seven was so good
-1	furious seven is well worth the watch and by far my favorite so ya
-1	furious seven gets 2 thumbs up
-1	i just came home from wat ching furious seven and im fu kedn yp
-1	furious seven had me tearing up real nigga tears
-1	do i go and see fast and furious seven on my own tonight
-1	furious seven is a damn good movie paulwalker
-1	stayed home all day watched every fast and furious movie all seven yayyyy
-1	ismellh8rs furious seven
-1	furious seven is so fucking good wtf
-1	so we went to see furious seven and
-1	ayeeecatherine furious seven was good what are you talking about
-1	wow furious seven was cheesy lol
-1	i d probably go watch furious seven a few more times in theatre lol
-1	rt swaragamafm 1 furious seven action us 59 6m cinechart cinemania http t co pkrbbhywiy
-1	rt daniel_fidler furious seven became the fastest eh eh film to reach 1 billion at the worldwide box office wow
-1	furious seven was so good yet i still cried forpaul
-1	at the movies with randall and he fell asleep wow i don t even care about furious seven omg
-1	i cried so bad at the end of furious seven
-1	furious seven was an action movie lovers wet dream it was awesome
-1	furious seven
-1	furious seven became the fastest eh eh film to reach 1 billion at the worldwide box office wow
-1	furious seven was amazinggggggg loved the ending
-1	all i have to say is that furious seven was an amazing movie https t co hfmrc1vm6s
-1	furious seven was amazing but at the same time so heart breaking rememberthebuster
-1	rt c__herb i drove super fast the entire way home and i planned that if i got pulled over i would say i just watched furious seven
-1	honestly fast and furious seven was the best movie i ve ever seen what a great job they did on comemorating paul walker s death rip paul
-1	finally seeing fast in the furious seven with all my babies
-1	i rated furious seven 2015 8 10 http t co rkdztl1lps
-1	furious_seven was the bomb
-1	rt swaragamafm 1 furious seven action us 59 6m cinechart cinemania http t co pkrbbhywiy
-1	furious seven is a must see
-1	lukeyily1 there was no way i cpuld lmao but i saw furious seven omfg
-1	rt swaragamafm 1 furious seven action us 59 6m cinechart cinemania http t co pkrbbhywiy
-1	i m officially meh on furious seven loved kurt russell and the car stunts the story and the acting was meh
-1	1 furious seven action us 59 6m cinechart cinemania http t co pkrbbhywiy
-1	the end of furious seven gets me all the time
-1	i rated furious seven 2015 6 10 imdb http t co gzdnpgb2of
-1	rt astronatt_ did i see furious seven for the second time yes did i still cry like a lil bitch again mind ya damn business
-1	rt melinaarii furious seven was great
-1	brenda made fun of me bc i cried watching furious seven smh
-1	iggyazalea in furious seven
-1	did i see furious seven for the second time yes did i still cry like a lil bitch again mind ya damn business
-1	furious seven so good
-1	i drove super fast the entire way home and i planned that if i got pulled over i would say i just watched furious seven
-1	furious seven was great
-1	rt kendallbabee furious seven is badass
-1	finally saw furious seven ending was too much rippaulwalker
-1	incredible furious seven
-1	finally saw furious seven lifechanger
-1	furious seven is badass
-1	iggyazalea in furious seven pissed my life off
-1	rt yourfavoritezoe tyrese been in the movie seven times and still can t spell furious
-1	furious seven was cool
-1	back to life furious seven with the fam adrenaline movienight
-1	tony jaa in furious seven they must be introducing him to american people now dope ong bak in us films furious7
-1	holy fuck furious seven is so good
-1	furious seven was so anime and i love it to bits for that
-1	the tears after seeing furious seven was unreal
-1	rt midgetnazgul furious seven is great movie guys andrew jojo and i are discussing
-1	furious seven had me on that weak shit
-1	furious seven is great movie guys andrew jojo and i are discussing
-1	if i die tomorrow please announce at my eulogy that i finished all seven fast and furious movies in 3 days
-1	i just saw furious seven and im crying im so emo do not touch me i fucking swear to god im emy im killinf you
-1	furious seven man rippaulwalker
-1	furious seven is probably one of the best movies i ve seen in such a long time
-1	if you haven t seen furious seven yet reevaluate your life bc it is honestly amazing
-1	furious seven made me cry so much
-1	rt yourfavoritezoe tyrese been in the movie seven times and still can t spell furious
-1	on furious seven what is this car locked away in abu dabi
-1	rt yourfavoritezoe tyrese been in the movie seven times and still can t spell furious
-1	furious seven was so good and the tribute they did for paul walker was so dope
-1	fast amp furious seven was breathtaking
-1	furious seven was an amazing movie i d actually pay to watch it again
-1	just got out of furious seven completely wowed by wwecesaro s acting chops and those action sequences
-1	furious seven that whole movie ending was great though
-1	just got back home from furious seven no words can describe how the ending made me feel real tears rippaulwalker
-1	rt isham3110 furious seven
-1	rt idntwearcondoms rt yourfavoritezoe tyrese been in the movie seven times and still can t spell furious
-1	saw furious seven again and it still hit me right in the feels again rippaulwalker furious7 stillanawesomemovie
-1	china s terracotta warriors have a smashing cameo in furious seven http t co 7egqzmewtp fastfurious
-1	the ending of furious seven
-1	i was hoping to see furious seven with that special someone
-1	furious seven though
-1	me during the ending of furious seven http t co shrv2d440m
-1	it doesn t matter if you are a fan of paul walker or not if you didn t feel something at the end of furious seven you re heartless
-1	i know i m really late furious seven was so awesome
-1	omg vin diesel s lines in furious seven are soooooooooo corny got me fucked up
-1	dear anyone going to see furious seven i suggest you bring a box of tissues and your favorite comfort food because you will cry
-1	fast and furious seven really got to me
-1	furious seven was okay not the hype people made it to be
-1	yepp definitely just shed a tear in furious seven
-1	rt c30wall furious seven was a great movie but i was kind of disappointed that rhondarousie didn t use an arm bar
-1	furious seven was a great movie but i was kind of disappointed that rhondarousie didn t use an arm bar
-1	bro furious seven was soooooo good cried nasty at the end
-1	fast and furious seven omg
-1	rt isham3110 furious seven
-1	rt kyliejohnston9 when lyrical genius igloo australia is in furious seven lt lt
-1	furious seven
-1	when lyrical genius igloo australia is in furious seven lt lt
-1	seeing paul walker in furious seven is upsetting
-1	adtr_tomm saw furious seven today and don t worry man i cried too
-1	rt mike_murray11 the end of furious seven gets me every time
-1	foto hyperallergic the most outrageous action sequence in the new blockbuster furious seven the latest http t co z2ijxnfbze
-1	i was straight up crying at the end of furious seven so muchh sadness
-1	furious seven
-1	the furious seven soundtrack is badassss
-1	furious seven was gripping as a motherfucker
-1	fast abd furious seven made me cry harder than the titanic guys oml i havent even seen the other ones at all but i cried so hard
-1	furious seven killed me
-1	end of furious seven for paul girl sitting next to us says who s paul bitch what go home
-1	ending of furious seven got me fuck up i cried
-1	furious seven wow 1000 escapist entertainment loved it
-1	watching furious seven again
-1	just went to see fast and furious seven i can honestly say i have not cried during a movie until now rippaulwalker
-1	finally say furious seven
-1	im fucking sobbing furious seven got me messed up
-1	rt allysonbrooke3 seeing furious seven just makes me want to speed
-1	seeing furious seven just makes me want to speed
-1	rt patdollard forpaul furious seven breaking records crosses 1 billion in 17 days http t co u8rtp4mreo http t co yght99y6au
-1	seeing furious seven with the girls pumped
-1	furious seven again
-1	furious seven was too good
-1	furious seven making me tear up and shit
-1	fast furious seven at the twin city drive in by the camper in bristol tn https t co t3px7c6ael
-1	or furious seven because i still haven t seen that
-1	rt jbassaaron furious seven muscular bald men
-1	furious seven made me cry at the end cause paul
-1	congrats to the fast amp furious seven cast vin diesel dwayne the rock johnson for hitting a billion dollars http t co n0qxlsk2gq
-1	rt fastfamilyfrv we made it so far making fast and furious 7 the 1 movie all around the world fastfurious7 fastlifeforever http t co
-1	rt fastfamilyfrv the best relationship in fast and furious such a great couple and having 2 babies jordanabrewster forpaul http t
-1	the ending to furious seven killed me
-1	loved furious seven https t co xp081olseq
-1	forpaul furious seven breaking records crosses 1 billion in 17 days http t co fsgwn4tgss
-1	the paul walker tribute at the end of furious seven made me cry what a fantastic movie and series
-1	furious seven was amazing
-1	just watched furious seven there is still a lump in my throat from trying and failing not to cry at the ending loved it furious7
-1	rt thrillseekin paul blart s such a dick like now more than ever furious seven needs a friend to lean on http t co lbzcjbrpfe
-1	hannahberos go see furious seven
-1	rt justceinwen i am a mess after furious seven
-1	rt thrillseekin paul blart s such a dick like now more than ever furious seven needs a friend to lean on http t co lbzcjbrpfe
-1	i am a mess after furious seven
-1	rt yourfavoritezoe tyrese been in the movie seven times and still can t spell furious
-1	forpaul furious seven breaking records crosses 1 billion in 17 days http t co u8rtp4mreo http t co yght99y6au
-1	rt trillac_ rt idntwearcondoms rt yourfavoritezoe tyrese been in the movie seven times and still can t spell furious
-1	the ending to furious seven is
-1	i rated furious seven 2015 8 10 imdb http t co dkyfigzzch
-1	the end of furious seven killed me
-1	who wanna watch all seven fast amp furious with me
-1	rt deaddinero rt yourfavoritezoe tyrese been in the movie seven times and still can t spell furious
-1	rt barillasmaribel mirandacanoo_ notorioushanna furious seven we got you fam
-1	correction furious seven
-1	we re going to the movies to watch fast furious seven
-1	furious seven was
-1	rt idntwearcondoms rt yourfavoritezoe tyrese been in the movie seven times and still can t spell furious
-1	rt tripl3a lmao rt idntwearcondoms rt yourfavoritezoe tyrese been in the movie seven times and still can t spell furious
-1	the end of furious seven gets me every time
-1	rt idntwearcondoms rt yourfavoritezoe tyrese been in the movie seven times and still can t spell furious
-1	rt yourfavoritezoe tyrese been in the movie seven times and still can t spell furious
-1	rt idntwearcondoms rt yourfavoritezoe tyrese been in the movie seven times and still can t spell furious
-1	rt idntwearcondoms rt yourfavoritezoe tyrese been in the movie seven times and still can t spell furious
-1	furious seven was so good
-1	iggy in furious seven is featured shorter than the time people actually liked her lmao
-1	fast and the furious seven was ight and unfriended got me frightened to sleep
-1	rt yourfavoritezoe tyrese been in the movie seven times and still can t spell furious
-1	rt yourfavoritezoe tyrese been in the movie seven times and still can t spell furious
-1	rt idntwearcondoms rt yourfavoritezoe tyrese been in the movie seven times and still can t spell furious
-1	mirandacanoo_ notorioushanna furious seven we got you fam
-1	1 billion in just over two weeks holy cow furious seven is unstoppable
-1	rt yourfavoritezoe tyrese been in the movie seven times and still can t spell furious
-1	rt spookyquark furious seven already mad well duh http t co jkiznstrw2
-1	saw furious seven am only slightly exaggerating when i say the avengers is slightly less believable
-1	rt yourfavoritezoe tyrese been in the movie seven times and still can t spell furious
-1	furious seven already mad well duh http t co jkiznstrw2
-1	tyrese been in the movie seven times and still can t spell furious
-1	i m at my first drive in theater watching furious seven again
-1	rt yourfavoritezoe tyrese been in the movie seven times and still can t spell furious
-1	rt yourfavoritezoe tyrese been in the movie seven times and still can t spell furious
-1	rt yourfavoritezoe tyrese been in the movie seven times and still can t spell furious
-1	rt trillac_ rt idntwearcondoms rt yourfavoritezoe tyrese been in the movie seven times and still can t spell furious
-1	rt yourfavoritezoe tyrese been in the movie seven times and still can t spell furious
-1	rt yourfavoritezoe tyrese been in the movie seven times and still can t spell furious
-1	my review of furious seven yaaas
-1	i wanna go see fast and furious seven again
-1	meanwhile in mainstream news furious seven fucking sucked so many things wrong in the movie complete waste of time and money
-1	so just watched furious seven and goddamn that movie was amazing not gonna lie a few tears left my eyes at the end
-1	rt yourfavoritezoe tyrese been in the movie seven times and still can t spell furious
-1	rt idntwearcondoms rt yourfavoritezoe tyrese been in the movie seven times and still can t spell furious
-1	rt yourfavoritezoe tyrese been in the movie seven times and still can t spell furious
-1	rt idntwearcondoms rt yourfavoritezoe tyrese been in the movie seven times and still can t spell furious
-1	if you ve seen all seven fast furious movies i m going to need you to have a seat right over there
-1	rt yourfavoritezoe tyrese been in the movie seven times and still can t spell furious
-1	idk someone go see furious seven w me since everybody wanna be childish af
-1	rt yourfavoritezoe tyrese been in the movie seven times and still can t spell furious
-1	rt yourfavoritezoe tyrese been in the movie seven times and still can t spell furious
-1	anyone wanna go see furious seven tonight
-1	rt idntwearcondoms rt yourfavoritezoe tyrese been in the movie seven times and still can t spell furious
-1	rt yourfavoritezoe tyrese been in the movie seven times and still can t spell furious
-1	rt yourfavoritezoe tyrese been in the movie seven times and still can t spell furious
-1	rt yourfavoritezoe tyrese been in the movie seven times and still can t spell furious
-1	rt yourfavoritezoe tyrese been in the movie seven times and still can t spell furious
-1	rt yourfavoritezoe tyrese been in the movie seven times and still can t spell furious
-1	rt yourfavoritezoe tyrese been in the movie seven times and still can t spell furious
-1	rt yourfavoritezoe tyrese been in the movie seven times and still can t spell furious
-1	rt yourfavoritezoe tyrese been in the movie seven times and still can t spell furious
-1	rt yourfavoritezoe tyrese been in the movie seven times and still can t spell furious
-1	rt yourfavoritezoe tyrese been in the movie seven times and still can t spell furious
-1	yourfavoritezoe tyrese been in the movie seven times and still can t spell furious
-1	rt yourfavoritezoe tyrese been in the movie seven times and still can t spell furious
-1	i rated furious seven 2015 7 10 imdb http t co kjcbjvksbh
-1	i m finally going to was furious seven thanks surgery for keeping me from doing fun things
-1	i rated furious seven 2015 6 10 imdb http t co u1zcl2ao6f
-1	rt yourfavoritezoe tyrese been in the movie seven times and still can t spell furious
-1	rt yourfavoritezoe tyrese been in the movie seven times and still can t spell furious
-1	rt yourfavoritezoe tyrese been in the movie seven times and still can t spell furious
-1	yourfavoritezoe tyrese been in the movie seven times and still can t spell furious nah
-1	rt deaddinero rt yourfavoritezoe tyrese been in the movie seven times and still can t spell furious
-1	rt yourfavoritezoe tyrese been in the movie seven times and still can t spell furious
-1	rt yourfavoritezoe tyrese been in the movie seven times and still can t spell furious
-1	rt yourfavoritezoe tyrese been in the movie seven times and still can t spell furious
-1	rt deaddinero rt yourfavoritezoe tyrese been in the movie seven times and still can t spell furious
-1	rt yourfavoritezoe tyrese been in the movie seven times and still can t spell furious
-1	rt idntwearcondoms rt yourfavoritezoe tyrese been in the movie seven times and still can t spell furious
-1	rt idntwearcondoms rt yourfavoritezoe tyrese been in the movie seven times and still can t spell furious
-1	rt yourfavoritezoe tyrese been in the movie seven times and still can t spell furious
-1	rt deaddinero rt yourfavoritezoe tyrese been in the movie seven times and still can t spell furious
-1	rt yourfavoritezoe tyrese been in the movie seven times and still can t spell furious
-1	rt yourfavoritezoe tyrese been in the movie seven times and still can t spell furious
-1	rt yourfavoritezoe tyrese been in the movie seven times and still can t spell furious
-1	rt idntwearcondoms rt yourfavoritezoe tyrese been in the movie seven times and still can t spell furious
-1	rt yourfavoritezoe tyrese been in the movie seven times and still can t spell furious
-1	rt yourfavoritezoe tyrese been in the movie seven times and still can t spell furious
-1	rt yourfavoritezoe tyrese been in the movie seven times and still can t spell furious
-1	crying rt idntwearcondoms rt yourfavoritezoe tyrese been in the movie seven times and still can t spell furious
-1	rt yourfavoritezoe tyrese been in the movie seven times and still can t spell furious
-1	rt yourfavoritezoe tyrese been in the movie seven times and still can t spell furious
-1	rt yourfavoritezoe tyrese been in the movie seven times and still can t spell furious
-1	rt idntwearcondoms rt yourfavoritezoe tyrese been in the movie seven times and still can t spell furious
-1	rt yourfavoritezoe tyrese been in the movie seven times and still can t spell furious
-1	rt yourfavoritezoe tyrese been in the movie seven times and still can t spell furious
-1	rt yourfavoritezoe tyrese been in the movie seven times and still can t spell furious
-1	he wasn t in the 1st one or tokyo drift rt yourfavoritezoe tyrese been in the movie seven times and still can t spell furious
-1	rt yourfavoritezoe tyrese been in the movie seven times and still can t spell furious
-1	rt idntwearcondoms rt yourfavoritezoe tyrese been in the movie seven times and still can t spell furious
-1	rt yourfavoritezoe tyrese been in the movie seven times and still can t spell furious
-1	rt yourfavoritezoe tyrese been in the movie seven times and still can t spell furious
-1	rt yourfavoritezoe tyrese been in the movie seven times and still can t spell furious
-1	rt yourfavoritezoe tyrese been in the movie seven times and still can t spell furious
-1	rt yourfavoritezoe tyrese been in the movie seven times and still can t spell furious
-1	rt yourfavoritezoe tyrese been in the movie seven times and still can t spell furious
-1	rt yourfavoritezoe tyrese been in the movie seven times and still can t spell furious
-1	rt yourfavoritezoe tyrese been in the movie seven times and still can t spell furious
-1	rt yourfavoritezoe tyrese been in the movie seven times and still can t spell furious
-1	rt yourfavoritezoe tyrese been in the movie seven times and still can t spell furious
-1	rt yourfavoritezoe tyrese been in the movie seven times and still can t spell furious
-1	rt yourfavoritezoe tyrese been in the movie seven times and still can t spell furious
-1	rt yourfavoritezoe tyrese been in the movie seven times and still can t spell furious
-1	rt tripl3a lmao rt idntwearcondoms rt yourfavoritezoe tyrese been in the movie seven times and still can t spell furious
-1	fast and furious brian s best moments gallery in seven movies paul walker s character went from cop to http t co c7vzfw0q2g
-1	rt idntwearcondoms rt yourfavoritezoe tyrese been in the movie seven times and still can t spell furious
-1	lmaooo rt idntwearcondoms rt yourfavoritezoe tyrese been in the movie seven times and still can t spell furious
-1	review furious seven 2015 http t co 3eazftmq8s fastfurious creepypuppet furious7 http t co arlxhmsv0p
-1	rt idntwearcondoms rt yourfavoritezoe tyrese been in the movie seven times and still can t spell furious
-1	rt yourfavoritezoe tyrese been in the movie seven times and still can t spell furious
-1	rt trillac_ rt idntwearcondoms rt yourfavoritezoe tyrese been in the movie seven times and still can t spell furious
-1	rt tripl3a lmao rt idntwearcondoms rt yourfavoritezoe tyrese been in the movie seven times and still can t spell furious
-1	rt idntwearcondoms rt yourfavoritezoe tyrese been in the movie seven times and still can t spell furious
-1	rt idntwearcondoms rt yourfavoritezoe tyrese been in the movie seven times and still can t spell furious
-1	rt trillac_ rt idntwearcondoms rt yourfavoritezoe tyrese been in the movie seven times and still can t spell furious
-1	rt idntwearcondoms rt yourfavoritezoe tyrese been in the movie seven times and still can t spell furious
-1	rt trillac_ rt idntwearcondoms rt yourfavoritezoe tyrese been in the movie seven times and still can t spell furious
-1	all you see is ass on furious seven lol
-1	rt trillac_ rt idntwearcondoms rt yourfavoritezoe tyrese been in the movie seven times and still can t spell furious
-1	rt yourfavoritezoe tyrese been in the movie seven times and still can t spell furious
-1	fast and furious seven was so good but emotinal
-1	rt tripl3a lmao rt idntwearcondoms rt yourfavoritezoe tyrese been in the movie seven times and still can t spell furious
-1	rt trillac_ rt idntwearcondoms rt yourfavoritezoe tyrese been in the movie seven times and still can t spell furious
-1	rt idntwearcondoms rt yourfavoritezoe tyrese been in the movie seven times and still can t spell furious
-1	rt yourfavoritezoe tyrese been in the movie seven times and still can t spell furious
-1	rt tripl3a lmao rt idntwearcondoms rt yourfavoritezoe tyrese been in the movie seven times and still can t spell furious
-1	rt yourfavoritezoe tyrese been in the movie seven times and still can t spell furious
-1	rt tripl3a lmao rt idntwearcondoms rt yourfavoritezoe tyrese been in the movie seven times and still can t spell furious
-1	rt yourfavoritezoe tyrese been in the movie seven times and still can t spell furious
-1	rt idntwearcondoms rt yourfavoritezoe tyrese been in the movie seven times and still can t spell furious
-1	lmao rt idntwearcondoms rt yourfavoritezoe tyrese been in the movie seven times and still can t spell furious
-1	rt idntwearcondoms rt yourfavoritezoe tyrese been in the movie seven times and still can t spell furious
-1	rt idntwearcondoms rt yourfavoritezoe tyrese been in the movie seven times and still can t spell furious
-1	rt yourfavoritezoe tyrese been in the movie seven times and still can t spell furious
-1	rt idntwearcondoms rt yourfavoritezoe tyrese been in the movie seven times and still can t spell furious
-1	actually he hasnt but i see what u were trying to do rt yourfavoritezoe tyrese been in the movie seven times and still can t spell furious
-1	rt trillac_ rt idntwearcondoms rt yourfavoritezoe tyrese been in the movie seven times and still can t spell furious
-1	rt _newnew lmao rt yourfavoritezoe tyrese been in the movie seven times and still can t spell furious
-1	rt idntwearcondoms rt yourfavoritezoe tyrese been in the movie seven times and still can t spell furious
-1	rt trillac_ rt idntwearcondoms rt yourfavoritezoe tyrese been in the movie seven times and still can t spell furious
-1	rt idntwearcondoms rt yourfavoritezoe tyrese been in the movie seven times and still can t spell furious
-1	rt trillac_ rt idntwearcondoms rt yourfavoritezoe tyrese been in the movie seven times and still can t spell furious
-1	rt idntwearcondoms rt yourfavoritezoe tyrese been in the movie seven times and still can t spell furious
-1	rt yourfavoritezoe tyrese been in the movie seven times and still can t spell furious
-1	rt idntwearcondoms rt yourfavoritezoe tyrese been in the movie seven times and still can t spell furious
-1	idntwearcondoms rt yourfavoritezoe tyrese been in the movie seven times and still can t spell furious
-1	rt idntwearcondoms rt yourfavoritezoe tyrese been in the movie seven times and still can t spell furious
-1	rt idntwearcondoms rt yourfavoritezoe tyrese been in the movie seven times and still can t spell furious
-1	rt idntwearcondoms rt yourfavoritezoe tyrese been in the movie seven times and still can t spell furious
-1	rt yourfavoritezoe tyrese been in the movie seven times and still can t spell furious
-1	rt idntwearcondoms rt yourfavoritezoe tyrese been in the movie seven times and still can t spell furious
-1	rt idntwearcondoms rt yourfavoritezoe tyrese been in the movie seven times and still can t spell furious
-1	lmao rt yourfavoritezoe tyrese been in the movie seven times and still can t spell furious
-1	rt idntwearcondoms rt yourfavoritezoe tyrese been in the movie seven times and still can t spell furious
-1	rt idntwearcondoms rt yourfavoritezoe tyrese been in the movie seven times and still can t spell furious
-1	rt idntwearcondoms rt yourfavoritezoe tyrese been in the movie seven times and still can t spell furious
-1	rt idntwearcondoms rt yourfavoritezoe tyrese been in the movie seven times and still can t spell furious
-1	rt idntwearcondoms rt yourfavoritezoe tyrese been in the movie seven times and still can t spell furious
-1	rt idntwearcondoms rt yourfavoritezoe tyrese been in the movie seven times and still can t spell furious
-1	rt idntwearcondoms rt yourfavoritezoe tyrese been in the movie seven times and still can t spell furious
-1	kurt russell stole the show in furious seven
-1	rt yourfavoritezoe tyrese been in the movie seven times and still can t spell furious
-1	rt idntwearcondoms rt yourfavoritezoe tyrese been in the movie seven times and still can t spell furious
-1	rt yourfavoritezoe tyrese been in the movie seven times and still can t spell furious
-1	rt yourfavoritezoe tyrese been in the movie seven times and still can t spell furious
-1	rt idntwearcondoms rt yourfavoritezoe tyrese been in the movie seven times and still can t spell furious
-1	rt idntwearcondoms rt yourfavoritezoe tyrese been in the movie seven times and still can t spell furious
-1	rt idntwearcondoms rt yourfavoritezoe tyrese been in the movie seven times and still can t spell furious
-1	lol rt idntwearcondoms rt yourfavoritezoe tyrese been in the movie seven times and still can t spell furious
-1	rt yourfavoritezoe tyrese been in the movie seven times and still can t spell furious
-1	rt idntwearcondoms rt yourfavoritezoe tyrese been in the movie seven times and still can t spell furious
-1	rt yourfavoritezoe tyrese been in the movie seven times and still can t spell furious
-1	rt idntwearcondoms rt yourfavoritezoe tyrese been in the movie seven times and still can t spell furious
-1	rt idntwearcondoms rt yourfavoritezoe tyrese been in the movie seven times and still can t spell furious
-1	rt yourfavoritezoe tyrese been in the movie seven times and still can t spell furious
-1	he coulda referenced any of the seven movies he s in with furious in the title i know he gotta poster of himself hanging on his wall
-1	just found out denzel turned down part in furious seven it went to k russel
-1	rt yourfavoritezoe tyrese been in the movie seven times and still can t spell furious
-1	rt anxiaostudio nb no real terracotta warriors were harmed in the making of furious seven http t co deagawlkdy
-1	nb no real terracotta warriors were harmed in the making of furious seven http t co deagawlkdy
-1	so furious seven made a billion dollars that s crazy but believable
-1	furious seven made a billion
-1	movie review furious seven i m just going to come out and say it i love the fast and furious franchise http t co wuu0wiossu
-1	she was slow and cool the soundtrack was fast and furious she was seven times better
-1	rt claudiaaromee i wish see you again from the fast and furious seven can be our class song
-1	i wish see you again from the fast and furious seven can be our class song
-1	rt americanhoneyy5 just in time for furious seven someone in my area was arrested for a high speed car chase with a cop not quite like t
-1	rt americanhoneyy5 just in time for furious seven someone in my area was arrested for a high speed car chase with a cop not quite like t
-1	sasukephase fast and furious seven
-1	furious seven was so beautiful i loved it and i m glad i ignored all the post people would put about it
-1	fast amp furious seven was amazing so emotional yet hilarious at points too
-1	getting ready to sob my life away at fast and furious seven and bae
-1	furious seven
-1	rt henrycstewart furious 7 ramming a race car through traditional chinese culture like some blockbuster interpretation of ai weiwei htt
-1	just watching the fast and furious seven advert gives me goosebumps what an amazing film
-1	i wanna see furious seven again
-1	not gonna lie i almost cried at the end of furious seven forpaul
-1	furious seven was an awesome movie no matter how unrealistic the movie was carsdontfly
-1	rt andrewihla the moral of furious seven is don t race vin diesel because he will beat you so bad you age ten years
-1	rt untypicalboro so far three shots seven corners one goal in a fast and furious start norwich coming into it more now borolive
-1	rt untypicalboro so far three shots seven corners one goal in a fast and furious start norwich coming into it more now borolive
-1	so far three shots seven corners one goal in a fast and furious start norwich coming into it more now borolive
-1	rt andrewihla the moral of furious seven is don t race vin diesel because he will beat you so bad you age ten years
-1	i have to pee but furious seven is telling me to hold it in
-1	i m so happy the official on screen title is furious seven so happy
-1	furious 7 review part seven cant measure up to fast five
-1	rt andrewihla the moral of furious seven is don t race vin diesel because he will beat you so bad you age ten years
-1	rt coolknifeguy pretty cool how they dedicated fast and furious seven to paul blart
-1	icymi i finally saw furious seven last night and our love is real
-1	the moral of furious seven is don t race vin diesel because he will beat you so bad you age ten years
-1	rt coolknifeguy pretty cool how they dedicated fast and furious seven to paul blart
-1	i saw furious seven my expectations were too high and yes i really enjoyed most of the others grrrrr
-1	the end of furious seven made me shed a tear brian furious7 seeyouagain
-1	rt bhsutton china s terracotta warriors have a conspicuous and very destructive cameo in furious seven http t co 4zwocckfe8 http t
-1	holy guacamole furious seven got me feeling some type a way
-1	i still didn t see furious seven who wanna take me lol
-1	pattytee_xo watch furious seven
-1	i rated furious seven 2015 4 10 imdb surprise time when he wakes up after all the floors fall over him http t co bghil7sfdv
-1	i really wanna see furious seven
-1	paul blart s such a dick like now more than ever furious seven needs a friend to lean on http t co lbzcjbrpfe
-1	how did the fast and the furious reach seven films http t co m95fzhjl37 http t co 5geisg8gar
-1	it s furious seven what d you expect furious7 paulwalker vindiesel therock https t co roh0fotqma
-1	fast and furious seven movie download link http t co 5fp5gsboai
-1	watches furious seven sees last scene of paul walker for paul http t co y3vfumlmtu
-1	best thing about furious seven the preview for straight outta compton that movie is gonna be amazing nwa
-1	rt bhsutton china s terracotta warriors have a conspicuous and very destructive cameo in furious seven http t co 4zwocckfe8 http t
-1	rt henrycstewart furious 7 ramming a race car through traditional chinese culture like some blockbuster interpretation of ai weiwei htt
-1	fact fiction fast and furrious seven is the last trailer of the furious rip paulwaker
-1	furious 7 ramming a race car through traditional chinese culture like some blockbuster interpretation of ai weiwei http t co bo3hlcgwom
-1	rt bhsutton china s terracotta warriors have a conspicuous and very destructive cameo in furious seven http t co 4zwocckfe8 http t
-1	china s terracotta warriors have a smashing cameo in furious seven the most outrageous action sequence in t http t co tr5krqbqyx
-1	china s terracotta warriors have a conspicuous and very destructive cameo in furious seven http t co 4zwocckfe8 http t co hujucugtqt
-1	rt darealjoe_brown the last 20 min of furious seven could not have been better
-1	just in time for furious seven someone in my area was arrested for a high speed car chase with a cop not quite like the movies huh homie
-1	furious seven was so sad i still feel like crying
-1	china s terracotta warriors have a smashing cameo in furious seven terracotta warriors i http t co xqvpho2txe via hyperallergic
-1	i watched furious seven and loved it read my review here mcalesternews https t co jqnwspk2qo
-1	i rated furious seven 2015 9 10 imdb http t co on4qtm3ta5
-1	rt darealjoe_brown the last 20 min of furious seven could not have been better
-1	watching all the fast and furious movies again before i watch number seven tomorow
-1	rt jesseltaylor reason 1 why fast and furious is better than star wars it got to seven movies in 14 years it took star wars 48 years
-1	rt mcalesternews furious seven rides off into the sunset http t co uimz28koh5 http t co dhhjumga0v
-1	reason 1 why fast and furious is better than star wars it got to seven movies in 14 years it took star wars 48 years facts
-1	the last 20 min of furious seven could not have been better
-1	i rated furious seven 2015 10 10 imdb http t co prp7qlehcx
-1	finally saw furious seven let s just say ludicrous isn t just an actor the movie used its poetic license so much it should be revoked
-1	furious seven rides off into the sunset http t co uimz28koh5 http t co dhhjumga0v
-1	furious seven http t co nb5hgdfw1t
-1	podcast furious seven http t co bgoancrsjo
-1	furious seven ost
-1	furious seven on the clock
-1	rt coolknifeguy pretty cool how they dedicated fast and furious seven to paul blart
-1	i m still in awe from furious seven i hope i wasn t the only one who cried lmao
-1	rt coolknifeguy pretty cool how they dedicated fast and furious seven to paul blart
-1	rt lucassimmons21 when fast and furious seven hits you right in the feels
-1	i like my friends too much amp ended up at furious seven but i couldn t hate it with its opening of the london skyline loveyougherkin
-1	jen horn fast amp furious seven has taken in 250 million http t co ddmixjn6x1 http t co cr2bgmh83v
-1	jen horn fast amp furious seven has taken in 250 million http t co esevimzgi6 http t co cljhwstsms
-1	fast and furious seven fridayfeeling
-1	i need to watch furious seven
-1	rt raymoose_ i m going to see furious seven this weekend i don t care if i have to go by myself
-1	i m going to see furious seven this weekend i don t care if i have to go by myself
-1	vindiesei you did an amazing job in furious seven i love the ending it was from your heart i cried and i miss him too
-1	rondarousey you did an amazing job in furious seven the fight scene between u and letty was awesome
-1	___teeeeeeeeeee furious seven
-1	furious seven rides off into the sunset http t co wytqje1m0h
-1	for paul i rated furious seven 2015 8 10 imdb http t co 0gfspp0wey
-1	fast and furious seven
-1	kca votejkt48id jannettyjess therock i just saw furious seven and u are truly great at what u do nice having rondarousey in the movie s
-1	therock i just saw furious seven and u are truly great at what u do nice having rondarousey in the movie she knows how to fight
-1	rt lovelynevv furious seven was such a good everytime i noticed the change in paul s face it made me sad sucks that man passed away
-1	rt collectionpoint how are there seven fast and furious films why do people keep watching them the last 3 were awful well excited abo
-1	rt mrmiller_lite furious seven is an amazing movie the ending couldn t have been more perfect tyrese ludacris therock creepypuppet
-1	new release furious seven score 2015 us back lot music download http t co lor4plerz7
-1	new release furious seven score 2015 us back lot music 1cd http t co iyitpmdcrk
-1	i rated furious seven 2015 10 10 imdb http t co j27gelid3s
-1	we have pending furious seven issues to discuss we ll get to that later today i have a number of thoughts on it too _kolajo
-1	furious seven was amazing my third time watching it
-1	rt fmk_vnpbrck furious seven
-1	just saw furious seven all of the feels paul walker was such a badass
-1	how are there seven fast and furious films why do people keep watching them the last 3 were awful well excited about star wars vii
-1	rt behlul_official fast furious seven was actually such a good film
-1	rt behlul_official fast furious seven was actually such a good film
-1	rt behlul_official fast furious seven was actually such a good film
-1	rt behlul_official fast furious seven was actually such a good film
-1	fast furious seven was actually such a good film
-1	definitely cried during furious seven
-1	furious seven was perfect in every single way familia
-1	furious seven lt 3
-1	furious seven has got my mind on another planet
-1	so paulblart is a dumb reboot but you loved furious seven hundred smh
-1	jamie nineteen seventy four is offending me with his anti furious seven tweets
-1	just got out of fast and furious seven lifting in 5 hour now
-1	rt andrewihla furious seven is my new favorite movie okay that s a wild exaggeration but adooooooooorrrrrred iiiiiiiiiit
-1	rt frcknn_connie_ the ending to furious seven
-1	the ending to furious seven
-1	furious seven was the best movie i have ever saw
-1	furious seven is my new favorite movie okay that s a wild exaggeration but adooooooooorrrrrred iiiiiiiiiit
-1	furious seven buff pizza blue moons
-1	furious seven 2015 imdb furious7 http t co 6wflbcgxex
-1	i rated furious seven 2015 9 10 imdb http t co jmm5gwrtzf
-1	the amount of booty in fast and furious s seven was on point
-1	furious seven was awesome
-1	lolurnotkelly the end to furious seven the end of your favorite show after binging it on netflix
-1	dear everyone who told me furious seven was awesome you owe me eight bucks
-1	at the end of furious seven when they show all those clips of paul from the previous movies
-1	furious seven was great glad i got to follow this awesome movie series and see a satisfying ending
-1	rt coolknifeguy pretty cool how they dedicated fast and furious seven to paul blart
-1	furious seven was even better the second time
-1	rt kraner_kennedy i think i have cried more in furious seven than ever in my childhood
-1	i think i have cried more in furious seven than ever in my childhood
-1	just saw furious seven leave me alone to cry forever
-1	still not ready to see furious seven
-1	furious seven was poppinnnnn
-1	rt _whiteman furious seven was amazing beautiful ending for an amazing actor rippaulwalker
-1	furious seven was amazing beautiful ending for an amazing actor rippaulwalker
-1	rt ian_torrez not gona lie the end of furious seven had me pretty close to tears
-1	_jocelyne19 nah we cried more watching furious seven idonteventhinkicriedfortitanic https t co f5fzca7jjj
-1	rt ian_torrez not gona lie the end of furious seven had me pretty close to tears
-1	not gona lie the end of furious seven had me pretty close to tears
-1	the paul walker tribute from furious seven is too much for me man
-1	brooke_lemons1 furious seven
-1	furious seven fucked me up
-1	wow what an incredible ending to furious seven fantastic writing fitting tribute to paul walker glad i saw it
-1	rt thevideovacuum mitch enjoys the terminal carlocity of furious seven http t co v5mctsty5w
-1	just watched fast n furious 7 on a seven day yesss
-1	on some furious seven rest in peace paul walker hope you hear this in heaven
-1	apparently i m heartless cos i didn t cry at the end of furious seven
-1	rt _breannamiller you re lying if you say you didn t cry during the paul walker tribute at the end of furious seven
-1	rt caitlynnnhelms_ i usually don t cry during movies but furious seven got me
-1	rt on_chief_ furious seven was
-1	i usually don t cry during movies but furious seven got me
-1	furious seven was
-1	you re lying if you say you didn t cry during the paul walker tribute at the end of furious seven
-1	at last time for furious 7 a k a the furious seven a k a wild speed sky mission http t co 0bd78ardai
-1	omg were gonna see it again furious seven for me a third time i took pickles from wawa russell persetic xd
-1	seriously if furious seven is the best fast and furious i am sorely disappointed in american film culture
-1	furious seven was amazing for paul
-1	this is just like the ending of furious seven
-1	furious seven is the bomb i wanted to cry at the end
-1	chris neil is joining the fray like the rock in furious seven daddysgoingtowork
-1	_unsweet_tea don t lie you know we going to furious seven
-1	furious seven was ok but like that script was atrocious
-1	furious seven was freaking awesome
-1	i don t hurt anymore by johnny cash is just as sad as the end of furious seven
-1	cried for the second time during furious seven rip paul
-1	that furious seven movie don t go with makeup on
-1	surprise date night plan backfired when cranky i woke her from nap wife decided we are seeing furious seven
-1	just balled like a baby watching furious seven no shame
-1	sooo just finished watching furious seven i know i m late but fuuck still crying
-1	for the record i put this in the fridge after watching furious seven because i wanted a belgian ale
-1	out with the boyfie furious seven was amazing https t co fumh67ajoz
-1	rt coolknifeguy pretty cool how they dedicated fast and furious seven to paul blart
-1	rt parker_black5 furious seven gave me chills
-1	rt sav_escochea i m going to go see furious seven tomorrow no matter what even if it s alone
-1	i m going to go see furious seven tomorrow no matter what even if it s alone
-1	rt tessafrancis2 furious seven was fan freaking tastic http t co rffadan8zi
-1	furious seven gave me chills
-1	furious seven was fan freaking tastic http t co rffadan8zi
-1	rt sydneymilan8 the ending of furious seven was so sad i can t get over it
-1	rt coolknifeguy pretty cool how they dedicated fast and furious seven to paul blart
-1	so close to crying at the end of furious seven
-1	rt sydneymilan8 the ending of furious seven was so sad i can t get over it
-1	the ending of furious seven was so sad i can t get over it
-1	rt cadeedmund furious seven is wildly unrealistic haha great movie though
-1	furious seven has me all in my feelings fastfurious
-1	rt thevideovacuum mitch enjoys the terminal carlocity of furious seven http t co v5mctsty5w
-1	the fast amp furious franchise has come a long way since 2001 see how furious7 stacks up with the rest http t co zbifjp8zv1
-1	rt coolknifeguy pretty cool how they dedicated fast and furious seven to paul blart
-1	my friends played the furious seven song when i left
-1	furious seven is wildly unrealistic haha great movie though
-1	i rated furious seven 2015 6 10 imdb http t co jw1qtlasp7
-1	furious seven made me wet
-1	rt coolknifeguy pretty cool how they dedicated fast and furious seven to paul blart
-1	i swear too god if i cry at this furious seven movie im going to be mad my makeup looks too good to be messed up
-1	ugh furious seven made me cry again breaks my heart still
-1	rt coolknifeguy pretty cool how they dedicated fast and furious seven to paul blart
-1	rt coolknifeguy pretty cool how they dedicated fast and furious seven to paul blart
-1	fast and furious seven
-1	fast and furious seven http t co zpssaqdbe6
-1	i want to see furious seven
-1	furious seven was so good
-1	furious seven 2015 kelreedy rated this 6 http t co v0do3uaugj imdb
-1	rt coolknifeguy pretty cool how they dedicated fast and furious seven to paul blart
-1	rt coolknifeguy pretty cool how they dedicated fast and furious seven to paul blart
-1	rt brendieuxx furious seven was so good
-1	rt coolknifeguy pretty cool how they dedicated fast and furious seven to paul blart
-1	rt coolknifeguy pretty cool how they dedicated fast and furious seven to paul blart
-1	rt coolknifeguy pretty cool how they dedicated fast and furious seven to paul blart
-1	the lego movie was way better than fast and furious seven ff7 sucked really bad
-1	furious seven was fucking good
-1	furious seven gives me the feels rippaulwalker
-1	i rated furious seven 2015 4 10 imdb http t co culxysja4r
-1	furious seven is still giving me the chills forpaul wheniseeyouagain
-1	fast and furious 7 seven high points of the film fastandfurious7 http t co jausc43n37
-1	rt coolknifeguy pretty cool how they dedicated fast and furious seven to paul blart
-1	rt coolknifeguy pretty cool how they dedicated fast and furious seven to paul blart
-1	rt coolknifeguy pretty cool how they dedicated fast and furious seven to paul blart
-1	watched furious seven in village_gr v max http t co abkszwisov
-1	furious seven almost got me with the thug tears oh paul
-1	rt coolknifeguy pretty cool how they dedicated fast and furious seven to paul blart
-1	furious seven was awesome
-1	rt coolknifeguy pretty cool how they dedicated fast and furious seven to paul blart
-1	finishing my fast and furious collection from one to seven haisho
-1	fastfurious just saw fast seven best fast amp furious film so far ending was so sad though r i p paul walker furious7
-1	rt coolknifeguy pretty cool how they dedicated fast and furious seven to paul blart
-1	furious seven made me cry at the end amazing movie
-1	rt coolknifeguy pretty cool how they dedicated fast and furious seven to paul blart
-1	rt coolknifeguy pretty cool how they dedicated fast and furious seven to paul blart
-1	rt coolknifeguy pretty cool how they dedicated fast and furious seven to paul blart
-1	rt coolknifeguy pretty cool how they dedicated fast and furious seven to paul blart
-1	had extra special self friendlinesses with myself seven times i call it my own personal furious 7
-1	gonna watch furious seven again yay
-1	rt coolknifeguy pretty cool how they dedicated fast and furious seven to paul blart
-1	seeing fast nd furious seven on saturday
-1	rt coolknifeguy pretty cool how they dedicated fast and furious seven to paul blart
-1	rt coolknifeguy pretty cool how they dedicated fast and furious seven to paul blart
-1	i can t wait for saturday with my man meal out fast and furious seven and him staying at mine it s going to be perfect
-1	ending to fast and furious seven is saaaaaad
-1	furious seven was absolutely incredible
-1	rt bekkymoss fast and furious seven ambscottxx heatherwalker_
-1	rt bekkymoss fast and furious seven ambscottxx heatherwalker_
-1	ellicemurphy you re right but i did just watch furious seven and figured that was your song
-1	fast and furious seven ambscottxx heatherwalker_
-1	i rated furious seven 2015 9 10 imdb http t co fikpugcuq7
-1	rt coolknifeguy pretty cool how they dedicated fast and furious seven to paul blart
-1	furious seven was amazing forpaul
-1	our sub is letting us watch fast amp furious seven instead of our work wow i actually like spanish for once
-1	can i just go see furious seven and the longest ride again please
-1	rt coolknifeguy pretty cool how they dedicated fast and furious seven to paul blart
-1	rt coolknifeguy pretty cool how they dedicated fast and furious seven to paul blart
-1	rt coolknifeguy pretty cool how they dedicated fast and furious seven to paul blart
-1	rt coolknifeguy pretty cool how they dedicated fast and furious seven to paul blart
-1	rt coolknifeguy pretty cool how they dedicated fast and furious seven to paul blart
-1	rt coolknifeguy pretty cool how they dedicated fast and furious seven to paul blart
-1	rt coolknifeguy pretty cool how they dedicated fast and furious seven to paul blart
-1	fast and fur fastandfurious7 fastandfurious fastfive fastandfurious7freedownload freedownloadfastandfurious7 http t co olarxc0qdl
-1	rt coolknifeguy pretty cool how they dedicated fast and furious seven to paul blart
-1	furious seven emotionally ruined me
-1	rt hydranockz samanthazero are the seven hexagons a furious 7 reference or a star wars reference
-1	samanthazero are the seven hexagons a furious 7 reference or a star wars reference
-1	rt coolknifeguy pretty cool how they dedicated fast and furious seven to paul blart
-1	rt coolknifeguy pretty cool how they dedicated fast and furious seven to paul blart
-1	rt coolknifeguy pretty cool how they dedicated fast and furious seven to paul blart
-1	rt coolknifeguy pretty cool how they dedicated fast and furious seven to paul blart
-1	rt coolknifeguy pretty cool how they dedicated fast and furious seven to paul blart
-1	rt coolknifeguy pretty cool how they dedicated fast and furious seven to paul blart
-1	in the cinema april 17 23 furious seven rated 14a showtimes friday 7pm saturday 7pm sunday matin e 2pm http t co 43wzwkcucj
-1	rt coolknifeguy pretty cool how they dedicated fast and furious seven to paul blart
-1	rt coolknifeguy pretty cool how they dedicated fast and furious seven to paul blart
-1	rt coolknifeguy pretty cool how they dedicated fast and furious seven to paul blart
-1	rt coolknifeguy pretty cool how they dedicated fast and furious seven to paul blart
-1	rt coolknifeguy pretty cool how they dedicated fast and furious seven to paul blart
-1	rt coolknifeguy pretty cool how they dedicated fast and furious seven to paul blart
-1	rt coolknifeguy pretty cool how they dedicated fast and furious seven to paul blart
-1	rt coolknifeguy pretty cool how they dedicated fast and furious seven to paul blart
-1	rt coolknifeguy pretty cool how they dedicated fast and furious seven to paul blart
-1	rt coolknifeguy pretty cool how they dedicated fast and furious seven to paul blart
-1	rt coolknifeguy pretty cool how they dedicated fast and furious seven to paul blart
-1	rt coolknifeguy pretty cool how they dedicated fast and furious seven to paul blart
-1	rt coolknifeguy pretty cool how they dedicated fast and furious seven to paul blart
-1	rt coolknifeguy pretty cool how they dedicated fast and furious seven to paul blart
-1	rt coolknifeguy pretty cool how they dedicated fast and furious seven to paul blart
-1	rt coolknifeguy pretty cool how they dedicated fast and furious seven to paul blart
-1	rt coolknifeguy pretty cool how they dedicated fast and furious seven to paul blart
-1	rt coolknifeguy pretty cool how they dedicated fast and furious seven to paul blart
-1	rt coolknifeguy pretty cool how they dedicated fast and furious seven to paul blart
-1	going to see furious seven
-1	rt coolknifeguy pretty cool how they dedicated fast and furious seven to paul blart
-1	rt coolknifeguy pretty cool how they dedicated fast and furious seven to paul blart
-1	rt coolknifeguy pretty cool how they dedicated fast and furious seven to paul blart
-1	rt coolknifeguy pretty cool how they dedicated fast and furious seven to paul blart
-1	rt coolknifeguy pretty cool how they dedicated fast and furious seven to paul blart
-1	rt coolknifeguy pretty cool how they dedicated fast and furious seven to paul blart
-1	rt coolknifeguy pretty cool how they dedicated fast and furious seven to paul blart
-1	rt coolknifeguy pretty cool how they dedicated fast and furious seven to paul blart
-1	rt coolknifeguy pretty cool how they dedicated fast and furious seven to paul blart
-1	rt coolknifeguy pretty cool how they dedicated fast and furious seven to paul blart
-1	rt coolknifeguy pretty cool how they dedicated fast and furious seven to paul blart
-1	rt coolknifeguy pretty cool how they dedicated fast and furious seven to paul blart
-1	rt coolknifeguy pretty cool how they dedicated fast and furious seven to paul blart
-1	rt coolknifeguy pretty cool how they dedicated fast and furious seven to paul blart
-1	rt coolknifeguy pretty cool how they dedicated fast and furious seven to paul blart
-1	rt coolknifeguy pretty cool how they dedicated fast and furious seven to paul blart
-1	rt coolknifeguy pretty cool how they dedicated fast and furious seven to paul blart
-1	rt coolknifeguy pretty cool how they dedicated fast and furious seven to paul blart
-1	rt coolknifeguy pretty cool how they dedicated fast and furious seven to paul blart
-1	rt coolknifeguy pretty cool how they dedicated fast and furious seven to paul blart
-1	rt coolknifeguy pretty cool how they dedicated fast and furious seven to paul blart
-1	rt coolknifeguy pretty cool how they dedicated fast and furious seven to paul blart
-1	rt coolknifeguy pretty cool how they dedicated fast and furious seven to paul blart
-1	rt coolknifeguy pretty cool how they dedicated fast and furious seven to paul blart
-1	rt coolknifeguy pretty cool how they dedicated fast and furious seven to paul blart
-1	rt coolknifeguy pretty cool how they dedicated fast and furious seven to paul blart
-1	bilgeebiri you forgot furious seven i know it s an oversight you have two eyes and a heart don t you
-1	rt coolknifeguy pretty cool how they dedicated fast and furious seven to paul blart
-1	rt coolknifeguy pretty cool how they dedicated fast and furious seven to paul blart
-1	rt coolknifeguy pretty cool how they dedicated fast and furious seven to paul blart
-1	rt coolknifeguy pretty cool how they dedicated fast and furious seven to paul blart
-1	rt coolknifeguy pretty cool how they dedicated fast and furious seven to paul blart
-1	rt coolknifeguy pretty cool how they dedicated fast and furious seven to paul blart
-1	rt coolknifeguy pretty cool how they dedicated fast and furious seven to paul blart
-1	rt coolknifeguy pretty cool how they dedicated fast and furious seven to paul blart
-1	rt coolknifeguy pretty cool how they dedicated fast and furious seven to paul blart
-1	rt coolknifeguy pretty cool how they dedicated fast and furious seven to paul blart
-1	rt coolknifeguy pretty cool how they dedicated fast and furious seven to paul blart
-1	rt coolknifeguy pretty cool how they dedicated fast and furious seven to paul blart
-1	rt coolknifeguy pretty cool how they dedicated fast and furious seven to paul blart
-1	rt coolknifeguy pretty cool how they dedicated fast and furious seven to paul blart
-1	rt coolknifeguy pretty cool how they dedicated fast and furious seven to paul blart
-1	rt coolknifeguy pretty cool how they dedicated fast and furious seven to paul blart
-1	rt coolknifeguy pretty cool how they dedicated fast and furious seven to paul blart
-1	rt coolknifeguy pretty cool how they dedicated fast and furious seven to paul blart
-1	rt coolknifeguy pretty cool how they dedicated fast and furious seven to paul blart
-1	rt coolknifeguy pretty cool how they dedicated fast and furious seven to paul blart
-1	rt coolknifeguy pretty cool how they dedicated fast and furious seven to paul blart
-1	rt coolknifeguy pretty cool how they dedicated fast and furious seven to paul blart
-1	rt coolknifeguy pretty cool how they dedicated fast and furious seven to paul blart
-1	rt coolknifeguy pretty cool how they dedicated fast and furious seven to paul blart
-1	rt coolknifeguy pretty cool how they dedicated fast and furious seven to paul blart
-1	rt coolknifeguy pretty cool how they dedicated fast and furious seven to paul blart
-1	rt coolknifeguy pretty cool how they dedicated fast and furious seven to paul blart
-1	rt coolknifeguy pretty cool how they dedicated fast and furious seven to paul blart
-1	rt coolknifeguy pretty cool how they dedicated fast and furious seven to paul blart
-1	rt coolknifeguy pretty cool how they dedicated fast and furious seven to paul blart
-1	rt coolknifeguy pretty cool how they dedicated fast and furious seven to paul blart
-1	rt coolknifeguy pretty cool how they dedicated fast and furious seven to paul blart
-1	rt coolknifeguy pretty cool how they dedicated fast and furious seven to paul blart
-1	rt coolknifeguy pretty cool how they dedicated fast and furious seven to paul blart
-1	pretty cool how they dedicated fast and furious seven to paul blart
-1	i m going to see fast and furious seven tonight is it good
-1	it s really fast and furious seven a movie worth seeing jason statham several brawny body envy ah
-1	mention furious seven and see me cry
-1	hii_imjules stuck in my head from fast n furious seven
-1	fast and furious seven lt 3
-1	furious seven 2015 cam http t co yfqs04443p
-1	rt aditya_muvee furious seven 2015 full movie top box office play now http t co sprefbjmzg http t co woofgnl3bl
-1	as of april 16 2015 what is the total global box office gross for all seven fast and furious movies http t co ionrftgtsi
-1	furious seven offers high flying fun https t co dns6eukovn movies leonardmaltin reports http t co rnvwc0wmi8
-1	rt princess__66 furious seven was a great movie but honestly i m tired of seeing women in movies being sexualized we are not objects
-1	furious seven 2015 brian o conner to dominic toretto thought you could leave without saying goodbye if https t co xohliw9anm
-1	what movie should i watch in the cinema furious seven or insurgent
-1	when i went to go see furious seven last night i was ballin my little eyes out it was so sad
-1	my daughters called me yesterday for my name day it was awesome a friend paid my way in to furious seven
-1	furious seven
-1	i rated furious seven 2015 10 10 imdb http t co xw2sve6msb
-1	rt danny_mcmoomins kind of spooky that fast amp furious seven rhymes with heaven when you consider paul walker is in hell because of his d
-1	rt danny_mcmoomins kind of spooky that fast amp furious seven rhymes with heaven when you consider paul walker is in hell because of his d
-1	furious seven
-1	there are still 33 kids on this bus they re singing a song the lyrics of which appear to be fast and furious seven quite catchy
-1	fast and furious 7 seven hd movies free download from torrent http t co dwfcyulym3
-1	get me into the theater for a triple feature it follows spring and furious seven spring cold
-1	movies dvd fast and furious seven furious 7 movie theater promo key chain lot of 2 http t co gbzaak0muf hot sale
-1	katiemcgarry hello what did rachel and isaiah think of furious seven
-1	rt bjbarhamtweets so today i have eaten three chocolate chip cookies and went to see fast and the furious seven my day is ruling so h
-1	rt gobmentcheese the fast and the furious are my favorite seven movies about driving cars really fast and really furious
-1	i rated furious seven 2015 8 10 imdb http t co mwr6s0dlbw
-1	so furious seven kicked me right in the masculinity
-1	rt toientertain pic is that paul walker s ghost beside vin diesel http t co affp2zsvdl http t co a1x1wsb0yg
-1	simmmmyyyy fast and furious seven
-1	rt toientertain pic is that paul walker s ghost beside vin diesel http t co affp2zsvdl http t co a1x1wsb0yg
-1	going faster miles an hour furious7 http t co d6uhwabw2m hd watch http t co fhuoxa1dwk http t co gzdlk0z831
-1	going faster miles an hour furious7 http t co 7tgxipnwek
-1	fredtopel fumikechu i agree with fred the title in the movie is the title of the movie fast five furious 6 furious seven die hard 2
-1	selenasnumber1 areyouaritho fast and furious seven is better
-1	fast and furious seven ended fucked up as hell
-1	my goodness furious seven was quite on point
-1	rt jdcasmula honestly am mad about furious seven because they didn t bring back the dominican guys they are funny af smh
-1	furious seven was waaaayyyy to fucking sad i cried my eyes out at the end
-1	rt toientertain pic is that paul walker s ghost beside vin diesel http t co affp2zsvdl http t co a1x1wsb0yg
-1	i ve seen furious seven twice in the last 48 hours and i regret nothing sorrynotsorry
-1	furious seven was awesome
-1	whizkaiiifa absolutely love tune see you again end of fast n furious seven best tune yet
-1	just saw fast and furious seven it was awesome so happy all the fast and furious movies was my childhood movies
-1	fast amp furious seven 16 04 2015 fastfurious7 paulwalker http t co m86j3vjrqj
-1	walker tribute drives furious seven to the prime of billboard reuters http t co j8nqfmwbhx
-1	i saw furious seven today and it was the first fast and furious i saw so naturally im watching the first one right now
-1	definitely got overly excited when i heard some deftones playing in furious seven
-1	google s like furious seven plot tl dr http t co 7um3czntnw
-1	saw furious seven tonight
-1	saw furious seven thought about ya
-1	furious seven was corny confessyourunpopularopinion
-1	the end of furious seven forpaul
-1	this guy i follow on snapchat legit just recorded the furious seven movie lol nigga
-1	my favorite scene from furious 7 is dwayne the rock johnson rock bottom jason statham furiousseven https t co ceduj7ii8k
-1	honestly am mad about furious seven because they didn t bring back the dominican guys they are funny af smh
-1	rt velonikaa furious seven was literally the best movie ive ever seen
-1	furious seven was amazing rippaulwalker
-1	if u think i didnt cry while watching furious seven u r dead wrong
-1	furious seven got me feelin like i can drag race
-1	furious seven was perfect everyone go see it now you can thank me later
-1	rt delaneyjoelle don t watch furious seven in theatre cried like a baby
-1	rt lalalaitschelby furious seven was one bad ass movie god ily paul
-1	omg furious seven was so good
-1	furious seven was tight
-1	good noon po watching furious seven
-1	madi_gessel nahhhhh you didn t come see furious seven
-1	i love my boyfriend so much i had a great night with my baby went to a movie and enjoyed watching furious seven with him it s a great
-1	furious seven hands down best movie i have seen this year actionpacked familia rippaulwalker
-1	finally watched furious seven cried twice but it was all forpaul
-1	fast and furious seven was so good
-1	i rated furious seven 9 10 http t co 06hjuz7b6h imdb
-1	furious seven was so ridiculous i laughed the entire time will never understand the hype for the movies but the tribute was touching
-1	empty theater perfection at cinemark seven bridges theater for furious 7 the imax experience in woodridge il https t co bqd17zkxni
-1	furious seven is a banger
-1	furious seven 2015 imdb http t co nieihyucqc
-1	saw furious seven tonight and i see y i didn t watch the other six
-1	never been a big fast and furious fan but furious seven was a great movie and a even better tribute to paul walker rip
-1	well furious seven started with iggy azalea triggering michelle rodriguez s ptsd and just got better from there
-1	furious seven best movie yet moviewednesday
-1	lovetasharae i love fall out boy and wiz especially with the song at the end of furious seven
-1	don t watch furious seven in theatre cried like a baby
-1	furious seven
-1	rt lucassimmons21 when fast and furious seven hits you right in the feels
-1	furious seven thumbsup
-1	i just watched furious seven it was really good
-1	fast and furious seven
-1	furious seven was so good but mannnn tears fell out everywhere what a good end to the series
-1	rt toientertain pic is that paul walker s ghost beside vin diesel http t co affp2zsvdl http t co a1x1wsb0yg
-1	i wanna go watch furious seven
-1	furious seven 2015 full movie top box office play now http t co sprefbjmzg http t co woofgnl3bl
-1	manda_the_panda furious seven was amazing
-1	goal watch fast and furious 7 seven times only 4 more times to go
-1	finally watched furious seven
-1	done watching furious seven at downtown disney
-1	furious seven was so fucking good
-1	just saw my twin brother cry a little at the end of furious seven
-1	if you didn t feel the urge to cry at the end of furious seven then i would like to think that you are not human that is all
-1	danielpropheter thankfully it has been close to seven years since i have been really furious
-1	just saw furious seven and i have to say it had me but can t wait for furious eight i ll be in it if needed lol
-1	the furious seven soundtrack is absolutely fantastic
-1	mikeybolts if u end up seeing this and make another one do something like this moment from fast and furious seven be so kewl beans wonder
-1	showing weekend of april 17 19 screen 1 furious seven amp nevermind screen 2 home amp the longest ride
-1	me at the end of furious seven tonight uglycry https t co ktev3acxet
-1	furious seven was surprisingly really good
-1	i kind of want to start from the begining of fast and furious and then watch seven but is it worth my time lol
-1	i won t lie had a few sniffles and a thug cry at the end of furious seven but i mean it was a beautiful ending
-1	android one android two android three android four android five android six fast and furious seven
-1	rt toientertain pic is that paul walker s ghost beside vin diesel http t co affp2zsvdl http t co a1x1wsb0yg
-1	not ashamed to say that i cried during furious seven
-1	wizkhalifa i ve never cried over one of your songs until furious seven when i hear see you again my favorite song
-1	finally went to furious seven with the one and only mrimnotthrilled nice date nice
-1	furious seven ending has me crying like a baby
-1	furious seven by far best movie of 2015 i don t think anything is going to top it fire
-1	fast and furious seven was not the same rippaulwalker
-1	vinn diesel mumbles his way through seven fast and furious movies whg
-1	rt jfruh i am furious seven
-1	furious seven was so awesome omg
-1	i absolutely loved how they done furious seven
-1	i m gonna go see furious seven again lol
-1	furious seven is for paul furious eight is from paul
-1	finally saw furious seven
-1	fast furious seven has to be the most perfect action packed movie of all time
-1	furious seven atm
-1	i just finished furious seven and i dont love myself
-1	i been blasting see you again since i watched furious seven yesterday man i love this song and the fucking movie
-1	i want to watch all seven fast and furious movies i ve seen none with an unlimited supply of panda pizza and popcorn
-1	rt toientertain pic is that paul walker s ghost beside vin diesel http t co affp2zsvdl http t co a1x1wsb0yg
-1	rt toientertain pic is that paul walker s ghost beside vin diesel http t co affp2zsvdl http t co a1x1wsb0yg
-1	furious seven 2015 trailer imdb http t co eozdy1z8jn
-1	now watching furious seven 2015 imdb http t co 3pbel4xlri
-1	watching fast and furious seven with my bestfriend carmel my moma amp vicky
-1	fast and furious seven though
-1	rt toientertain pic is that paul walker s ghost beside vin diesel http t co affp2zsvdl http t co a1x1wsb0yg
-1	rt toientertain pic is that paul walker s ghost beside vin diesel http t co affp2zsvdl http t co a1x1wsb0yg
-1	what are your top 5 movies furious seven two fast too furious fast five fast and furious fast and furious 4 http t co u35axf67ps
-1	new free movies online watch furious seven full movie hd 1080p https t co gqoie28dkw via youtube
-1	watched furious seven yesterday i cried i love those movies rip paul walker but in all it was an awesome movie http t co cx5zwonyjb
-1	day89 100happydays lush date day with jamie today went to see fast and furious seven and had a https t co cyha2b4joj
-1	furious seven omfg brb i m dying rippaulwalker
-1	who wants to come with me and see insurgent the longest ride and fast amp furious seven
-1	furious seven
-1	rt toientertain pic is that paul walker s ghost beside vin diesel http t co affp2zsvdl http t co a1x1wsb0yg
-1	watching fast and furious one to seven brings emotions i never knew i had
-1	pic is that paul walker s ghost beside vin diesel http t co affp2zsvdl http t co a1x1wsb0yg
-1	finally saw furious seven that joint was real
-1	rt gobmentcheese the fast and the furious are my favorite seven movies about driving cars really fast and really furious
-1	iggyazalea i hate u for being in furious seven
-1	fast and furious seven dailythoughtsin4words
-1	furious seven fucked me up no one talk to me
-1	the end to fast and furious seven is perfect just perfect
-1	rt complexmusic wiz khalifa s furious 7 single see you again broke a spotify record http t co dvmvg8hsuh http t co p59vpqubwi
-1	fast and furious seven with kiereenxo was emotional sick film though
-1	furious seven http t co movetzwn3f
-1	fast and furious seven was emotional and a life lesson rip paul walker
-1	rt gobmentcheese the fast and the furious are my favorite seven movies about driving cars really fast and really furious
-1	went and seen american sniper alone i reckon i ll be watching fast and furious seven alone to
-1	rt bjbarhamtweets so today i have eaten three chocolate chip cookies and went to see fast and the furious seven my day is ruling so h
-1	rt gobmentcheese the fast and the furious are my favorite seven movies about driving cars really fast and really furious
-1	rt gobmentcheese the fast and the furious are my favorite seven movies about driving cars really fast and really furious
-1	rt gobmentcheese the fast and the furious are my favorite seven movies about driving cars really fast and really furious
-1	fast and furious 7 seven high points of the film alifazal9 http t co qiyrfiuljj http t co luk2x0uoxm
-1	furious seven tho
-1	furious seven is one of the greatest action movies ever made drops mic
-1	rt sophiiebates1 that see you again song from fast and furious seven makes me feel really sad
-1	fast and furious seven on saturday
-1	rt ryanmacklin wherein i use furious seven to illustrate some mage the ascension concept of technocratic vulgarity http t co 23evf27b
-1	i cried at fast and furious seven
-1	rt ryanmacklin wherein i use furious seven to illustrate some mage the ascension concept of technocratic vulgarity http t co 23evf27b
-1	fast and furious seven was
-1	rt ryanmacklin wherein i use furious seven to illustrate some mage the ascension concept of technocratic vulgarity http t co 23evf27b
-1	rt moviegoermike seven new movies open fri in nola and all seven will lose to furious 7 don t write them all off though htt
-1	rt ryanmacklin wherein i use furious seven to illustrate some mage the ascension concept of technocratic vulgarity http t co 23evf27b
-1	jaceeid iggy almost singlehandedly ruined furious seven thank god she was only in it for like a minute
-1	wherein i use furious seven to illustrate some mage the ascension concept of technocratic vulgarity http t co 23evf27bsi
-1	furious seven 1 movie 1 soundtrack 1 song
-1	furious seven went in
-1	i watched furious seven without watching any of the other movies because why not
-1	rossmccrorie4 took me seven lessons there s seven fast amp furious films coincidence
-1	seven new movies open fri in nola and all seven will lose to furious 7 don t write them all off though http t co ob5fjehp92
-1	rt jfruh i am furious seven
-1	rt jfruh i am furious seven
-1	am wanting to see furious seven again
-1	furious seven
-1	i rated furious seven 2015 7 10 imdb http t co augzqhsnbr
-1	i rated furious seven 2015 10 10 imdb http t co 1abec9t511
-1	haven t seen furious seven yet but heard the song from wiz and just started crying i know it s gonna be rough to watch rippaulwalker
-1	rt danny_mcmoomins kind of spooky that fast amp furious seven rhymes with heaven when you consider paul walker is in hell because of his d
-1	rt jfruh i am furious seven
-1	i am furious seven
-1	furious seven was so gooddddd
-1	just watched furious seven 2015 http t co x8tcooee33
-1	so who has the fast and furious movies because no one will let me go see seven without watching 1 6
-1	rt lubchansky vin i can t believe we finally made it this far i truly am furious seven car honk honk
-1	rt danny_mcmoomins kind of spooky that fast amp furious seven rhymes with heaven when you consider paul walker is in hell because of his d
-1	rt mayar_lansky furious seven was a great movie
-1	furious seven gave me all types of the feels last night
-1	rt lubchansky vin i can t believe we finally made it this far i truly am furious seven car honk honk
-1	rt danny_mcmoomins kind of spooky that fast amp furious seven rhymes with heaven when you consider paul walker is in hell because of his d
-1	fast and furious seven tonight me and my shordy its a date cc nnomalanga1
-1	rt danny_mcmoomins kind of spooky that fast amp furious seven rhymes with heaven when you consider paul walker is in hell because of his d
-1	rt danny_mcmoomins kind of spooky that fast amp furious seven rhymes with heaven when you consider paul walker is in hell because of his d
-1	2dorks fast and furious seven sucked
-1	rt danny_mcmoomins kind of spooky that fast amp furious seven rhymes with heaven when you consider paul walker is in hell because of his d
-1	furious seven ending was so sad
-1	rt danny_mcmoomins kind of spooky that fast amp furious seven rhymes with heaven when you consider paul walker is in hell because of his d
-1	rt danny_mcmoomins kind of spooky that fast amp furious seven rhymes with heaven when you consider paul walker is in hell because of his d
-1	rt danny_mcmoomins kind of spooky that fast amp furious seven rhymes with heaven when you consider paul walker is in hell because of his d
-1	rt danny_mcmoomins kind of spooky that fast amp furious seven rhymes with heaven when you consider paul walker is in hell because of his d
-1	rt danny_mcmoomins kind of spooky that fast amp furious seven rhymes with heaven when you consider paul walker is in hell because of his d
-1	rt danny_mcmoomins kind of spooky that fast amp furious seven rhymes with heaven when you consider paul walker is in hell because of his d
-1	rt danny_mcmoomins kind of spooky that fast amp furious seven rhymes with heaven when you consider paul walker is in hell because of his d
-1	rt danny_mcmoomins kind of spooky that fast amp furious seven rhymes with heaven when you consider paul walker is in hell because of his d
-1	rt danny_mcmoomins kind of spooky that fast amp furious seven rhymes with heaven when you consider paul walker is in hell because of his d
-1	rt danny_mcmoomins kind of spooky that fast amp furious seven rhymes with heaven when you consider paul walker is in hell because of his d
-1	actually loved fast amp furious seven
-1	on some furious seven rest in peace paul walker hope your hear this in heaven myfabolouslife
-1	full hd furious seven hd 720px online full m o v i e full hd furious seven hd 720px online full m http t co iarmljlxec
-1	fast and furious seven golden screen cinemas gsc in kuala lumpur https t co frbbtjimhp
-1	i rated furious seven 2015 9 10 imdb http t co o3dpmuyhzw
-1	furious seven was so good oh my god can i go watch it again
-1	nw fast amp furious seven
