-1	insurgent used one of the same sets as red band society i just realized that
-1	danieldaekim just got out of seeing insurgent it was brilliant and you were awesome and talk about a snazzy wardrobe sharpdressedman
-1	finally watched insurgent after waiting for forever i am mind blown
-1	nw insurgent
-1	rt divergentyes divergent font http t co lwipmwbyxt omg 150 followers i love you guys divergent insurgent alligiant http
-1	newsflash saddam aide iraqi insurgent leader al douri reported killed http t co sokdwj5rwx http t co ydi6g84h6s
-1	insurgent with bae tomorrow
-1	news iraqi insurgent leader al douri killed in security op http t co jgdmukaltz
-1	jehprz98 i would say there is no more after this but there has got to be 2 more films as there is 2 more books after insurgent
-1	iraqi officials top saddam hussein aide may have been killed in fighting washington post http t co sdnghwk6rq
-1	iraqi insurgent leader al douri killed in security op http t co flmxlv0s1k
-1	insurgent now
-1	iraqi insurgent leader al douri killed in security op http t co n0oxaw1wl7
-1	iraqi insurgent leader al douri killed in security op http t co zzg4hwpaie
-1	iraqi insurgent leader al douri killed in security op http t co nidrz3kslv
-1	iraqi insurgent leader al douri killed in security op http t co gjagukrfzn
-1	rt washingtonpost top aide of saddam hussein killed by anti insurgent forces iraqi officials say http t co i70kh3omkx
-1	aliceshawland i think maybe insurgent is better longest ride can get a little racy romantic
-1	just finished watching insurgent good movie
-1	can t wait to see insurgent again tonight
-1	ashtonishedkath furious 7 insurgent fsog joke lang
-1	aliceshawland i loved the longest ride or what about insurgent
-1	favs will watch insurgent after exams http t co un59agmqx8
-1	jehprz98 fair enough haha you seen the film insurgent
-1	rt rtorfav14 rt for the maze runner fav for insurgent http t co lybsltpzs4
-1	shailene woodley1 theojames shailenewoodley anselelgort insurgent http t co 2hahkiorsi http t co ghaeggefbg
-1	rt remiadekoya1 saddam aide iraqi insurgent leader al douri reported killed http t co jhmmsw2gme via reuters
-1	watched insurgent yesterday tho divergent
-1	now on deck insurgent watch free online visit us http t co swbh91by3g amp see the difference in your pocket free
-1	joryuu0103 hahah i don t know what kind of books do u like to read lol for example now i m reading insurgent 3
-1	rt andreypanevin the ukraine insurgent army claimed responsibility for kalashnikov s and buzina s murder same group that poroshenko c
-1	rt andreypanevin the ukraine insurgent army claimed responsibility for kalashnikov s and buzina s murder same group that poroshenko c
-1	watching insurgent with mikhael ezra gabrielle and 2 others https t co untni5bo1x
-1	at http t co lwipmwbyxt shailene woodley1 theojames shailenewoodley anselelgort insurgent divergent insu
-1	at http t co lwipmwbyxt today s edit divergent tris fourtris insurgent love
-1	rt washingtonpost top aide of saddam hussein killed by anti insurgent forces iraqi officials say http t co i70kh3omkx
-1	jehprz98 whys your name insurgent
-1	finally watched insurgent thank you mbak yukitik and of course i had my second cup of dairy queen for two days in a row
-1	rt divergentyes divergent font http t co lwipmwbyxt new photo shailene woodley as tris prior divergent insurgent promo http
-1	saddam aide iraqi insurgent leader al douri reported killed http t co kgoesp9zgr via reuters
-1	insurgent good but not sure
-1	rt iraqisecurity izzat al douri saddam s right hand man amp insurgent leader reportedly killed by airstrikes near the hamrin mountains ht
-1	rt divergent theo james amp shailene woodley reason enough to see insurgent http t co q2omrs0x2m http t co vmckpxnkcf
-1	insurgent was slightly boring but theo james was still hot tris and many other characters r hella unpleasant at the early part of movie
-1	vintage retro 80s iraqi officials top saddam hussein aide may have been killed in fighting washington post http t co d0lo4wzd5o
-1	divergent insurgent part 3 please shailenewoodley anselelgort miles_teller http t co ca4tdkbw95
-1	filmgram insurgent http t co gepfxtmhig
-1	is insurgent good or not bc i m srsly considering watching it
-1	insurgent was so good
-1	rt itsmovies insurgent http t co 5n877568lb
-1	rt divergent theo james amp shailene woodley reason enough to see insurgent http t co q2omrs0x2m http t co vmckpxnkcf
-1	anyone got a link to insurgent in at least 720p
-1	rt divergent theo james amp shailene woodley reason enough to see insurgent http t co q2omrs0x2m http t co vmckpxnkcf
-1	rt foreignaffairs there are 7 000 unmarked and mass graves in kashmir s insurgent belt http t co vljnck3cvt http t co noygvzet4g
-1	finally insurgent
-1	hussein aide insurgent leader al douri reported killed in iraq iraqi http t co bdyhijgn9b worldnews tech startups apple news kot
-1	watching insurgent with aldi at cinema21medan https t co m2jrmagcpo
-1	the real slim shady by eminem https t co oegpy2twf5
-1	saw furious 7 yesterday nd insurgent today now i need to see longest ride
-1	okay well looks like i m going to go see insurgent tonight yesss
-1	hopes beyond the wall watching the divergent series insurgent
-1	finally watching insurgent like finally like at last
-1	finally going to catch insurgent before it finish showing in cinemas https t co 9hbcxr0snb
-1	rt pimpmytweeting still in prison for shooting a taliban insurgent that had tried to kill him his patrol freemarinea http t
-1	i say in chat 20 times that we need both the insurgent lapvs for the heist and the drive off then go bug when we dont win with one
-1	i liked a youtube video http t co 6v3lc9dtdq insurgent official trailer 1 2015 shailene woodley divergent sequel hd
-1	mnstrhealy insurgent
-1	box office insurgent tops with 54 million gunman flops
-1	rt willjaymusic urgent i m seeing insurgent so excited i ve been resisting the urge to start skipping
-1	rt divergentseris cruelty does not make a person dishonest the same way bravery does not make a person kind insurgent
-1	what an incredible movie insurgent
-1	find out this movie here insurgent at cinema21 https t co rbg3uh0kra
-1	rt pimpmytweeting still in prison for shooting a taliban insurgent that had tried to kill him his patrol freemarinea http t
-1	insurgent was a good movie
-1	i saw insurgent again and was so much better than the first time i m still crying like a baby with all the fourtris moments and uriah
-1	watching insurgent with hilda https t co rffw6yte5z
-1	rt divergentseries amityapril rt xx_emmzie_xx to be amity is to forgive others and yourself divergentseries amity divergentqu
-1	rt moviememorles insurgent http t co ykbo8vimbc
-1	rt divergent theo james amp shailene woodley reason enough to see insurgent http t co q2omrs0x2m http t co vmckpxnkcf
-1	rt pimpmytweeting still in prison for shooting a taliban insurgent that had tried to kill him his patrol freemarinea http t
-1	rt pimpmytweeting still in prison for shooting a taliban insurgent that had tried to kill him his patrol freemarinea http t
-1	rt hilalahsoun there are 7 000 unmarked and mass graves in kashmir s insurgent belt http t co qqyku9p6fw
-1	rt foreignaffairs there are 7 000 unmarked and mass graves in kashmir s insurgent belt http t co vljnck3cvt http t co noygvzet4g
-1	rt pimpmytweeting still in prison for shooting a taliban insurgent that had tried to kill him his patrol freemarinea http t
-1	now on deck insurgent watch free online visit us http t co swbh91t9sg amp see the difference in your pocket free
-1	how is it been ignoring it hey realtshemedi nw insurgent
-1	rt foreignaffairs there are 7 000 unmarked and mass graves in kashmir s insurgent belt http t co vljnck3cvt http t co noygvzet4g
-1	insurgent
-1	finally saw insurgent and omg i cried
-1	nw insurgent 2015
-1	rt pimpmytweeting still in prison for shooting a taliban insurgent that had tried to kill him his patrol freemarinea http t
-1	insurgent is alright but looking at theo james ansel elgort and miles teller in one movie is great
-1	insurgent seems to be a good movie
-1	watching insurgent with niytha and handhika at cinema21 https t co rjjxode8pg
-1	rt rtorfav14 rt for the maze runner fav for insurgent http t co lybsltpzs4
-1	ansell elgort insurgent with via novia at cinema21 https t co aadgadmedg
-1	rockstargames hvy insurgent pick up best car 2015 a shame i have to call for it everytime though gtaonline gtavpc
-1	bee_irie mngani have you watched insurgent
-1	insurgent
-1	insurgent https t co mboblloby5
-1	now i want to watch insurgent scratch that now i have to watch insurgent
-1	laidback73 i had the same thought after insurgent
-1	hussein deputy insurgent leader al douri killed iraqi tv reports cnn
-1	at http t co tdrgnhf2lu upvergent k upvergent divergent divergentefrance insurgent allegiant tris t http t co duezw1oe97
-1	at http t co tdrgnhf2lu a good draw of anselelgort k divergent divergentefrance insurgent allegiant http t co onsqoq51lz
-1	you know it s spring when kabul and jalalabad start taking big hits from cowardice insurgent groups
-1	rt iraqisecurity izzat al douri saddam s right hand man amp insurgent leader reportedly killed by airstrikes near the hamrin mountains ht
-1	shailenewoodley at 2013 mtv video music awards trisprior tris divergent insurgent http t co 2hahkiorsi http t co cdjz1rejcc
-1	shes literally perfect sheo divergent insurgent theojames four shailenewoodley tr http t co 2hahkiorsi http t co pgrkkvuhh7
-1	the spectaculer now couple with the faults in our star couple and now insurgent couple in http t co 2hahkiorsi http t co mnzidwvv98
-1	awkward hahaha not mine tfios divergent insurgent augustuswaters hazelgracela http t co 2hahkiorsi http t co lwf7tkrxcv
-1	divergent font http t co lwipmwbyxt shes literally perfect sheo divergent insurgent theojames four s http t co nfuuwwruwz
-1	divergent font http t co lwipmwbyxt new photo shailene woodley as tris prior divergent insurgent promo http t co b6ikacbhia
-1	at http t co lwipmwbyxt shes literally perfect sheo divergent insurgent theojames four shailenewoodley tris trisprior dau
-1	watched divergent again twice insurgent once amp reading four all in three days my fourtris feels are coming back amp getting stronger
-1	roth insurgent 0
-1	nw insurgent
-1	watching insurgent https t co rdcpcoisxy
-1	rt yashalevine long live ukrainian insurgent army thanks to a new law you can t deny the heroism of their slaughter of poles amp jews http
-1	i do know who you are i just needed to be reminded insurgent
-1	rt divergent theo james amp shailene woodley reason enough to see insurgent http t co q2omrs0x2m http t co vmckpxnkcf
-1	yesterday in gtaonline this guy destroyed my insurgent with his tank insurance said hi to him as well lol http t co axaod5rsgm
-1	find out this movie here insurgent https t co jeel10dg8s
-1	rt divergent theo james amp shailene woodley reason enough to see insurgent http t co q2omrs0x2m http t co vmckpxnkcf
-1	rt rtorfav14 rt for the maze runner fav for insurgent http t co lybsltpzs4
-1	rt divergent theo james amp shailene woodley reason enough to see insurgent http t co q2omrs0x2m http t co vmckpxnkcf
-1	nightlingrose joribtnt graffitipoison oh no i m still like half way the middle harry potter book and 1 1 3 insurgent
-1	divergent insurgent and blablablaaa
-1	the movie insurgent is nothing like the book at all im so pissed that i actually have no words
-1	rt farhanailiasa i wanna wtch insurgent
-1	the spectaculer now couple with the faults in our star couple and now insurgent couple in one place haha pic https t co femzngwcyn
-1	a potential blow to factions opposing the government in baghdad http t co yyirihtyaf
-1	cnn hussein deputy insurgent leader al douri killed iraqi tv reports http t co acl5osikvv
-1	at http t co 65bxrpsyyn harrypotter ronweasley i trisprior tobiaseaton simulation divergent insurgent allegiant abneg
-1	rt pimpmytweeting still in prison for shooting a taliban insurgent that had tried to kill him his patrol freemarinea http t
-1	i wanna wtch insurgent
-1	insurgent is dope
-1	insurgent was really really good
-1	iraqi officials top saddam hussein aide may have been killed in fighting http t co f1gbfuqbhc worldnews
-1	iraqi officials top saddam hussein aide may have been killed in fighting http t co z5soio6h0v worldnews
-1	insurgent done omy theo
-1	goping to watch insurgent later with fam bam hope my uncle wont change his mind haha
-1	iraqi officials top saddam hussein aide killed by anti insurgent forces http t co usvx6ndnt2
-1	watching insurgent with calvin at cinema21 https t co xgx4k6ihut
-1	im so upset insurgent the movie didnt come out as i read
-1	freddy krueger in insurgent
-1	wow insurgent is a good movie
-1	rt andreypanevin the ukraine insurgent army claimed responsibility for kalashnikov s and buzina s murder same group that poroshenko c
-1	i just wish one realtshemedi nw insurgent
-1	5 film fav harpot series 1 7 divergent insurgent the avengers the maze runner the last naruto the movie http t co pon8lxlpeg
-1	insurgent love love love
-1	now on deck insurgent watch free online visit us http t co swbh91by3g amp see the difference in your pocket free
-1	insurgent was a disappointment
-1	rt divergentsries we both have war inside us sometimes it keeps us alive sometimes it threatens to destroy us insurgent
-1	rt divergent theo james amp shailene woodley reason enough to see insurgent http t co q2omrs0x2m http t co vmckpxnkcf
-1	rt pimpmytweeting still in prison for shooting a taliban insurgent that had tried to kill him his patrol freemarinea http t
-1	nw insurgent
-1	iraqi officials top saddam hussein aide may have been killed in fighting washington post iraqi of http t co lgiqlwqbu5 teamloa
-1	insurgent ahhh
-1	insurgent was really good tho
-1	rt divergent theo james amp shailene woodley reason enough to see insurgent http t co q2omrs0x2m http t co vmckpxnkcf
-1	rt pimpmytweeting still in prison for shooting a taliban insurgent that had tried to kill him his patrol freemarinea http t
-1	rt washingtonpost top aide of saddam hussein killed by anti insurgent forces iraqi officials say http t co i70kh3omkx
-1	oh look im watching insurgent
-1	insurgent was insane
-1	insurgent
-1	we both have war inside of us sometimes it keeps us alive sometimes it threatens to destroy us tris prior insurgent
-1	insurgent was so good
-1	had a good day and awesome night hung out with friends and saw a movie insurgent theaterpopcorn goodtimes 3d
-1	watching insurgent https t co tr8qx6vkst
-1	finally watched insurgent today cannot not wait for the next one calebprior
-1	ok that was 2 hours ago it never tweeted but we saw insurgent it was soooo good i love tris and four
-1	rt _artistiq my insurgent divergent drawings insurgent divergentinsurgent http t co myjsjvnow6
-1	mankind awaits you with the hope beyond the wall insurgent
-1	watching insurgent https t co duyqfgy6dn
-1	rt _artistiq my insurgent divergent drawings insurgent divergentinsurgent http t co myjsjvnow6
-1	cnn hussein deputy insurgent leader al douri killed iraqi tv reports http t co vdbqdcxoor
-1	watching insurgent amp tris just died amp now im crying
-1	rt pimpmytweeting still in prison for shooting a taliban insurgent that had tried to kill him his patrol freemarinea http t
-1	tobias and tris d vergent nsurgent alleg ant tr s tob as beatriceprior tob aseaton http t co 2hahkiorsi http t co ji7iftfnth
-1	insurgent like my last post divergent allegiant movie tmr tmi edit followme love http t co 2hahkiorsi http t co yhfyrpr8ds
-1	rt pimpmytweeting still in prison for shooting a taliban insurgent that had tried to kill him his patrol freemarinea http t
-1	me for insurgent https t co kbpwuvksa3
-1	rt rtorfav14 rt for the maze runner fav for insurgent http t co lybsltpzs4
-1	iraqi officials top saddam hussein aide may have been killed in http t co 6discaqe16 news http t co cedcugeuws
-1	at http t co lwipmwbyxt insurgent like my last post divergent allegiant movie tmr tmi edit followme love tris four tobi
-1	now on deck insurgent watch free online visit us http t co swbh91by3g amp see the difference in your pocket free
-1	insurgent was good
-1	rt pimpmytweeting still in prison for shooting a taliban insurgent that had tried to kill him his patrol freemarinea http t
-1	rt kaypee_xo tonight insurgent divergent insurgentmovie theojamesfans shailenewoodley anselelgort http t co jxdeqnmfr8
-1	iraqi officials top saddam hussein aide may have been killed in fighting washington post http t co krw0rvwpak
-1	insurgent with jesisca at cinema21manado pic https t co c5uf8tksp6
-1	iraqi officials top saddam hussein aide may have been killed in fighting washington post http t co 7dye15mlry
-1	watching insurgent https t co gq8pxpu7fk
-1	iraqi officials top saddam hussein aide may have been killed in fighting washington post http t co n6ddzw5crz
-1	watching insurgent https t co eebmcnxd2j
-1	major victory hussein aide turned is insurgent leader reportedly killed in iraq al douri http t co gpew7w78qg
-1	rt mean_marine hussein deputy insurgent leader al douri killed http t co pseexisdy9
-1	intercom attention crew members of the uc insurgent we have intruders onboard that must be dealt with
-1	watched divergent last night and it was so good now watching insurgent
-1	maggie q dylan mcdermott couple up at insurgent premiere http t co mjdbifqic7
-1	worldnetdaily hussein deputy insurgent leader al douri killed cnn izzat ibrahim al douri a former top de http t co 98wl6hm2un
-1	hussein deputy insurgent leader al douri killed http t co tjauh3b2su
-1	rt washingtonpost top aide of saddam hussein killed by anti insurgent forces iraqi officials say http t co i70kh3omkx
-1	divergent is a solid movie need to watch insurgent though
-1	rt pimpmytweeting still in prison for shooting a taliban insurgent that had tried to kill him his patrol freemarinea http t
-1	insurgent amp unfriended were both really good
-1	rt hamdiatl saddam hussein deputy insurgent leader al douri killed iraq http t co 5m8pfzmami
-1	rt rozzeriane nw insurgent
-1	rt divergentsries we both have war inside us sometimes it keeps us alive sometimes it threatens to destroy us insurgent
-1	saddam hussein deputy insurgent leader al douri killed iraq http t co 5m8pfzmami
-1	iraqi officials top saddam hussein aide may have been killed in fighting washington post http t co tchaodfgap
-1	rt fourtrriss i dont like theo with a huge beard wheb n he was doin all the premiers for insurgent he looked sexy now he lks cave man
-1	carlosamort and we need to go see insurgent with bree
-1	divergent then insurgent best movies ever
-1	i finally watched insurgent
-1	nw insurgent
-1	reuters saddam aide iraq i insurgent leader al douri reported killed http t co 9npenbyznj worldnews aaaw
-1	rt _artistiq my insurgent divergent drawings insurgent divergentinsurgent http t co myjsjvnow6
-1	rt _moonnlight_ insurgent movieeditscontest vine by ayishia1 https t co 2y21gppl2s
-1	insurgent edisi cover film dealoftheday discount 30 just for today by mizan fantasi kisah https t co kr7p9i4kmn
-1	insurgent was good srsly
-1	rt divergentsries we both have war inside us sometimes it keeps us alive sometimes it threatens to destroy us insurgent
-1	rt pimpmytweeting still in prison for shooting a taliban insurgent that had tried to kill him his patrol freemarinea http t
-1	studio 21 insurgent https t co ts8nbwakue
-1	watching insurgent with agnes https t co rmmdylokbt
-1	insurgent https t co idygtwkuwp
-1	mr douri s insurgent group is made up of former intel officers and elite soldiers from the old baathist gov http t co 3qzkpu7jui
-1	insurgent wasn t as good as divergent
-1	rt yashalevine long live ukrainian insurgent army thanks to a new law you can t deny the heroism of their slaughter of poles amp jews http
-1	saddam hussain aide insurgent leader al douri reported killed in iraq baghdad a former aide to late iraqi p http t co voqo3qzxw6
-1	wnd tcot hussein deputy insurgent leader al douri killed cnn izzat ibrahim al douri a former top http t co l3ntpbi7p1 news
-1	enews endtimesnews hussein deputy insurgent leader al douri killed cnn izzat ibrahim http t co zxkukjew9u via worldnetdaily
-1	hussein deputy insurgent leader al douri killed http t co psxtcab2vi liberty
-1	rt mojo_jojo_21 if you die i die beautiful words spoken by four insurgent
-1	i m seeing insurgent todayyy
-1	insurgent was pretty dope
-1	insurgent gives me chills even if it was my third time seeing it i would see it again fourtris feels
-1	rt andreypanevin ukraine insurgent army upa claim responsibility for murder of kalashnikov amp buzina in letter to political analyst htt
-1	jordyynnnnnnnn i still needa see insurgent
-1	vvnya hey remember when we were suppose to watch insurgent but ya know you and siena decided to make me watch a horror movie
-1	downloading some insurgent amp divergent interview videos today xx i m so excited
-1	rt andreypanevin the ukraine insurgent army claimed responsibility for kalashnikov s and buzina s murder same group that poroshenko c
-1	i went to see insurgent last night and then our wifi wasnt working again and i have missed like everything and our wifi still doesn t work
-1	vvnya hahahahah because i watched ff7 alrd so insurgent lor
-1	im going to go see insurgent bye fam
-1	nw insurgent
-1	rt divergentseries amityapril rt xx_emmzie_xx to be amity is to forgive others and yourself divergentseries amity divergentqu
-1	iraqi officials top saddam hussein aide may have been killed in http t co vtzugvfpah http t co 4swxhi2bhp news
-1	watching insurgent
-1	insurgent af
-1	insurgent or ff7 hmm
-1	rt divergent theo james amp shailene woodley reason enough to see insurgent http t co q2omrs0x2m http t co vmckpxnkcf
-1	watching insurgent instead
-1	rt yashalevine long live ukrainian insurgent army thanks to a new law you can t deny the heroism of their slaughter of poles amp jews http
-1	rt washingtonpost top aide of saddam hussein killed by anti insurgent forces iraqi officials say http t co i70kh3omkx
-1	rt foreignaffairs there are 7 000 unmarked and mass graves in kashmir s insurgent belt http t co vljnck3cvt http t co noygvzet4g
-1	rt jagowriter so thailand denies southern insurgent role in koh samui bombing but admits it was carried out by southerners http t co
-1	now i love zella day it was because of insurgent
-1	iraqi officials top saddam hussein aide may have been killed in fighting washington post http t co 2j2tujx0kc
-1	everybody runs to the walls so they can be free at the end of the insurgent movie which makes me sad bc i want that for the shingekis
-1	omg 150 followers i love you guys divergent insurgent alligiant candor dauntless http t co 2hahkiorsi http t co hd7nuyv8qu
-1	credit divergents_sheoo sheo divergent insurgent theojames four shailenewoodley t http t co 2hahkiorsi http t co axkuxojun1
-1	insurgent nw
-1	at http t co tdrgnhf2lu first post we fb fandom katniss hungergames tris divergent insurgent prior http t co wwfzekaxoc
-1	my all time fave movie insurgent https t co uw0e5egny5
-1	rt andreypanevin the ukraine insurgent army claimed responsibility for kalashnikov s and buzina s murder same group that poroshenko c
-1	sxssynourriam insurgent
-1	divergent font http t co lwipmwbyxt omg 150 followers i love you guys divergent insurgent alligiant http t co hkqi0cau1v
-1	at http t co lwipmwbyxt fourtris f4f fandom fourtris theojames l4l divergent insurgent gainpost tris prior
-1	sxssynourriam insurgent
-1	yeah insurgent https t co itlbjbaqby
-1	rt divergent theo james amp shailene woodley reason enough to see insurgent http t co q2omrs0x2m http t co vmckpxnkcf
-1	watching insurgent woooo
-1	rt miles_teller two days into insurgent and peters already getting beat up http t co xn7r7c9zvy
-1	rt pimpmytweeting still in prison for shooting a taliban insurgent that had tried to kill him his patrol freemarinea http t
-1	rt miles_teller maintaining her huffingtonpost coolest grandma in the world reputation on insurgent set mupthequeen http t co 55vc
-1	nw insurgent http t co 7dkrwhvppf
-1	rt divergentsries we both have war inside us sometimes it keeps us alive sometimes it threatens to destroy us insurgent
-1	insurgent leader al douri killed
-1	rt washingtonpost top aide of saddam hussein killed by anti insurgent forces iraqi officials say http t co i70kh3omkx
-1	watching insurgent https t co qaxx4d61u8
-1	just watched insurgent now i m going to sleep i got to clean up in the am though it is a must at this point
-1	rt washingtonpost top aide of saddam hussein killed by anti insurgent forces iraqi officials say http t co i70kh3omkx
-1	insurgent date w me yok
-1	rt susanmaywriter film stuff amp reviews insurgent run all night home big eyes amp what were top grossing 2014 films http t co t9udsmx
-1	rt pimpmytweeting still in prison for shooting a taliban insurgent that had tried to kill him his patrol freemarinea http t
-1	rt tolonews 17 killed in anti insurgent operations http t co 2jdymnpkfx http t co pxjebdejfv
-1	insurgent again
-1	insurgent haha movie marathon again
-1	we both have war inside us sometimes it keeps us alive sometimes it threatens to destroy us insurgent
-1	prettu insurgent is going to mcr tonight come join us
-1	iraqi officials top saddam hussein aide may have been killed in fighting washington post http t co 9wud8hvv5n
-1	iraqi officials top saddam hussein aide may have been killed in fighting washington post http t co qksxfkod9s
-1	iraqi officials top saddam hussein aide may have been killed in http t co ywjjgxr9jh http t co yxl7janatf news
-1	rt shish1912 just saw insurgent amazing i love anselelgort divergentseries insurgent movie tris four fourtris
-1	iraqi officials top saddam hussein aide may have been killed in fighting washington post http t co ywiegd5mwj
-1	rt washingtonpost top aide of saddam hussein killed by anti insurgent forces iraqi officials say http t co i70kh3omkx
-1	goo news iraqi officials top saddam hussein aide may have been killed in fighting http t co 58drrercs5
-1	i wanna watch insurgent
-1	nw insurgent
-1	rt divergentyes divergent font http t co lwipmwbyxt aw i miss all the tfios hype i need insurgent on dvd like rn i ve http
-1	rt lioness6699 there are 7 000 unmarked and mass graves in kashmir s insurgent belt http t co ozmnjzyto1 http t co txtj4atsc8
-1	rt _artistiq my insurgent divergent drawings insurgent divergentinsurgent http t co myjsjvnow6
-1	hussein aide iraqi insurgent leader al douri killed http t co cfpq08iu1o
-1	the insurgent trailer looks crappy af
-1	rt divergent theo james amp shailene woodley reason enough to see insurgent http t co q2omrs0x2m http t co vmckpxnkcf
-1	check out lot of 2 books insurgent hc amp divergent paperback by veronica roth http t co ar9mzuchhb ebay
-1	another 20 page of insurgent
-1	insurgent with pereasean
-1	high level insurgent leader reported killed in iraq net website http t co oczyi1cqo1 iic
-1	there are 7 000 unmarked and mass graves in kashmir s insurgent belt http t co ozmnjzyto1 http t co txtj4atsc8
-1	rt washingtonpost top aide of saddam hussein killed by anti insurgent forces iraqi officials say http t co i70kh3omkx
-1	iraqi officials top saddam hussein aide may have been killed in fighting washington post http t co 8ihbd4snpd
-1	iraqi officials top saddam hussein aide may have been killed in fighting washington post http t co qhq3bwsu92
-1	iraqi officials top saddam hussein aide may have been killed in fighting washington post nbcnews comiraqi http t co 2h67zkl5t3
-1	sp00kierthanu guess wat this is from guess wat insurgent clip http t co ex0igyavn7
-1	rt jameswilson_49 just watched insurgent with my faves and it was amazing divergent http t co ytehcyduaq
-1	iraqi officials top saddam hussein aide may have been killed in fighting washington post via http t co txckro94ep
-1	i want to leave but i fell in love with beatrice prior i can t leave her four insurgent
-1	watching insurgent
-1	rt pimpmytweeting still in prison for shooting a taliban insurgent that had tried to kill him his patrol freemarinea http t
-1	iraqi officials top saddam hussein aide may have been killed in fighting washington post http t co uh5ckib5uh ymdlu
-1	or insurgent
-1	iraqi officials top saddam hussein aide may have been killed in fighting washington post nbcnews comiraqi http t co cosmzvcyde
-1	phmcgpe insurgent leader al douri reported killed http t co zbc43u3fgp http t co j3yvsbj9tk
-1	just saw insurgent amazing i love anselelgort divergentseries insurgent movie tris four fourtris love
-1	insurgent https t co rnnkanppe0
-1	rt washingtonpost top aide of saddam hussein killed by anti insurgent forces iraqi officials say http t co i70kh3omkx
-1	iraqi officials top saddam hussein aide may have been killed in fighting washington post http t co 4wduvqgwq1
-1	from the archive 18 april 1975 khmer rouge take over cambodia the insurgent guerrillas were greeted by cam http t co fybycy4eqi
-1	from the archive 18 april 1975 khmer rouge take over cambodia the insurgent guerrillas were greeted by cam http t co 0ry5ad6ksj
-1	from the archive 18 april 1975 khmer rouge take over cambodia the insurgent guerrillas were greeted by cam http t co vrt42hfwgm
-1	from the archive 18 april 1975 khmer rouge take over cambodia the insurgent guerrillas were gr http t co lyjnzfe2qm guardian
-1	theguardian from the archive 18 april 1975 khmer rouge take over cambodia the insurgent guerrillas were http t co thbaqmouvd
-1	from the archive 18 april 1975 khmer rouge take over cambodia the insurgent guerrillas were greeted by cam http t co osjj4xzgxq
-1	from the archive 18 april 1975 khmer rouge take over cambodia the insurgent guerrillas were greeted by cam http t co zjjo4h9tl7
-1	rt divergent theo james amp shailene woodley reason enough to see insurgent http t co q2omrs0x2m http t co vmckpxnkcf
-1	iraqi officials top saddam hussein aide may have been killed in fighting washington post http t co p4olbho1xq
-1	wearethepeople iraqi officials top saddam hussein aide may have been killed in fighting washington post http t co wmblfjptmg
-1	insurgent leader al douri killed
-1	rt pimpmytweeting still in prison for shooting a taliban insurgent that had tried to kill him his patrol freemarinea http t
-1	rt andreypanevin the ukraine insurgent army claimed responsibility for kalashnikov s and buzina s murder same group that poroshenko c
-1	rt washingtonpost top aide of saddam hussein killed by anti insurgent forces iraqi officials say http t co i70kh3omkx
-1	rt _artistiq tris from insurgent drawn with pastel pencils on blue paper insurgent http t co dxdxw6hmbw
-1	rt _artistiq my insurgent divergent drawings insurgent divergentinsurgent http t co myjsjvnow6
-1	wearethepeople iraqi officials top saddam hussein aide may have been killed in fighting washington post http t co 4m5paguork
-1	rt andreypanevin the ukraine insurgent army claimed responsibility for kalashnikov s and buzina s murder same group that poroshenko c
-1	rt washingtonpost top aide of saddam hussein killed by anti insurgent forces iraqi officials say http t co i70kh3omkx
-1	rt weempowerment iraqi officials top saddam hussein aide may have been killed in fighting washington post http t co o1brshbaim
-1	insurgent kinda sucked
-1	iraqi officials top saddam hussein aide may have been killed in fighting news http t co idiybqltlf
-1	yuksss sheila gank and insurgent army melipirr yuk pic https t co 66k8cwd6zh
-1	rt washingtonpost top aide of saddam hussein killed by anti insurgent forces iraqi officials say http t co i70kh3omkx
-1	news iraqi officials top saddam hussein aide may have been killed in fighting washington post http t co vlfkts3ymq v a google
-1	biorhythm s enchantresses neurosis s garotes hopscotched angels zoomed insurgent s benghazi tcot
-1	now on deck insurgent watch free online visit us http t co swbh91by3g amp see the difference in your pocket free
-1	iraqi officials top saddam hussein aide may have been killed in fighting washington post http t co o1brshbaim
-1	loumightys i know omg have you watched insurgent
-1	rt washingtonpost top aide of saddam hussein killed by anti insurgent forces iraqi officials say http t co i70kh3omkx
-1	movie nights with them longestride insurgent bathroomselfies hjrt6 shirleyc1216 https t co 1ainej7wz8
-1	rt andreypanevin the ukraine insurgent army claimed responsibility for kalashnikov s and buzina s murder same group that poroshenko c
-1	friendliest insurgent insurgency http t co 5pbkgmipql via youtube
-1	nw insurgent
-1	ukrainian insurgent army upa claimed responsibility for recent murders of regime opponents http t co ijhmxfdgmc
-1	hussein deputy insurgent leader al douri killed http t co 5w7kdmmk59
-1	amcates_ that makes me feel better now i m actually excited to see insurgent hopefully they don t follow the book for the last movie
-1	rt washingtonpost top aide of saddam hussein killed by anti insurgent forces iraqi officials say http t co i70kh3omkx
-1	rt washingtonpost top aide of saddam hussein killed by anti insurgent forces iraqi officials say http t co i70kh3omkx
-1	rt bonbondesyeux i need to see insurgent
-1	rt rtorfav14 rt for the maze runner fav for insurgent http t co lybsltpzs4
-1	rt divergent theo james amp shailene woodley reason enough to see insurgent http t co q2omrs0x2m http t co vmckpxnkcf
-1	rt theogasms i wish we got a theo and shai photoshoot for insurgent ugh
-1	still haven t watched insurgent and i was hella excited
-1	rt washingtonpost top aide of saddam hussein killed by anti insurgent forces iraqi officials say http t co i70kh3omkx
-1	rt tannawillow i just saw insurgent at the cinema and loved it it s so hard to hate peter when he s played by miles_teller
-1	rt johnfdaley can t wait to see divergent insurgent and then the third movie in the trilogy divergent conclursiont
-1	rt washingtonpost top aide of saddam hussein killed by anti insurgent forces iraqi officials say http t co i70kh3omkx
-1	kristendlloyd we just walked out of insurgent and it was just as good if not better
-1	rt washingtonpost top aide of saddam hussein killed by anti insurgent forces iraqi officials say http t co i70kh3omkx
-1	breaking iraqi officials top saddam hussein aide may have been killed in fighting washi http t co quv3q6cbff khaatumo khatumo
-1	rt yashalevine long live ukrainian insurgent army thanks to a new law you can t deny the heroism of their slaughter of poles amp jews http
-1	saw insurgent tonight d
-1	washington post top aide of saddam hussein killed by anti insurgent http t co r3ma3xa4ek newsintweets http t co apdkixtvrw
-1	rt exmapenni insurgent youtube trailer http t co cdclaya1tn
-1	insurgent
-1	rt washingtonpost top aide of saddam hussein killed by anti insurgent forces iraqi officials say http t co i70kh3omkx
-1	rt washingtonpost top aide of saddam hussein killed by anti insurgent forces iraqi officials say http t co i70kh3omkx
-1	rt washingtonpost top aide of saddam hussein killed by anti insurgent forces iraqi officials say http t co i70kh3omkx
-1	rt washingtonpost top aide of saddam hussein killed by anti insurgent forces iraqi officials say http t co i70kh3omkx
-1	rt washingtonpost top aide of saddam hussein killed by anti insurgent forces iraqi officials say http t co i70kh3omkx
-1	rt washingtonpost top aide of saddam hussein killed by anti insurgent forces iraqi officials say http t co i70kh3omkx
-1	rt washingtonpost top aide of saddam hussein killed by anti insurgent forces iraqi officials say http t co i70kh3omkx
-1	rt washingtonpost top aide of saddam hussein killed by anti insurgent forces iraqi officials say http t co i70kh3omkx
-1	rt washingtonpost top aide of saddam hussein killed by anti insurgent forces iraqi officials say http t co i70kh3omkx
-1	rt washingtonpost top aide of saddam hussein killed by anti insurgent forces iraqi officials say http t co i70kh3omkx
-1	iraqi officials top saddam hussein aide may have been killed in fighting washington post http t co ircbyfu7zx
-1	rt washingtonpost top aide of saddam hussein killed by anti insurgent forces iraqi officials say http t co i70kh3omkx
-1	rt washingtonpost top aide of saddam hussein killed by anti insurgent forces iraqi officials say http t co i70kh3omkx
-1	iraqi officials top saddam hussein aide may have been killed in fighting washington post http t co c454lohyg3
-1	iraqi officials top saddam hussein aide may have been killed in fighting washington post http t co 3vw4hutlry
-1	rt washingtonpost top aide of saddam hussein killed by anti insurgent forces iraqi officials say http t co i70kh3omkx
-1	rt washingtonpost top aide of saddam hussein killed by anti insurgent forces iraqi officials say http t co i70kh3omkx
-1	from the archive 18 april 1975 khmer rouge take over cambodia the insurgent guerrillas were greeted by cam http t co l8smvodvmm
-1	from the archive 18 april 1975 khmer rouge take over cambodia the insurgent guerrillas were greeted by cam http t co wpptdlomdb
-1	from the archive 18 april 1975 khmer rouge take over cambodia the insurgent guerrillas were greeted by cam http t co uapuczd45z
-1	rt washingtonpost top aide of saddam hussein killed by anti insurgent forces iraqi officials say http t co i70kh3omkx
-1	rt washingtonpost top aide of saddam hussein killed by anti insurgent forces iraqi officials say http t co i70kh3omkx
-1	watching insurgent https t co xukev6t6qr
-1	iraqi officials top saddam hussein aide may have been killed in fighting washington post http t co r38tjrhani
-1	rt washingtonpost top aide of saddam hussein killed by anti insurgent forces iraqi officials say http t co i70kh3omkx
-1	iraqi officials top saddam hussein aide may have been killed in fighting washington post http t co 6bj1jxnwlw
-1	rt washingtonpost top aide of saddam hussein killed by anti insurgent forces iraqi officials say http t co i70kh3omkx
-1	rt washingtonpost top aide of saddam hussein killed by anti insurgent forces iraqi officials say http t co i70kh3omkx
-1	rt washingtonpost top aide of saddam hussein killed by anti insurgent forces iraqi officials say http t co i70kh3omkx
-1	iraqi officials top saddam hussein aide may have been killed in fighting washington post http t co ie90chsuvf
-1	rt washingtonpost top aide of saddam hussein killed by anti insurgent forces iraqi officials say http t co i70kh3omkx
-1	rt washingtonpost top aide of saddam hussein killed by anti insurgent forces iraqi officials say http t co i70kh3omkx
-1	rt washingtonpost top aide of saddam hussein killed by anti insurgent forces iraqi officials say http t co i70kh3omkx
-1	rt washingtonpost top aide of saddam hussein killed by anti insurgent forces iraqi officials say http t co i70kh3omkx
-1	rt washingtonpost top aide of saddam hussein killed by anti insurgent forces iraqi officials say http t co i70kh3omkx
-1	rt washingtonpost top aide of saddam hussein killed by anti insurgent forces iraqi officials say http t co i70kh3omkx
-1	iraqi officials top saddam hussein aide may have been killed in fighting washington post http t co 2n0uidwmyn
-1	rt washingtonpost top aide of saddam hussein killed by anti insurgent forces iraqi officials say http t co i70kh3omkx
-1	iraqi officials top saddam hussein aide may have been killed in fighting washington post http t co 2zzdhhaigt
-1	rt washingtonpost top aide of saddam hussein killed by anti insurgent forces iraqi officials say http t co i70kh3omkx
-1	rt washingtonpost top aide of saddam hussein killed by anti insurgent forces iraqi officials say http t co i70kh3omkx
-1	rt washingtonpost top aide of saddam hussein killed by anti insurgent forces iraqi officials say http t co i70kh3omkx
-1	rt washingtonpost top aide of saddam hussein killed by anti insurgent forces iraqi officials say http t co i70kh3omkx
-1	rt washingtonpost top aide of saddam hussein killed by anti insurgent forces iraqi officials say http t co i70kh3omkx
-1	rt washingtonpost top aide of saddam hussein killed by anti insurgent forces iraqi officials say http t co i70kh3omkx
-1	rt washingtonpost top aide of saddam hussein killed by anti insurgent forces iraqi officials say http t co i70kh3omkx
-1	rt washingtonpost top aide of saddam hussein killed by anti insurgent forces iraqi officials say http t co i70kh3omkx
-1	rt washingtonpost top aide of saddam hussein killed by anti insurgent forces iraqi officials say http t co i70kh3omkx
-1	rt washingtonpost top aide of saddam hussein killed by anti insurgent forces iraqi officials say http t co i70kh3omkx
-1	rt washingtonpost top aide of saddam hussein killed by anti insurgent forces iraqi officials say http t co i70kh3omkx
-1	rt washingtonpost top aide of saddam hussein killed by anti insurgent forces iraqi officials say http t co i70kh3omkx
-1	rt washingtonpost top aide of saddam hussein killed by anti insurgent forces iraqi officials say http t co i70kh3omkx
-1	rt washingtonpost top aide of saddam hussein killed by anti insurgent forces iraqi officials say http t co i70kh3omkx
-1	rt washingtonpost top aide of saddam hussein killed by anti insurgent forces iraqi officials say http t co i70kh3omkx
-1	rt washingtonpost top aide of saddam hussein killed by anti insurgent forces iraqi officials say http t co i70kh3omkx
-1	rt washingtonpost top aide of saddam hussein killed by anti insurgent forces iraqi officials say http t co i70kh3omkx
-1	rt washingtonpost top aide of saddam hussein killed by anti insurgent forces iraqi officials say http t co i70kh3omkx
-1	rt washingtonpost top aide of saddam hussein killed by anti insurgent forces iraqi officials say http t co i70kh3omkx
-1	rt washingtonpost top aide of saddam hussein killed by anti insurgent forces iraqi officials say http t co i70kh3omkx
-1	rt washingtonpost top aide of saddam hussein killed by anti insurgent forces iraqi officials say http t co i70kh3omkx
-1	rt washingtonpost top aide of saddam hussein killed by anti insurgent forces iraqi officials say http t co i70kh3omkx
-1	rt yooxjayyy insurgent was good
-1	rt washingtonpost top aide of saddam hussein killed by anti insurgent forces iraqi officials say http t co i70kh3omkx
-1	rt ashleyjudd thanks great to be a part of amitytrisfour did an amazing job in insurgent insurgentmovie divergent http t co whv
-1	rt washingtonpost top aide of saddam hussein killed by anti insurgent forces iraqi officials say http t co i70kh3omkx
-1	rt washingtonpost top aide of saddam hussein killed by anti insurgent forces iraqi officials say http t co i70kh3omkx
-1	rt washingtonpost top aide of saddam hussein killed by anti insurgent forces iraqi officials say http t co i70kh3omkx
-1	rt washingtonpost top aide of saddam hussein killed by anti insurgent forces iraqi officials say http t co i70kh3omkx
-1	rt pimpmytweeting still in prison for shooting a taliban insurgent that had tried to kill him his patrol freemarinea http t
-1	rt washingtonpost top aide of saddam hussein killed by anti insurgent forces iraqi officials say http t co i70kh3omkx
-1	rt washingtonpost top aide of saddam hussein killed by anti insurgent forces iraqi officials say http t co i70kh3omkx
-1	rt washingtonpost top aide of saddam hussein killed by anti insurgent forces iraqi officials say http t co i70kh3omkx
-1	rt washingtonpost top aide of saddam hussein killed by anti insurgent forces iraqi officials say http t co i70kh3omkx
-1	rt washingtonpost top aide of saddam hussein killed by anti insurgent forces iraqi officials say http t co i70kh3omkx
-1	rt washingtonpost top aide of saddam hussein killed by anti insurgent forces iraqi officials say http t co i70kh3omkx
-1	rt washingtonpost top aide of saddam hussein killed by anti insurgent forces iraqi officials say http t co i70kh3omkx
-1	rt washingtonpost top aide of saddam hussein killed by anti insurgent forces iraqi officials say http t co i70kh3omkx
-1	rt washingtonpost top aide of saddam hussein killed by anti insurgent forces iraqi officials say http t co i70kh3omkx
-1	rt washingtonpost top aide of saddam hussein killed by anti insurgent forces iraqi officials say http t co i70kh3omkx
-1	rt washingtonpost top aide of saddam hussein killed by anti insurgent forces iraqi officials say http t co i70kh3omkx
-1	rt washingtonpost top aide of saddam hussein killed by anti insurgent forces iraqi officials say http t co i70kh3omkx
-1	rt washingtonpost top aide of saddam hussein killed by anti insurgent forces iraqi officials say http t co i70kh3omkx
-1	rt washingtonpost top aide of saddam hussein killed by anti insurgent forces iraqi officials say http t co i70kh3omkx
-1	rt washingtonpost top aide of saddam hussein killed by anti insurgent forces iraqi officials say http t co i70kh3omkx
-1	rt washingtonpost top aide of saddam hussein killed by anti insurgent forces iraqi officials say http t co i70kh3omkx
-1	insurgent was good
-1	rt washingtonpost top aide of saddam hussein killed by anti insurgent forces iraqi officials say http t co i70kh3omkx
-1	rt washingtonpost top aide of saddam hussein killed by anti insurgent forces iraqi officials say http t co i70kh3omkx
-1	rt washingtonpost top aide of saddam hussein killed by anti insurgent forces iraqi officials say http t co i70kh3omkx
-1	rt washingtonpost top aide of saddam hussein killed by anti insurgent forces iraqi officials say http t co i70kh3omkx
-1	rt washingtonpost top aide of saddam hussein killed by anti insurgent forces iraqi officials say http t co i70kh3omkx
-1	rt washingtonpost top aide of saddam hussein killed by anti insurgent forces iraqi officials say http t co i70kh3omkx
-1	rt washingtonpost top aide of saddam hussein killed by anti insurgent forces iraqi officials say http t co i70kh3omkx
-1	rt washingtonpost top aide of saddam hussein killed by anti insurgent forces iraqi officials say http t co i70kh3omkx
-1	rt washingtonpost top aide of saddam hussein killed by anti insurgent forces iraqi officials say http t co i70kh3omkx
-1	rt washingtonpost top aide of saddam hussein killed by anti insurgent forces iraqi officials say http t co i70kh3omkx
-1	rt washingtonpost top aide of saddam hussein killed by anti insurgent forces iraqi officials say http t co i70kh3omkx
-1	rt washingtonpost top aide of saddam hussein killed by anti insurgent forces iraqi officials say http t co i70kh3omkx
-1	rt washingtonpost top aide of saddam hussein killed by anti insurgent forces iraqi officials say http t co i70kh3omkx
-1	rt washingtonpost top aide of saddam hussein killed by anti insurgent forces iraqi officials say http t co i70kh3omkx
-1	rt washingtonpost top aide of saddam hussein killed by anti insurgent forces iraqi officials say http t co i70kh3omkx
-1	top aide of saddam hussein killed by anti insurgent forces iraqi officials say http t co n2vldjsx2d
-1	rt washingtonpost top aide of saddam hussein killed by anti insurgent forces iraqi officials say http t co i70kh3omkx
-1	rt washingtonpost top aide of saddam hussein killed by anti insurgent forces iraqi officials say http t co i70kh3omkx
-1	rt washingtonpost top aide of saddam hussein killed by anti insurgent forces iraqi officials say http t co i70kh3omkx
-1	rt washingtonpost top aide of saddam hussein killed by anti insurgent forces iraqi officials say http t co i70kh3omkx
-1	rt washingtonpost top aide of saddam hussein killed by anti insurgent forces iraqi officials say http t co i70kh3omkx
-1	rt washingtonpost top aide of saddam hussein killed by anti insurgent forces iraqi officials say http t co i70kh3omkx
-1	rt washingtonpost top aide of saddam hussein killed by anti insurgent forces iraqi officials say http t co i70kh3omkx
-1	rt washingtonpost top aide of saddam hussein killed by anti insurgent forces iraqi officials say http t co i70kh3omkx
-1	rt washingtonpost top aide of saddam hussein killed by anti insurgent forces iraqi officials say http t co i70kh3omkx
-1	rt washingtonpost top aide of saddam hussein killed by anti insurgent forces iraqi officials say http t co i70kh3omkx
-1	rt washingtonpost top aide of saddam hussein killed by anti insurgent forces iraqi officials say http t co i70kh3omkx
-1	rt washingtonpost top aide of saddam hussein killed by anti insurgent forces iraqi officials say http t co i70kh3omkx
-1	rt washingtonpost top aide of saddam hussein killed by anti insurgent forces iraqi officials say http t co i70kh3omkx
-1	rt washingtonpost top aide of saddam hussein killed by anti insurgent forces iraqi officials say http t co i70kh3omkx
-1	rt washingtonpost top aide of saddam hussein killed by anti insurgent forces iraqi officials say http t co i70kh3omkx
-1	rt washingtonpost top aide of saddam hussein killed by anti insurgent forces iraqi officials say http t co i70kh3omkx
-1	rt washingtonpost top aide of saddam hussein killed by anti insurgent forces iraqi officials say http t co i70kh3omkx
-1	rt washingtonpost top aide of saddam hussein killed by anti insurgent forces iraqi officials say http t co i70kh3omkx
-1	saddam aide iraqi insurgent leader douri reported killed the rakyat post http t co fmec1msjw4
-1	rt washingtonpost top aide of saddam hussein killed by anti insurgent forces iraqi officials say http t co i70kh3omkx
-1	rt washingtonpost top aide of saddam hussein killed by anti insurgent forces iraqi officials say http t co i70kh3omkx
-1	rt washingtonpost top aide of saddam hussein killed by anti insurgent forces iraqi officials say http t co i70kh3omkx
-1	rt washingtonpost top aide of saddam hussein killed by anti insurgent forces iraqi officials say http t co i70kh3omkx
-1	rt washingtonpost top aide of saddam hussein killed by anti insurgent forces iraqi officials say http t co i70kh3omkx
-1	rt washingtonpost top aide of saddam hussein killed by anti insurgent forces iraqi officials say http t co i70kh3omkx
-1	rt washingtonpost top aide of saddam hussein killed by anti insurgent forces iraqi officials say http t co i70kh3omkx
-1	rt washingtonpost top aide of saddam hussein killed by anti insurgent forces iraqi officials say http t co i70kh3omkx
-1	rt washingtonpost top aide of saddam hussein killed by anti insurgent forces iraqi officials say http t co i70kh3omkx
-1	rt washingtonpost top aide of saddam hussein killed by anti insurgent forces iraqi officials say http t co i70kh3omkx
-1	rt washingtonpost top aide of saddam hussein killed by anti insurgent forces iraqi officials say http t co i70kh3omkx
-1	rt rtorfav14 rt for cinderella fav for insurgent http t co xwzeectyol
-1	watched divergent this week so i had to see insurgent tonight i didn t think i d like this series but boy was i wrong i am obsessed
-1	i just finished reading insurgent now i can go watch the movie aye
-1	insurgent was sooo good
-1	rt washingtonpost top aide of saddam hussein killed by anti insurgent forces iraqi officials say http t co i70kh3omkx
-1	iraqi officials top saddam hussein aide may have been killed in fighting washington post http t co 99rgxof7im
-1	rt washingtonpost top aide of saddam hussein killed by anti insurgent forces iraqi officials say http t co i70kh3omkx
-1	thailand s deputy pm denies southern insurgent role in koh samui bombing benarnews benarnewsthailand s depu http t co bfqtu0jvcz
-1	new post insurgent leader al douri reported killed http t co ahkaoshgpy http t co 3nogsfzcxc
-1	rt washingtonpost top aide of saddam hussein killed by anti insurgent forces iraqi officials say http t co i70kh3omkx
-1	new rt washingtonpost top aide of saddam hussein killed by anti insurgent forces iraqi officials say http t co erixdma2oi
-1	rt washingtonpost top aide of saddam hussein killed by anti insurgent forces iraqi officials say http t co i70kh3omkx
-1	top aide of saddam hussein killed by anti insurgent forces iraqi officials say http t co rp41hn5z6o
-1	iraqi officials top saddam hussein aide may have been killed in fighting washington post http t co pxbquzcxmp
-1	top aide of saddam hussein killed by anti insurgent forces iraqi officials say http t co i70kh3omkx
-1	iraqi officials top saddam hussein aide may have been killed in fighting washington post http t co fzswjfgbos
-1	divergent font http t co lwipmwbyxt tobias eaton is enough divergent insurgent allegiant four http t co 69ca71a7ke
-1	done watching insurgent and i don t know how i feel about it it s mixed up
-1	rt divergent theo james amp shailene woodley reason enough to see insurgent http t co q2omrs0x2m http t co vmckpxnkcf
-1	is there a good quality for insurgent online yet
-1	i d rather buy another freaking book that s not insurgent aha
-1	rt pimpmytweeting still in prison for shooting a taliban insurgent that had tried to kill him his patrol freemarinea http t
-1	oh wellll i m just gonna read some other book but it sucks bc now i have to buy another insurgent and i don t feel like buying
-1	rt divergent theo james amp shailene woodley reason enough to see insurgent http t co q2omrs0x2m http t co vmckpxnkcf
-1	iraqi officials top saddam hussein aide may have been killed in fighting washington post http t co v3scy7mbgg
-1	iraqi officials top saddam hussein aide may have been killed in fighting washington post http t co sppk4yntgf
-1	i can t read insurgent bc it s ripped
-1	had a fantastic day filled with way too many laughs with this girl anyways insurgent was great https t co yp4mv3lbr2
-1	iraqi officials top saddam hussein aide may have been killed in fighting washington http t co d7cbifxznb news
-1	saddam aide iraqi insurgent leader douri reported killed the rakyat post http t co 9dqfs2cabg
-1	iraqi officials top saddam hussein aide may have been killed in fighting washington post http t co s6ebefmdot
-1	watching insurgent https t co d3qdhjsmzo
-1	nw insurgent
-1	rt woebizdeiwatch insurgent edith prior http t co hgrke9sfnt
-1	iraqi officials top saddam hussein aide may have been killed in fighting washington post http t co blpji6bzas
-1	insurgent leader al douri reported killed http t co nzmdgm8633 http t co gu7qjg7eis
-1	insurgent leader al douri reported killed http t co qlm3vl5gtc http t co i3fe7kvj22
-1	rt keithspeaking insurgent was cole af
-1	iraqi officials top saddam hussein aide may have been killed in fighting washington post http t co xlkhb5s8w5
-1	iraqi officials top saddam hussein aide may have been killed in fighting washington post http t co qdypezsfny
-1	i need to see insurgent
-1	divergentid the spectacular now divergent insurgent
-1	iraqi officials top saddam hussein aide may have been killed in fighting washington post http t co jrrjtn6upe
-1	iraqi officials top saddam hussein aide may have been killed in fighting washington post http t co pekw86j8ty
-1	rt pimpmytweeting still in prison for shooting a taliban insurgent that had tried to kill him his patrol freemarinea http t
-1	me ima go home amp do some online hw what me actually does drives to jerry s to get sno cones amp to see insurgent w hunter _ _
-1	rt andreypanevin andreypanevin the ukraine insurgent army historically collaborated with the nazis amp were named ukrainian heroes by po
-1	insurgent was so frustrating
-1	iraqi officials top saddam hussein aide may have been killed in fighting washington post http t co rx2yfo5uyh
-1	iraqi officials top saddam hussein aide may have been killed in fighting washington post http t co pyemilatiw
-1	iraqi officials top saddam hussein aide may have been killed in fighting washington post http t co bzflxlpsyb
-1	iraqi officials top saddam hussein aide may have been killed in fighting washington post http t co ok71gp0jg1
-1	iraqi officials top saddam hussein aide may have been killed in fighting washington post http t co flojtphjwj
-1	ya i ll just watch insurgent tomorrow
-1	read more the hidden hand behind the islamic state militants islamicstate http t co v6rmso3gbs
-1	read more the hidden hand behind the islamic state militants islamicstate http t co 7v0gji2i8a
-1	started watching insurgent amp my bf goes isn t that girl like vine famous gingerwlavender
-1	insurgent was the best movie ever
-1	rt divergent theo james amp shailene woodley reason enough to see insurgent http t co q2omrs0x2m http t co vmckpxnkcf
-1	and now i m angry i was mopey driving through gta and the shittiest people ever killed me and then i took their insurgent from them
-1	iraqi officials top saddam hussein aide may have been killed in fighting washington post http t co dvgawnsqug
-1	iraqi officials top saddam hussein aide may have been killed in fighting washington post http t co wbicvzzxqn http t co qwqjwpafqu
-1	insurgent with the crew was the greatest
-1	rt ohaideme tris s brother was a aint shit mothafucka in insurgent
-1	iraqi officials top saddam hussein aide may have been killed in fighting washington post http t co njpxsynvko
-1	insurgent was so good omg
-1	watching insurgent https t co g6ylbzkqcf
-1	iraqi officials top saddam hussein aide may have been killed in fighting washington post http t co xgfxjuseyy
-1	rt andreypanevin new ukrainian law says that upa ukraine insurgent army are heroes they have taken responsibility for recent murders ht
-1	i enjoyed divergent fresh_lezinto i m still not watchig divergent and insurgent
-1	now on deck insurgent watch free online visit us http t co swbh91by3g amp see the difference in your pocket free
-1	rt meaggy652 finally seeing insurgent jerrodcrouch
-1	idcmainiacx_ insurgent
-1	iraqi officials top saddam hussein aide may have been killed in fighting washington post miami heraldiraqi http t co rrzm3csjkc
-1	rt haleyarod omg insurgent
-1	4 5 out of 5 stars for insurgent divergent trilogy book 2 by veronica roth http t co tlpwgd6shm kindle http t co nnega0gwlr
-1	insurgent was cole af
-1	iraqi officials top saddam hussein aide may have been killed in http t co nabewhzyar news http t co cedcugmtxs
-1	tris s brother was a aint shit mothafucka in insurgent
-1	rt yashalevine long live ukrainian insurgent army thanks to a new law you can t deny the heroism of their slaughter of poles amp jews http
-1	rt crespnejustan anna calvi the heart of you insurgent original motion picture soundtr v a anna calvi the heart of you insurgent
-1	insurgent leader al douri reported killed http t co fy0oy9xrh2 http t co iapson69u6 world
-1	miami heraldiraqi officials top saddam hussein aide may have been killed in fightingwashington postba http t co pnlvbvakuj
-1	news from the archive 18 april 1975 khmer rouge take over cambodia the insurgent guerrillas were greeted b http t co djvkig2ibx
-1	soon as i peeped that roof seen when i was watching insurgent i knew uriah was bae
-1	insurgent
-1	ukrainian insurgent army upa claimed responsibility for recent murders of regime opponents http t co dmqb7ajhcz
-1	johngreen i went to rewatch insurgent today and ran into this beautiful thing papertownsmovie http t co m1wo08maae
-1	i m still not watchig divergent and insurgent
-1	rt yazminn_95 insurgent is such a good movie
-1	the insurgent plot twist omg
-1	insurgent was perf
-1	rt otehemav insurgent you amp 39 http t co pxgb9exmvo
-1	insurgent he says noun a person who acts in opposition to the established authority who is not https t co ofyirfmeu4
-1	insurgent was so good
-1	rt rtorfav14 rt if u love insurgent fav if u dislike insurgent http t co 96x4tnoeow
-1	rt mrahssiah sohappilyash saw insurgent today and literally talked about him the entire time during the movie
-1	sohappilyash saw insurgent today and literally talked about him the entire time during the movie
-1	rt yashalevine long live ukrainian insurgent army thanks to a new law you can t deny the heroism of their slaughter of poles amp jews http
-1	divergent saw insurgent for the tris time today is it just me or does four get hotter and hotter every time http t co rymkon3v9t
-1	insurgent is such a good movie
-1	rt andreypanevin the ukraine insurgent army claimed responsibility for kalashnikov s and buzina s murder same group that poroshenko c
-1	watching the divergent series insurgent 3d https t co uvhebfyzru
-1	with af girls amp insurgent lt 3 lt 3 pic https t co etyw9viasn
-1	dear abby was huge but no one knew it was rose byrne rubble answering as the cashier to jk simmons play of spiderman insurgent divergent
-1	insurgent t t
-1	just watched insurgent
-1	i m watching insurgent by myself
-1	insurgent https t co 0fcqiwose5
-1	insurgent full movie http t co dldujngv7n via youtube
-1	rt poeticalexis anyone else see the resemblance between actor keiynan lonsdale from insurgent amp ray_broderickw http t co lqdkozs0hb
-1	insurgent was fun and sooo good w tang jaja and sissy
-1	marvinamasula unfriended to insurgent 3 naman
-1	is insurgent good
-1	rt pimpmytweeting still in prison for shooting a taliban insurgent that had tried to kill him his patrol freemarinea http t
-1	finally insurgent with fitri ellyawati and 2 others at aep s https t co c6aukbopko
-1	insurgent was such a good movie wtf
-1	omg insurgent
-1	tris prior amp four insurgent https t co anxa9rwivq
-1	rt triciabeech watching insurgent and let me tell ya theo james fiiiiya
-1	finished divergent i shall start insurgent tmw
-1	we may both be bad but there s a huge difference between us i m not content with being this way insurgent
-1	rt poeticalexis anyone else see the resemblance between actor keiynan lonsdale from insurgent amp ray_broderickw http t co lqdkozs0hb
-1	insurgent doe alynaaaa__
-1	yrbmagazine previously on yrb insurgent trailer divergent insurgent http t co yiq0tnmdvr film http t co nfzpqixeuy
-1	insurgent
-1	not gonna watch insurgent
-1	watching insurgent https t co mpmmehhbgo
-1	hussein deputy insurgent leader al douri killed http t co na2biek5j3 http t co vvfibyy1ii
-1	at http t co lwipmwbyxt i kissed eric because i m divergent comment what you guys get divergent insurgent allegiant
-1	at http t co lwipmwbyxt i wanna go see insurgent divergent insurgent sydney
-1	insurgent amp fast 7 for the second time made for a good night
-1	lfranzia insurgent is a really good movie but pretty different from the book
-1	yrbmagazine previously on yrb insurgent trailer divergent insurgent http t co rrqa6msqsd film http t co e93unaaihn
-1	finally saw insurgent amp it was soooooooo good
-1	it s 10 12 insurgent at 11 20 http t co bshpilcqx1
-1	me and my baby girl having a girls night out at the movies gonna see insurgent https t co lppuie1bzn
-1	rt divergent theo james amp shailene woodley reason enough to see insurgent http t co q2omrs0x2m http t co vmckpxnkcf
-1	me and my baby girl having a girls night out at the movies gonna see insurgent http t co tnbqlrlu74
-1	me and my baby girl having a girls night out at the movies gonna see insurgent http t co ymeodxheui
-1	rt rdgtylor not even sure how to describe what all just took place in gta apparently an insurgent can withstand a hydra running into i
-1	turns out i was thinking nonsense makes me want to watch insurgent moar 3
-1	watching insurgent https t co lbawshmnsr
-1	oh hey so did you guys like insurgent
-1	not even sure how to describe what all just took place in gta apparently an insurgent can withstand a hydra running into it getfucked
-1	watching insurgent https t co amoc6vwcwp
-1	me until i finally get the chance to watch insurgent http t co ri3mjiedxj
-1	i don t know how to feel about insurgent
-1	oh and insurgent was amazing
-1	they ruined insurgent booknerd disappointed
-1	insurgent was a pretty decent movie
-1	daniel dae kim ashley judd oscar winners octavia spencer amp kate winslet hope you were paid handsomely to appear in the awful insurgent
-1	watched insurgent perfect divergent
-1	from the archive 18 april 1975 khmer rouge take over cambodia http t co awk65svnjc network front the guardian the insurgent guerri
-1	http t co u3oyy4ry3a hussein deputy insurgent leader al douri killed cnrapp
-1	rt pimpmytweeting still in prison for shooting a taliban insurgent that had tried to kill him his patrol freemarinea http t
-1	from the archive 18 april 1975 khmer rouge take over cambodia the insurgent guerrillas were greeted http t co 6wi3gokys7 gua
-1	watching insurgent https t co vikhdf69zh
-1	cnn insurgent leader al douri killed in security op http t co 9vie4pxrzu
-1	now i want to go see insurgent
-1	im going to watch insurgent now
-1	insurgent was alright to
-1	insurgent movieeditscontest vine by ayishia1 https t co 2y21gppl2s
-1	rt 4nnak operacaobetalab email claim over kiev killings a group calling itself the ukrainian insurgent http t co 2r1hl7ilv6 sdv
-1	email claim over kiev killings a group calling itself the ukrainian insurgent army says it was behind the dea http t co sxumge4w6l
-1	bbc email claim over kiev killings a group calling itself the ukrainian insurgent army says it was be http t co 1h8kkk8qbf world
-1	email claim over kiev killings a group calling itself the ukrainian insurgent army says it was behind the dea http t co dp9tuzxhqr
-1	from the archive 18 april 1975 khmer rouge take over cambodia http t co mapmiewdzf the insurgent guerrillas were greeted by cambodia
-1	email claim over kiev killings a group calling itself the ukrainian insurgent army says it was behind the dea http t co slpzh0n4bg
-1	email claim over kiev killings a group calling itself the ukrainian insurgent army says it was behind the dea http t co kk5crfdmui
-1	email claim over kiev killings a group calling itself the ukrainian insurgent army says it was behind the dea http t co 50nynkyfg2
-1	email claim over kiev killings a group calling itself the ukrainian insurgent army says it was behind the dea http t co dlu6bjxjoc
-1	operacaobetalab email claim over kiev killings a group calling itself the ukrainian insurgent http t co b6jvfpeqd5 sdv timbeta
-1	operacaobetalab email claim over kiev killings a group calling itself the ukrainian insurgent http t co 2r1hl7ilv6 sdv timbeta
-1	news email claim over kiev killings a group calling itself the ukrainian insurgent army say http t co jo5sbgxvkj via thenewshype
-1	email claim over kiev killings a group calling itself the ukrainian insurgent army says it was behind the dea http t co rhhknck8q2
-1	email claim over kiev killings a group calling itself the ukrainian insurgent army says it was behind the dea http t co 1s6wjitrd6
-1	insurgent the avengers 2 age of ultron unfriended paper towns
-1	news headlines wnd hussein deputy insurgent leader al douri killed http t co 5uccdalnin
-1	hussein deputy insurgent leader al douri killed http t co qkspluh7ko
-1	insurgent starts at 10 30 should i go or no
-1	watching insurgent
-1	watching insurgent https t co yho2jwumyt
-1	hussein deputy insurgent leader al douri killed http t co pseexisdy9
-1	insurgent was good but i wanna see unfriended
-1	hussein deputy insurgent leader al douri killed http t co 1mmoloidwe
-1	insurgent http t co g6ppveyy5h
-1	from the archive 18 april 1975 khmer rouge take over cambodia the insurgent guerrillas were greeted by cam http t co kq3b4re2tl
-1	hussein deputy insurgent leader al douri killed http t co wjaobwwzxd cnn izzat ibrahim al douri a former top deputy to saddam husse
-1	watching insurgent https t co hefs6ntmkl
-1	from the archive 18 april 1975 khmer rouge take over cambodia the insurgent guerrillas were greeted by cam http t co a5ue4egj2d
-1	guardiannews from the archive 18 april 1975 khmer rouge take over cambodia the insurgent guerrillas were http t co 5jc58130yo
-1	although jai totally was not how i imagined eric in the books his character portrayal was spot on insurgent
-1	insurgent was gr8
-1	rt markantonio98 me so have you seen insurgent alissa yes b it was as good as detergent
-1	rt eveehunt insurgent divergent book 2 unabridged veronica roth http t co inhgyxax4u kids amp young adults audiobook http
-1	rt eveehunt insurgent divergent book 2 unabridged veronica roth http t co inhgyxax4u kids amp young adults audiobook http
-1	rt theogasms i wish we got a theo and shai photoshoot for insurgent ugh
-1	from the archive 18 april 1975 khmer rouge take over cambodia http t co edwzjqg1hx the insurgent guerrillas were greeted by cambodian
-1	and maybe insurgent
-1	i just saw insurgent at the cinema and loved it it s so hard to hate peter when he s played by miles_teller
-1	holy shit insurgent
-1	rt hotornot_4 rt for divergent fave for insurgent http t co oyauogcnaq
-1	diverging from canon insurgent finds steelier wartime heroine
-1	insurgent done
-1	film review insurgent from built for speed insurgent is the second instalment in that other dysto http t co ihxuupvswl
-1	from the archive 18 april 1975 khmer rouge take over cambodia the insurgent guerrillas were greeted by cam http t co 83jb9dca6d
-1	i guess i ll watch insurgent
-1	watching insurgent with aini https t co ykr1zht525
-1	finally watching insurgent at home by myself
-1	rt eveehunt insurgent divergent book 2 unabridged veronica roth http t co inhgyxax4u kids amp young adults audiobook http
-1	rt eveehunt insurgent divergent book 2 unabridged veronica roth http t co inhgyxax4u kids amp young adults audiobook http
-1	rt divergent theo james amp shailene woodley reason enough to see insurgent http t co q2omrs0x2m http t co vmckpxnkcf
-1	rt eveehunt insurgent divergent book 2 unabridged veronica roth http t co inhgyxax4u kids amp young adults audiobook http
-1	rt poeticalexis anyone else see the resemblance between actor keiynan lonsdale from insurgent amp ray_broderickw http t co lqdkozs0hb
-1	perfect shailenewoodley divergent insurgent tris hazel tfios shailenefans at http t co 2hahkiorsi http t co uegtkutego
-1	tokyo drift priest insurgent as we house spider man as tim allens home improvement it connects jonathan taylor thomas as taylor lautner
-1	aw i miss all the tfios hype i need insurgent on dvd like rn i ve already watched it http t co 2hahkiorsi http t co gsvo1qtgi1
-1	nw insurgent
-1	anyone else see the resemblance between actor keiynan lonsdale from insurgent amp ray_broderickw http t co lqdkozs0hb
-1	rt divergent theo james amp shailene woodley reason enough to see insurgent http t co q2omrs0x2m http t co vmckpxnkcf
-1	divergent font http t co lwipmwbyxt aw i miss all the tfios hype i need insurgent on dvd like rn i ve http t co ppo86opzp7
-1	insurgent divergent book 2 unabridged veronica roth http t co inhgyxax4u kids amp young adults audiobook http t co 9nenan1hxv
-1	insurgent leader al douri killed in security op http t co s3sdqkle44 sale http t co neiwkxgvpb news
-1	i want to watch insurgent
-1	i m pretty impressed by how well insurgent followed the book and i still love kate winslet
-1	watching insurgent and let me tell ya theo james fiiiiya
-1	i liked insurgent but some of the dialogue ugh cheesy and boring and sudden intro of uriah after leaving him out previously pffft
-1	insurgent is great what are y all talking about
-1	rt itskaelababyyy raphie gave me an insurgent poster with my husband on it thank you raphie i love you http t co xpcwpdkukn
-1	insurgent was so effing good
-1	from the archive 18 april 1975 khmer rouge take over cambodia http t co 9s8bq3fuz1 the insurgent guerrillas were greeted by cambodian
-1	rt pimpmytweeting still in prison for shooting a taliban insurgent that had tried to kill him his patrol freemarinea http t
-1	rt lbci_news_en video report saddam aide iraqi insurgent leader al douri reported killed http t co snmcfcadwc
-1	watching insurgent https t co 4dchytq7ad
-1	now on deck insurgent watch free online visit us http t co ow8ybn3xzq amp see the difference in your pocket free
-1	me so have you seen insurgent alissa yes b it was as good as detergent
-1	rt geeksonscreen tonight s podcast main topic is book adaptations let us know your favs gameofthrones insurgent lotr twilight f
-1	rt eatonprior4 one of my favourite quotes from the movie fourtris insurgent http t co tah7oi00uf
-1	insurgent was soooo good
-1	saramayeux the aclu plans to use soros s 50 million in 501 c 4 not c 3 to fund insurgent da candidates http t co nlibhgex1p
-1	hussein deputy insurgent leader al douri killed iraqi tv reports http t co 8hbsvmpbwq
-1	watching the divergent series insurgent at harkin s theater http t co euafd1gvo4
-1	rt divergent_au divergent was a phenomenon insurgent will change everything tickets http t co akdody0kap https t co q5hrpd8fyk
-1	insurgent wasn t bad tho
-1	insurgent was actually terrible haha
-1	well insurgent sucked
-1	review for insurgent divergent great sequel to divergent it picks up right where divergent ended http t co tbkqtzzfso
-1	insurgent was
-1	insurgent 2015 http t co p0o1tpzbpv
-1	thinking of watching insurgent hahahaha i m so freaking late
-1	rt divergent who can you trust when you re on the run insurgent http t co q2omrs0x2m http t co 3qtglhataa
-1	rt insurgentmovie the factionless need a leader and who better than tobias eaton insurgent http t co u0rkovsvsz
-1	rt divergent_au truth shailenewoodley on the importance of strong female characters http t co gqr4a6rmtg insurgent http t co p0nf
-1	rt pimpmytweeting still in prison for shooting a taliban insurgent that had tried to kill him his patrol freemarinea http t
-1	vlnfrn fast 7 cinderella home indigenous insurgent the cobler
-1	shailene woodley in insurgent looks like lesbian peter pan
-1	noisy babies ruined the late night movie insurgent regalmovies managers don t care next time watching on home big screen tv
-1	rt gabeim5 what did you guys think of insurgent
-1	i can t even watch divergent now because i ll be thinking about insurgent
-1	insurgent was so unbelievably disappointing
-1	rt geeksonscreen tonight s podcast main topic is book adaptations let us know your favs gameofthrones insurgent lotr twilight f
-1	rt pimpmytweeting still in prison for shooting a taliban insurgent that had tried to kill him his patrol freemarinea http t
-1	i couldn t watch unfriended so i just went to the other theatre to watch insurgent tru
-1	the insurgent movie was amazing 10 gold starts
-1	video report saddam aide iraqi insurgent leader al douri reported killed http t co snmcfcadwc
-1	yeay finally insurgent https t co o4zt2cxdn3
-1	insurgent
-1	rt jamie__bee insurgent was sooo good
-1	ahhhh insurgent was great
-1	high level insurgent leader reported killed in iraq http t co gwi3m3ojrw
-1	saw insurgent for the 3rd time
-1	cnn hussein deputy insurgent leader al douri killed iraqi tv reports http t co sed24yeewb
-1	rt roomofrumor insurgent leader al douri killed http t co 52zcum2csk
-1	i still haven t watched insurgent oh
-1	s o to brooketressa for being a babe and going to insurgent with me tonight
-1	rt asscld imy and we neeed to hang out i want to see insurgent lol ily
-1	insurgent was so good but they kept calling rose dawson janine silly that no one caught that
-1	rt mckay_girl oh my gosh insurgent was just
-1	watching insurgent with prity at cinema21manado https t co uplvwxsxc9
-1	saddam aide iraqi insurgent leader al douri reported killed http t co igf16jqvck
-1	rt spikealbrecht just saw insurgent gt divergent
-1	watching insurgent https t co jpmcrpkdzv
-1	imy and we neeed to hang out i want to see insurgent lol ily
-1	rt spikealbrecht just saw insurgent gt divergent
-1	omg insurgent is so goood
-1	watching insurgent with prity https t co fmosvh4imi
-1	insurgent with bella and calvin at cinema21manado https t co y5ckhd0acu
-1	rt daniiiilopezz insurgent is the best movie by far but i haven t seen gethard yet so it might change soon
-1	saddam aide iraqi insurgent leader al douri reported killed http t co gr9kw3u3ps
-1	rt rileynoe13 i think tris should be the star of monkey kingdom insurgent http t co duaqyxgt0q
-1	insurgent
-1	just saw insurgent i ve decided i am going to learn to fight
-1	insurgent was sooo good
-1	theo james of insurgent is always learning view at http t co 6ad6ad27nf
-1	rt divergent theo james amp shailene woodley reason enough to see insurgent http t co q2omrs0x2m http t co vmckpxnkcf
-1	gonna see insurgent today
-1	u people need to go watch insurgent
-1	i still need to see insurgent
-1	disela2 jaga the divergent series insurgent 3d https t co skxdv7kl2v
-1	i think tris should be the star of monkey kingdom insurgent http t co duaqyxgt0q
-1	rt fandombattles rt for mockingjay part 2 fav for insurgent http t co dlv01n0ys8
-1	insurgent was so good wow
-1	i just watched insurgent and i don t know what to do with my life
-1	insurgent was soooo good
-1	rt logan_noe insurgent basically http t co 9poeh8gyof
-1	rt sweetlockscrwn insurgent free pi http t co vjgnn3sjsj
-1	ready stock original merch tees insurgent army bogor idr 100k limited http t co rfpk6jlvep
-1	theojamesff i love you so much your so handsome every time i see you in divergent and insurgent i just melt
-1	i added a video to a youtube playlist http t co 42pyfrajdj killing spree 3 insurgent time
-1	while everyone is watching furious 7 and unfriended i m watching the longest ride and insurgent lol
-1	insurgent basically http t co 9poeh8gyof
-1	rt mazdaki izzat ibrahim al douri led the naqshbandi order insurgent group a key force behind the recent rise of isis http t co lzw24
-1	rt divergent theo james amp shailene woodley reason enough to see insurgent http t co q2omrs0x2m http t co vmckpxnkcf
-1	saddam aide iraqi insurgent leader al douri reported killed http t co mtgmoow9ov artikel terbaru
-1	a voz dela ta woodkid feat lykke li never let you down insurgent soundtrack video https t co ankt71i5zb via youtube
-1	theo james of insurgent is always learning see at http t co 6ad6ad27nf
-1	saddam aide iraqi insurgent leader al douri reported killed http t co i6mxw9fpil
-1	saddam aide iraqi insurgent leader al douri reported killed http t co kiusfbuaem
-1	saddam aide iraqi insurgent leader al douri reported killed http t co pueysj8rj9
-1	i want to watch insurgent
-1	rt divergent theo james amp shailene woodley reason enough to see insurgent http t co q2omrs0x2m http t co vmckpxnkcf
-1	rt allegiantu pre order insurgent on digital hd on itunesmovies and googleplay http t co 69666xxtjq
-1	we saw insurgent tonight on a whim holy shit that is a terrible movie
-1	insurgent was the best
-1	can someone take me to see insurgent tomorrow i still haven t seen it
-1	finallyy insurgent https t co xwraey2wpv
-1	divergent font http t co lwipmwbyxt theo divergent insurgent allegiant shailenewoodley theojames f http t co lignx5n2ok
-1	at http t co lwipmwbyxt love him actually theojames tobiaseaton four divergent insurgent lover pale palegoth goth grunge
-1	at http t co lwipmwbyxt ive been so busy lately theojames tobiaseaton four divergent insurgent lover pale palegoth goth gr
-1	at http t co lwipmwbyxt sorrryyyy i havent posteed theojames tobiaseaton four divergent insurgent lover pale palegoth goth
-1	at http t co lwipmwbyxt fourtris 4ever 4 6 divergent insurgent
-1	i havent even seen insurgent yet bc i know its gonna disappoint
-1	now on deck insurgent watch free online visit us http t co swbh91by3g amp see the difference in your pocket free
-1	all dem bad bitches of insurgent
-1	saddam aide iraqi insurgent leader al douri reported killed http t co jvqa5ssxwl kabari
-1	nw insurgent
-1	insurgent was a good movie but i would gladly choose to watch a 4 hr long version so half of the plot wouldn t be left out
-1	who hasn t watched insurgent
-1	insurgent leader al douri killed
-1	insurgent was so beautiful ugh
-1	now watching insurgent
-1	insurgent a person who acts in opposition to the established authority who is not necessarily regarded as a belligerent
-1	berita saddam aide iraqi insurgent leader al douri reported killed http t co tgxbuojlw4
-1	saddam aide iraqi insurgent leader al douri reported killed http t co 1k0unvzfok
-1	saddam aide iraqi insurgent leader al douri reported killed http t co x7c13oh2ig
-1	rt republikaonline saddam aide iraqi insurgent leader al douri reported killed http t co quufoo7gsa
-1	saddam aide iraqi insurgent leader al douri reported killed http t co tdd0nmtmpa
-1	saddam aide iraqi insurgent leader al douri reported killed http t co figybjorv5
-1	saddam aide iraqi insurgent leader al douri reported killed http t co z8kz1ky1iu republika http t co i3fdzbbgm3
-1	saw insurgent
-1	bigreporter http t co idsayaulnn insurgent leader al douri killed in security op news http t co 1fug56xuwf
-1	saddam aide iraqi insurgent leader al douri reported killed http t co zabila86qp
-1	saddam aide iraqi insurgent leader al douri reported killed http t co h6yf5m8cwy
-1	saddam aide iraqi insurgent leader al douri reported killed http t co jhldufut15
-1	saddam aide iraqi insurgent leader al douri reported killed http t co dyget5hcn8
-1	saddam aide iraqi insurgent leader al douri reported killed http t co xji1axempp
-1	saddam aide iraqi insurgent leader al douri reported killed http t co obt6txcle1
-1	saddam aide iraqi insurgent leader al douri reported killed http t co glaxpevjqs
-1	saddam aide iraqi insurgent leader al douri reported killed http t co qkzoxv7qdf
-1	saddam aide iraqi insurgent leader al douri reported killed http t co kkwmkkkriz
-1	saddam aide iraqi insurgent leader al douri reported killed http t co jek1kagkk7
-1	saddam aide iraqi insurgent leader al douri reported killed http t co lqbujh0pdm
-1	saddam aide iraqi insurgent leader al douri reported killed http t co fzhnt76gvr
-1	saddam aide iraqi insurgent leader al douri reported killed http t co xiulgeskbj
-1	oh my gosh insurgent was just
-1	saddam aide iraqi insurgent leader al douri reported killed http t co zregou1kyh
-1	saddam aide iraqi insurgent leader al douri reported killed http t co y5mpz1nfbu
-1	one pet always gets bombed by one sock each they have it set up every night watch insurgent i guess
-1	i miles teller even more after seeing insurgent
-1	insurgent 2015 full movie click this link for watch full movie http t co isurjesrtn http t co jqpueczglc
-1	i literally have like 20 pages left of insurgent amp i won t go see the movie until i m done reading but i really need to see the movie omg
-1	puisi sayang saddam aide iraqi insurgent leader al douri reported killed http t co kefdpkilmr terbaru
-1	movie was dope af insurgent
-1	one pet always gets bombed by one sock each they have it coming every night watch insurgent i guess
-1	iraqi insurgent leader ezzat al douri killed ezzat ibrahim al douri is a former aide to late iraqi president http t co yyq1czah4w
-1	saddam aide iraqi insurgent leader al douri reported killed http t co quufoo7gsa
-1	kitalawan insurgent
-1	rt divergent theo james amp shailene woodley reason enough to see insurgent http t co q2omrs0x2m http t co vmckpxnkcf
-1	rt divergentseries yummy dd_cakes1 divergentseries insurgent cupcakes coloradosprings colorado smallbusiness bakingbuisness htt
-1	now on deck insurgent watch free online visit us http t co swbh91by3g amp see the difference in your pocket free
-1	insurgent was so good
-1	laurenk83 many thx just insurgent waiting for the longest ride batman vs superman amp jurassic world lol
-1	pritycool17 yes it was awesome sooo did u watch insurgent
-1	saddam aide iraqi insurgent leader al douri reported killed http t co aw9mls5cla
-1	killing spree 3 insurgent time http t co 42pyfrajdj via youtube
-1	now on deck insurgent watch free online visit us http t co swbh91by3g amp see the difference in your pocket free
-1	wanna see insurgent with someone
-1	iraqi officials top saddam hussein aide may have been killed in fighting http t co ywsavikwrd bahrain ksa gcc http t co xlzoikqikz
-1	rt kayleeeee19 but try watching divergent first i made the mistake of insurgent before haha
-1	rt meganbatoon when you try and categorize yourself after watching insurgent and realize you re factionless http t co kste5mooa5
-1	nw insurgent the divergent series for the 3rd time
-1	thegreatgouki sweet then i can go into online public rooms amp be a troll in tge insurgent
-1	watching insurgent https t co riwbmkjefg
-1	rt divergent theo james amp shailene woodley reason enough to see insurgent http t co q2omrs0x2m http t co vmckpxnkcf
-1	rt rtorfav14 rt for the maze runner fav for insurgent http t co lybsltpzs4
-1	slappboxmc i still haven t seen insurgent amp divergent is my favourite series ever
-1	magjsj94 magsoyou92 insurgent keren yha w jd tris prior fifty shades of grey re bdsm bdsm
-1	izzat ibrahim al douri led the naqshbandi order insurgent group a key force behind the recent rise of isis http t co lzw24tdvc4
-1	rt lizbethmacias_ i want to go watch unfriended and insurgent
-1	might as well watch insurgent
-1	insurgent was so good
-1	rt rtorfav14 rt for the maze runner fav for insurgent http t co lybsltpzs4
-1	finally watching insurgent
-1	insurgent is sooo good just like divergent was
-1	magsoyou92 insurgent keren yha w jd tris prior fifty shades of grey re bdsm
-1	me gust un video de youtube http t co nbkqoaox8g theo james talks about sex scenes w shailene woodley in insurgent mtv
-1	now watching insurgent and still thinking about what happened awhile ago
-1	rt hxpxcrite i think i ll like this stage of kudeta cocok sama namanya kalau pake konsep divergent insurgent
-1	did i read the wrong book did i not read insurgent i don t understand this ending
-1	rt rtorfav14 rt for the maze runner fav for insurgent http t co lybsltpzs4
-1	rt yashalevine long live ukrainian insurgent army thanks to a new law you can t deny the heroism of their slaughter of poles amp jews http
-1	but try watching divergent first i made the mistake of insurgent before haha
-1	i really need to learn how to pace myself when reading a book just started insurgent amp i m already 300 pages into it
-1	insurgent is a gr8 movie highly recommend it
-1	now on deck insurgent watch free online visit us http t co swbh91by3g amp see the difference in your pocket free
-1	forget unfriended i wanna see insurgent
-1	rt dubord_hannah seeing insurgent with the boo
-1	rt yashalevine long live ukrainian insurgent army thanks to a new law you can t deny the heroism of their slaughter of poles amp jews http
-1	at http t co lwipmwbyxt jenna coleman as nita in allegiant divergent insurgent allegiant
-1	insurgent was pretty good
-1	rt rtorfav14 rt for the maze runner fav for insurgent http t co lybsltpzs4
-1	saddam aide iraqi insurgent leader al douri reported killed at http t co tkf259qobu
-1	saddam aide iraqi insurgent leader al douri reported killed at http t co c4thvg4gwe
-1	i think i ll like this stage of kudeta cocok sama namanya kalau pake konsep divergent insurgent
-1	email claim over kiev killings a group calling itself the ukrainian insurgent army says it was behind the dea http t co l6ipxistg0
-1	email claim over kiev killings a group calling itself the ukrainian insurgent army says it was behind the dea http t co vkzw6x3laa
-1	email claim over kiev killings a group calling itself the ukrainian insurgent army says it was behind the dea http t co izygjoqiq1
-1	email claim over kiev killings a group calling itself the ukrainian insurgent army says it was behind the dea http t co mzxym5dawq
-1	now on deck insurgent watch free online visit us http t co swbh91by3g amp see the difference in your pocket free
-1	i want to see unfriendedmovie gethard and insurgent somebody take me to the movies
-1	rt jagowriter so thailand denies southern insurgent role in koh samui bombing but admits it was carried out by southerners http t co
-1	i saw insurgent today and i cried okay the tears were real
-1	insurgent
-1	rt erikasef seeing insurgent with katelyntess guy next to us just cracked open a beer
-1	insurgent was just like divergent
-1	f7 and insurgent
-1	insurgent was a good ass movie
-1	rt meganbatoon when you try and categorize yourself after watching insurgent and realize you re factionless http t co kste5mooa5
-1	insurgent was awesome
-1	rt woebizdeiwatch insurgent gun http t co bcow3cse3u
-1	i want to go watch unfriended and insurgent
-1	insurgent was
-1	saddam aide iraqi insurgent leader al douri reported killed http t co dzlxzqkh2j
-1	rt yashalevine long live ukrainian insurgent army thanks to a new law you can t deny the heroism of their slaughter of poles amp jews http
-1	when you tryna watch insurgent but fast 7 plays before it hashtag drive in probz
-1	insurgent was pretty good
-1	saddam aide iraqi insurgent leader al douri reported killed http t co mdqqljqidr http t co abgluk4s3q
-1	double date night insurgent
-1	cuteeeeeeee sheo is perfect sheo divergent insurgent allegent four tris calub by http t co eythrzouv3 http t co b8ynjwm6vl
-1	happy weekend insurgent https t co wgnpckfz4c
-1	rt imax it s your last chance to experience divergent series insurgent in imax 3d get tix now http t co cxbqpfgykt http t co w
-1	insurgent
-1	insurgent
-1	rt divergent theo james amp shailene woodley reason enough to see insurgent http t co q2omrs0x2m http t co vmckpxnkcf
-1	i ll be eating my lunch divergent and insurgent are awesome
-1	rt twerkingtobias promise me that you won t go for me do this one thing for me four insurgent http t co 0ovmc6z7bz
-1	rt twerkingtobias promise me that you won t go for me do this one thing for me four insurgent http t co 0ovmc6z7bz
-1	i really hope insurgent is good
-1	rt andreypanevin the ukraine insurgent army claimed responsibility for kalashnikov s and buzina s murder same group that poroshenko c
-1	rt andreypanevin the ukraine insurgent army claimed responsibility for kalashnikov s and buzina s murder same group that poroshenko c
-1	brad may divergent at insurgent ka na movie jomzkii15
-1	rt divergent theo james amp shailene woodley reason enough to see insurgent http t co q2omrs0x2m http t co vmckpxnkcf
-1	rt divergent theo james amp shailene woodley reason enough to see insurgent http t co q2omrs0x2m http t co vmckpxnkcf
-1	saddam aide iraqi insurgent leader al douri reported killed reuters http t co ys1puowupf
-1	rt insurgentmovie seeing insurgent today shailenewoodley theo james amp veronicaroth tell us about the action you will experience htt
-1	email claim over kiev killings a group calling itself the ukrainian insurgent army says it was behi http t co ra0oeoskfj sprnch
-1	lol when we left we yelled the ending to insurgent and unfriendedmovie blaire posted the video divergents are the solution
-1	rt asmareeno high level insurgent leader reported killed in iraq watch video listen to the audiorelated lin http t co hlgzpfcshd
-1	watching the divergent series insurgent at twilight drive in http t co fl82m5berh
-1	insurgent leader al douri killed
-1	nw insurgent
-1	insurgent was so good ahhh
-1	rt divergent theo james amp shailene woodley reason enough to see insurgent http t co q2omrs0x2m http t co vmckpxnkcf
-1	email claim over kiev killings a group calling itself the ukrainian insurgent army says it was behind the dea http t co mfamf4coyl
-1	email claim over kiev killings a group calling itself the ukrainian insurgent army says it was behind the dea http t co hupbctmn6m
-1	watching insurgent
-1	saddam aide iraqi insurgent leader al douri reported killed reuters http t co ys1puowupf
-1	i wanna watch insurgent
-1	saddam aide iraqi insurgent leader al douri reported killed http t co k2yqekalef http t co vz3q1bmhcc
-1	rt andreypanevin the ukraine insurgent army claimed responsibility for kalashnikov s and buzina s murder same group that poroshenko c
-1	rt _endlessbliss new faves divergent and insurgent cant wait for the next one def getting the books man
