-1	rt payschotunpai knight of cups gemini http t co oz4kveccyo
-1	rt clopiboriz knight of cups wiki http t co xzcm50a4er
-1	rt prondeswildprem knight of cups emotions http t co 8eayxntkne
-1	knight of cups and the hierophant http t co x2tocbk52s
-1	rt flicfurrasib knight of cups clip http t co pptarm7olg
-1	rt payschotunpai knight of cups gemini http t co oz4kveccyo
-1	rt flicfurrasib knight of cups clip http t co pptarm7olg
-1	rt keohuckbo1988 knight of cups natalie portman http t co ji1jz65rxz
-1	rt flicfurrasib knight of cups clip http t co pptarm7olg
-1	rt mubi from berlin daniel kasman amp adamcook discuss terrence malick s knight of cups http t co k47rne779v berlinale http t co bv
-1	rt filmdialogueone justincchang on terrencemalick s knightofcups for variety notebookmubi http t co k7h4vizn2m http t co wve2pv
-1	shomingekiblog notes on a masterpiece called knight of cups by te http t co qyndmd8yb6
-1	rt sarkbetperdsu knight of cups meaning bukisa http t co omfqeogb0u
-1	knight of cups official trailer 1 2015 christian bale natalie portman http t co cybqqzdbqi
-1	rt prondeswildprem knight of cups emotions http t co 8eayxntkne
-1	trailer knight of cups met christian bale https t co o7glmzrwbe
-1	knight of cups present http t co 4g5xvvldmg
-1	rt neauxpe i just want to have as many favstar cups as the knight at the end of indiana jones and the last crusade
-1	rt payschotunpai knight of cups gemini http t co oz4kveccyo
-1	rt pernaleamen knight of cups and ace of cups http t co h009zve8re
-1	knight of cups interpretation http t co pbxxogflk4
-1	rt ropardeusa knight of cups reversed youtube http t co nsllq75fuu
-1	knight of cups 2015 trailer hd legendado http t co 9jsewfao7d
-1	knight of cups emotions http t co 8eayxntkne
-1	http t co s7j3mjqubn isles grab lead but cant match caps intensity to grab the win in game 2 lose 4 3
-1	knight of cups equal ounces http t co vxfr4gkhdu
-1	rt simakfan shomingekiblog notes on a masterpiece called knight of cups by te http t co qyndmd8yb6
-1	i added a video to a youtube playlist http t co 2ceerzrwf3 knight of cups official trailer 2015 christian bale natalie
-1	rt earthhtoalex i can t wait until knight of cups comes out in december
-1	isles were worn down this time by caps size were passive at times amp big guns fell sort tonight series tied 1 1 back 2 island on sunday
-1	isikins found footage movies because who needs a cinematographer solid pass i m just waiting on knight of cups at this point
-1	rt thescore video the islanders defenders expected nicklas backstrom to pass he scored http t co spmtlzxfwy http t co z8qwilvp48
-1	rt christriants the fourth line shouldn t be put on the ice with three minutes to play down a goal laughable
-1	isles getting outshot 35 19 w 5 minutes left
-1	knight of cups berlinale http t co nmaa752pdd
-1	rt jkreiser77nhl in case you were wondering isles are 29 13 in playoff ot but haven t won one since david volek s series winner in 1993
-1	rt myregularface gif chimera go ahead goal http t co dzejp69paa
-1	rt jkreiser77nhl shot attempts washcaps 78 isles 33 not always indicative but it is tonight caps dominating with size strength
-1	shomingekiblog notes on a masterpiece called knight of cups by te http t co qyndmd8yb6
-1	bend don t break isles
-1	rt stephenclorenzo this place was a library in the first period it s stupid loud right now
-1	i can t wait until knight of cups comes out in december
-1	backstrom walks in unmolested and ties the game at 3 3 worse possible time to come up short get this thing under control boys isles
-1	do not play defensively play your game isles attack
-1	rt islesfacebook editor s note now 75 of the comments are about the stick manufacturer and how they are rigged to hurt the isles
-1	constant caps surge they have played two good road periods though and still maintain the lead isles 2 2
-1	time expires with an 18 7 shots advantage for washington isles continue to battle but need to tighten up here to contain 1 2
-1	is it me or has the final two minutes of each of these periods been the longest of the the isles season
-1	huge save off an isles turnover halak comes up big on backstrom
-1	rt islesblogger all these broken sticks causing issues essentially free 5 on 4 s cappy takes a rare timeout isles
-1	okie 3 1 isles http t co dznamtkhuk
-1	caps buzzing gut check time isles
-1	rt myregularface gif alzner goal http t co pngdcenpxn
-1	breaking strome lee amp nelson are good isles
-1	rt myregularface gif strome goal 2 0 isles over caps http t co m7sfrsegrj
-1	see activating 2 0 isles http t co kzadmxucfs
-1	it is safe to say that strome is doing a good job activating tonight isles
-1	islesfacebook they have a solid point
-1	rt pernaleamen knight of cups and ace of cups http t co h009zve8re
-1	the islanders have the lead but need to step it up over the next two periods amp assert dominance isles
-1	check out my book tarot knight of cups backlash on bookbuzzr http t co nrq7mywlwd
-1	knight of cups reversed youtube http t co nsllq75fuu
-1	daveyjenkins knight of cups
-1	rt foidelitou knight of cups kinopoisk http t co hcwttqd26m
-1	rt myregularface halak adventures part 2 makes good save to bail himself out http t co 5xsgsuwm7u
-1	rt bigreddiva wish an electrical fence could be installed around halak s net that zaps him when he tried to leave
-1	rt eyeonhockey watch tim gleason finishes a thunderous check on the linesman http t co llwdfnqers http t co c761tpzp24
-1	halak plays puck behind net loses stick amp recovers in time to make save coaching staff needs to enforce adj to his handling puck isles
-1	rt myregularface gif clutterbuck goal http t co 9ymxugpxpi
-1	greenlanternjet what ever works
-1	clutterbucked 1 0 isles http t co 6vy3dmcjif
-1	rt scoutingtherefs team records with tonight s refs nyislanders 7 4 washcaps 8 3 http t co dyzmx3qiok wsh nyi caps isles i
-1	rt mikemigz16 nhlonnbcsports update she s at it again http t co g8qdmlyvsj
-1	rt flicfurrasib knight of cups clip http t co pptarm7olg
-1	rt stapenewsday another solid let s go islanders chant from the upper reaches of the verizon center
-1	rt nhlonnbcsports want a bracketbar send us your best fan photo using nhlfans and we might send you one http t co oy3t2ofvsw http
-1	rt bcomptonnhl grubauer can play nobody should think this is a gimme for the isles
-1	rt jillcsn was told holtby just arrived is assumed that he will travel w team to nyi capitalstalk
-1	rt yahoosportsnhl grubauer will be 8th goalie to make nhl postseason debut in these playoffs joining bishop darling dubnyk hammond
-1	rt stapenewsday this will be grubauer s playoff debut 21st career nhl game played for caps exactly once this season 2 6 beat ana 3 2
-1	rt thesoundtigers transaction the bst have signed forward ross johnston to an amateur tryout contract http t co bb8kvurbua
-1	rt wrhusports isles take on the capitals in game 2 of round 1 at 7 chris king dansavarino markweiner_ amp richdekorte have the call
-1	rt tionobartick knight of cups as outcome card http t co e7vraderzy
-1	teamcovenant ffgames love it thanks tc
-1	rt teamcovenant wave 7 starwarsxwing swca ffgames http t co 1cgiu4so8j
-1	rt inragenre knight of cups love future http t co aa9klhz5oi
-1	rt yahoosportsnhl nhl draft lottery odds buf 20 ari 13 5 edm 11 5 tor 9 5 car 8 5 nj 7 5 phi 6 5 cbj 6 sj 5 col 3 5 fla 3 da
-1	justchad1974 donlagreca strong
-1	rt wheelingprobs who s ready for game 2 http t co af5mzhb5xh
-1	rt poiskulorga knight of cups las vegas http t co jhp1epblv5
-1	michaelwillhoft ifibklyn somebody should sweep the leg
-1	watch knight of cups 2015 movie streaming online check out this url http t co 4lgpbkscgm
-1	knight of cups las vegas http t co jhp1epblv5
-1	rt clopiboriz knight of cups wiki http t co xzcm50a4er
-1	knight of cups fullmovie youtube http t co b5dsr24tft
-1	buislander knight_of_cups_ isles going to be soooo good the next 5 yrs nyc won t want them to leave brooklyn and they will be making
-1	buislander agree
-1	rt buislander 2 2 that they will likely somehow blame on wang ledecky and malkin
-1	rt buislander all this constant they could go back to nassau bullshit does is feed denial and set those in denial up for a really nasty
-1	knight of cups wiki http t co xzcm50a4er
-1	rt towndydefe knight of cups meaning in relationship http t co 0wbndwsqx3
-1	rt thnmattlarkin if it turns out braden holtby can t go philipp grubauer is a respectable stopgap good prospect has played well for he
-1	rt richdekorte strome on his called shot i guess when you call a hundred of them you get one isles
-1	the nyislanders will be ready for caps onslaught it s all about provingpeoplewrong isles secureanotherstripe http t co rkixh6euun
-1	game 2 will definitely be desperation push by caps washington down by 2 back to the coli would be a glorious atmosphere to behold isles
-1	rt 91butch do or die game for caps going into the coliseum down 2 would be huge task isles need to be ready for 1st period as caps will
-1	rt proteautype john tortorella in philly would be the flyersest thing in the history of flyerdom
-1	rt ghardingwgbb so isles fans we will be taking calls on sportstalk1240 sunday at 8 631 888 8811 wgbb on tunein app to listen live
-1	rt nhl will the nyislanders head home up 2 0 over the washcaps tonight http t co j1ctn9lopi wshvsnyi stanleycup http t co 5hq5b0
-1	rt richdekorte jaro on playoff hockey you never know when you re gonna get the same chance or with the same group of guys isles
-1	knight_of_cups_ yup love it
-1	battlelevel ckav101 islesfan_ben indeed i love the dirty looks feed off them like chicken wings
-1	knight of cups kinopoisk http t co hcwttqd26m
-1	rt sarkbetperdsu knight of cups meaning bukisa http t co omfqeogb0u
-1	finest9092 islesfan_ben knight_of_cups_ ahhh shit and you are nypd highway patrol i got some tickets lol
-1	rt finest9092 battlelevel islesfan_ben knight_of_cups_ white plains
-1	battlelevel islesfan_ben knight_of_cups_ white plains
-1	rt battlelevel wheres my fellow westchester isles fans at i know i got islesfan_ben knight_of_cups_
-1	rt ckav101 battlelevel islesfan_ben knight_of_cups_ i m in rockland is that close enough haha
-1	rt keohuckbo1988 knight of cups and page of cups http t co cuiegbwevc
-1	rt battlelevel wheres my fellow westchester isles fans at i know i got islesfan_ben knight_of_cups_
-1	ckav101 islesfan_ben knight_of_cups_ fuck yea all of is in these areas flooded with rag fans gotta stick together
-1	rt keohuckbo1988 knight of cups and page of cups http t co cuiegbwevc
-1	battlelevel islesfan_ben knight_of_cups_ i m in rockland is that close enough haha
-1	wheres my fellow westchester isles fans at i know i got islesfan_ben knight_of_cups_
-1	rt markpherrmann coach confirmed holtby will start
-1	rt thnmattlarkin craig berube fired another team becomes a suitor in what s shaping up to be a fascinating free agent coaching class
-1	rt markpherrmann backup goalie peters said he s been told holtby will play
-1	rt richjzman nhlrossy the day i met stapenewsday http t co nb1u5lq9ce
-1	rt alex_prewitt john carlson said he expects braden holtby to start tonight and didn t even want to comment on the possibility of grubau
-1	rt chuckgormleycsn two caps told me braden holtby under the weather but expect him to play 2nite capitalstalk
-1	rt richdekorte per jt strome called his goal said he would score off faceoff i think he was the only guy in the building that knew it
-1	rt toolsched it s game day siriusxmnhl nhlrossy expomick believe becauseitsthecup jerseyfriday islesroadwarriors isles http t
-1	rt stapenewsday capuano halak in goal no other updates me assume same skaters isles
-1	rt pernaleamen knight of cups and ace of cups http t co h009zve8re
-1	mrlichi knight of cups en un mot c est une transe
-1	rt inderweltsein i probably won t find a best way to describe knight of cups it s terrence malick s sayat nova aka the color of pomegr
-1	i probably won t find a best way to describe knight of cups it s terrence malick s sayat nova aka the color of pomegranates
-1	connyankee_79 nhlrossy 4isles4life we need a round 2 meeting
-1	rt tomliodice ah playoff hockey when an ahl recall can completely buckle the knees of a fan base becauseitsthecup
-1	rt stapenewsday caps recall g phillipp grubauer not sure what that means but probably nothing good for wash
-1	rt flicfurrasib knight of cups clip http t co pptarm7olg
-1	berlinale 2015 http t co wry4d8eptg german review on knight of cups by terrence malick
-1	rt flicfurrasib knight of cups clip http t co pptarm7olg
-1	broadgreen is there a release date for knight of cups yet cannot wait
-1	yes knight of cups 2015 trailer 1 imdb http t co uzrvirtw3p
-1	rt tionobartick knight of cups as outcome card http t co e7vraderzy
-1	rt mbernisles17 my sister rocking original billy harris nhlrossy expomick 43years http t co nvhpdefmy9
-1	rt rmaher07 nhlrossy expomick going with the stadium isles today http t co pw6iq5ibrw
-1	knight of cups natalie portman http t co ji1jz65rxz
-1	knight of cups meaning in relationship http t co 0wbndwsqx3
-1	knight of cups and page of cups http t co cuiegbwevc
-1	shomingekiblog notes on a masterpiece called knight of cups by te http t co qyndmd8yb6
-1	nhlrossy it s game 2 for the isles so let s stick to tradition and go with the best jerseyfriday http t co kgztlglsai
-1	rt ehornick isles look for 2 0 lead vs caps friday isles have led series 2 0 16x 13x in best 7 and won 15 tor 78 but not since
-1	rt pernaleamen knight of cups and ace of cups http t co h009zve8re
-1	neuer trailer knight of cups http t co k1i0j2ptt0
-1	rt payschotunpai knight of cups gemini http t co oz4kveccyo
-1	knight of cups official trailer 1 http t co pjdjhs8dyk
-1	card of the day knight of cups paulina tarot whenever you see a knight change and movement are on the http t co 3cnjibv2gd
-1	knight of cups guy http t co poumwfrfog
-1	knight of cups clip http t co pptarm7olg
-1	rt ijixeloti knight of cups berlin review http t co rv3i9ylykf
-1	rt payschotunpai knight of cups gemini http t co oz4kveccyo
-1	rt joethistel i m glad sid won his cup cause his team isnt set up to win again 1st rounder for perron stuff like that amp mediocre talent
-1	rt puesapatzce knight of cups espresso http t co hr6gcahgqm
-1	isleschick knight_of_cups_ what they are really saying is potvins cups
-1	knight of cups as outcome card http t co e7vraderzy
-1	check out my book tarot knight of cups backlash on bookbuzzr http t co nrq7mywlwd
-1	sobre la marcha terrence malick y knight of cups http t co srysfwlajs http t co okp9wpmzr0
-1	rt sarkbetperdsu knight of cups meaning bukisa http t co omfqeogb0u
-1	rt theresa_lauren i love how all our reactions to the star wars trailer are those of a cautious feral animal who fears human touch yet
-1	rt leinessneni knight of cups itunes http t co 8wvegucnrp
-1	knight of cups official trailer 1 2015 christian http t co 96fuljvkp0
-1	knight of cups
-1	knight_of_cups_ bcomptonnhl for a second i thought that was a pk subban joke
-1	rt ccmhockey last night strome18 scored his first stanleycup playoff goal in his first stanley cup playoff game madeofhockey http
-1	rt pernaleamen knight of cups and ace of cups http t co h009zve8re
-1	rt puesapatzce knight of cups espresso http t co hr6gcahgqm
-1	knight of cups us distribution http t co jts4wojnqv
-1	rt inragenre knight of cups love future http t co aa9klhz5oi
-1	rt rtfischlerhky source grabovski very close to returning possibly game 3 or 4 isles
-1	rt markpherrmann more niskanen we think it s going to be a long series if we respond in the right way
-1	rt markpherrmann caps matt niskanen they were a lot better that sounds simple but they played a lot better than we did
-1	rt snfonnbc breaking the nfl has announced that adrian peterson will be reinstated effective tomorrow
-1	rt stephenclorenzo tavares said strome called his goal last night isles
-1	rt fansauthentic isles bookert2116 turns 27 today happy birthday check out his autograph collection http t co fzie4djhod http
-1	rt nhlonnbcsports which team will win it all stanleycup https t co m1t9bqyjti
-1	rt tazman19 only the isles lol https t co kzk0m7czmk
-1	rt nbcsports strong island the islanders shake off a recent slump to dominate the caps in game 1 http t co fsc11f71w4 http t co ewky
-1	rt bilgeebiri best trailers ranked 1 mad max fury road 2 knight of cups 3 godfather iii 4 all the fake star wars trailers people a
-1	knight of cups looks fucking good definitely watching it when it comes out
-1	best trailers ranked 1 mad max fury road 2 knight of cups 3 godfather iii 4 all the fake star wars trailers people are posting now
-1	best trailers ranked 1 mad max fury road 2 knight of cups 3 godfather iii 4 all the fake star wars trailers people are posting now
-1	rt puesapatzce knight of cups love meaning http t co oev49vjeew
-1	knight of cups queen of pentacles http t co qclnsdonec
-1	rt ijixeloti knight of cups berlin review http t co rv3i9ylykf
-1	rt uniwatch blues will be giving fans david backes jersey rally towels at their first playoff game http t co exqgexhx5v
-1	rt leinessneni knight of cups itunes http t co 8wvegucnrp
-1	rt pernaleamen knight of cups and ace of cups http t co h009zve8re
-1	knight of cups quando esce http t co xxkdkvoghv
-1	rt leinessneni knight of cups itunes http t co 8wvegucnrp
-1	rt damospin ryan strome 1st career p o goal last nite dylan wins ohl scoring title matthew gets gwg in ohl cup what a year for this ho
-1	rt fansauthentic the isles captured a 1 0 series lead over the caps w strong play from their young stars including strome18 http t
-1	rt filminquiry knight of cups trailer http t co yzuyczmwq2
-1	ifibklyn knight_of_cups_ it s okie s birthday happy birthday bookert2116
-1	rt matchcolldito knight of cups grammar http t co ahpedrjtrr
-1	i forgot to mention how well bookert2116 played last night in my article oh and hbd isles
-1	kudos to the music choices in d c last night w pantera ozzy amp king diamond that i know of strong indeed isles
-1	rt riz2525 newsday back cover isles http t co bjfaoxoilb
-1	knight of cups thoth http t co 71to9stfvp
-1	rt leinessneni knight of cups itunes http t co 8wvegucnrp
-1	rt pernaleamen knight of cups and ace of cups http t co h009zve8re
-1	so how did your night go isles http t co zvwewrr7cm
-1	rt nhl 1st stanleycup playoff game 1st stanleycup playoff game winning goal http t co yrddskd6s5
-1	rt tsnbobmckenzie this is monaghan s sports pub in oakville ont where j t s family friends gather to watch nice assist for tavares h
-1	rt daboych stapenewsday found this quote from jb getting his head into the game the boychuk is coming nyislanders isles rt http t
-1	rt puesapatzce knight of cups love meaning http t co oev49vjeew
-1	do we think knight of cups is going or no
-1	hyerisbae ugh i think knight of cups will prob be there so yeah she prob will
-1	rt leinessneni knight of cups itunes http t co 8wvegucnrp
-1	tfw when u wake up to that other malick film that isn t knight of cups announced for cannes2015
-1	i liked a youtube video http t co r5piubd2zc knight of cups official trailer 1 2015 christian bale natalie portman movie hd
-1	knight of cups poster http t co amfixds8md
-1	knight of cups 2015 fullmovie youtube http t co yafu3n3hmn
-1	rt puesapatzce knight of cups love meaning http t co oev49vjeew
-1	knight of cups fullmovie youtube http t co v2uaayjsp1
-1	rt stalaspecas knight of cups vs oz http t co nrfi6dr5zj
-1	rt puesapatzce knight of cups espresso http t co hr6gcahgqm
-1	rt inragenre knight of cups love future http t co aa9klhz5oi
-1	rt stalaspecas knight of cups vs oz http t co nrfi6dr5zj
-1	rt aricelmen knight of cups hollywood reporter http t co vxtcofv1cx
-1	knight of cups and queen of cups http t co qojfsou916
-1	knight of cups f u l l m o v i e http t co s3af4jyqir via youtube
-1	patrickcdevitt cj_prin so soon after knight of cups at berlin methinks it ll go to a fall fest who knows what broad green has planned
-1	rt sheliloquy for thebase16 and hawtkoffee s marvellous tarota collab batrider as the knight of cups dota2 http t co m15mtqjatd
-1	rt matchcolldito knight of cups grammar http t co ahpedrjtrr
-1	http t co lz4gz6io7c isles outplay caps to a 4 1 win in game 1 recapture home ice advantage behind brock amp the guys
-1	rt puesapatzce knight of cups love meaning http t co oev49vjeew
-1	knight_of_cups_ congrats on game 1
-1	rt nhl final nyislanders 4 washcaps 1 recap http t co 41tfivciiw nyi lead 1 0 wshvsnyi stanleycup http t co ueyhndkedt
-1	rt stapenewsday tonight was 16th time isles have allowed a goal in the final minute of a period minus eng 9 4 2 in those games did i
-1	hdumpty39 capuano had a good game plan and should be recognized for it isles
-1	rt hdumpty39 how this isles team played in game 1 is a testament to the leadership and belief of the players and coaches in that locker r
-1	dfriedmanonnyi sometimes you are actually funny sometimes
-1	brock nelson is my capslock grail knight of the game isles http t co j6bonxbf6e
-1	brock 4 1 isles http t co 3ftaxjojkg
-1	king diamond solidtunes
-1	knight_of_cups_ outside of the munsters banjo theme not bad verizon center ipod
-1	knight of cups berlin review http t co rv3i9ylykf
-1	stapenewsday and pantera earlier in the game nice
-1	islanders doing a great job off turnovers and crashing the caps zome to generate pressure isles
-1	the islanders go to the pk and do a good job making saves blocking shots and clearing the zone to kill off man advantage for washington
-1	shomingekiblog notes on a masterpiece called knight of cups by te http t co qyndmd8yb6
-1	rt sheliloquy for thebase16 and hawtkoffee s marvellous tarota collab batrider as the knight of cups dota2 http t co m15mtqjatd
-1	for thebase16 and hawtkoffee s marvellous tarota collab batrider as the knight of cups dota2 http t co m15mtqjatd
-1	you know what i mean gt
-1	time for to open a isles http t co ad8nltaaeu
-1	rt ccmhockey strome18 off the draw in the net ribcor madeofhockey https t co aqvquwnbt1
-1	bdgallof from the nyisleshardcore tailgate
-1	rt nhl face off finisher wshvsnyi https t co kwtjv7vw3v
-1	rt hockeygoalieeh the islanders were outshot by 12 in the first eight minutes of their 3 1 lead scoring chances were nine to two isl
-1	islesfacebook he can never get a break from the fans when he falls short he sucks and when he succeeds he is lucky bailey isles
-1	by the way dale hunter is gutless stay classy isles
-1	rt thesoundtigers strome and nelson scoring it feels like 2013 all over again isles
-1	the islanders are starting to create confusion for washington exactly what they need to do isles
-1	3 1 bailey isles http t co 6qrlfjcjtm
-1	n0her0es right i get this subdued slow head bang thing going
-1	knight_of_cups_ anders lee don t bother know what your thinking but he is great
-1	knight_of_cups_ not gonna lie was grooving on my couch
-1	strong music choice in maryland pantera walk isles
-1	hdumpty39 he has looked out of sorts from the start i ll take it
-1	several players answering the grit bell tonight love it isles
-1	writeonsteph holtby especially but i am ok with it
-1	pk upcoming isles
-1	strome with a 2 1 lead for the isles
-1	knight of cups love future http t co aa9klhz5oi
-1	knight_of_cups_ plays better in playoffs
-1	holtby looks shaky imo pepperhim isles
-1	strait is throwin mitts tonight give it up to him isles
-1	knight_of_cups_ islesblogger and they complain about the coliseum hard camera
-1	islesblogger especially on the bottom of the shot
-1	knight of cups hollywood reporter http t co vxtcofv1cx
-1	rt jkluber knight_of_cups_ halak is officially on a short leash unacceptable again
-1	knight_of_cups_ halak is officially on a short leash unacceptable again
-1	which isles player gets your vote http t co dzibpn27b3
-1	brought the caps and the fans right back into this game could be a major mistake game tied at 1 1 isles
-1	another goal surrendered late in the period after playing hard physical amp quality defense while controlling play late in 1st isles
-1	check out my book tarot knight of cups backlash on bookbuzzr http t co nrq7mywlwd
-1	another goal surrendered in the final minute of a period of a halak turnover game tied at 1 1 isles
-1	rt myregularface gif sweet own goal by markov http t co wmbk6rjlzf
-1	rt pr_nhl new in post cameras captured the 1st goal of 2015 stanleycup playoffs scored by nyislanders bnelson wshvsnyi http t co
-1	expomick i ll take it isles http t co ltpjcpesag
-1	great work by nelson but that was definitely one holtby wants back hopefully he keeps playing like this isles
-1	rt myregularface gif brock nelson goal http t co tsgw5tcej4
-1	that s one for the islanders speed amp transition game isles
-1	brock a nator 1 0 isles
-1	knight_of_cups_ knocking chimera on his ass proper
-1	love de hanns grit there solid isles
-1	klokkanelva no the mics were up way too high
-1	knight_of_cups_ so it s just not me then
-1	holy bad audio batman
-1	lets do this isles http t co pjphfhsbk2
-1	rt hockeygoalieeh isles at caps stanley cup playoff game 1 thread http t co hvo88p96c1 http t co oassoduj8g
-1	rt handedajeffrey those hoodies are pretty sweet http t co yuuyxy5hcm
-1	rt stapenewsday kennedy on for the bag skate with boulton mcdonald donovan and grabovski grabner s in tonight isles
-1	pre isles game ritual go http t co kaadnaxbog
-1	rt chuckgormleycsn these are where the nhl s new goal post cams are located read more at http t co zzzeonsd1c http t co mr08qz3d9e
-1	ifibklyn bigreddiva it on firstbloodhasbeendrawn
-1	video knight of cups official trailer 1 2015 christian bale natalie port http t co 9lspbepyyx
-1	knight of cups with tez_palmer christian bale natalie portman cate blanchett wes bentley teresa palmer is a ninja she s everywhere
-1	knight of cups itunes http t co 8wvegucnrp
-1	rt csncapitals capitals share secret to stopping tavares http t co sdj8h6dvmg capitalstalk http t co cok2cvwy34
-1	rt scoutingtherefs team records with tonight s refs nyislanders 4 5 washcaps 9 4 http t co 6wwv5obof0 islanders capitals isl
-1	rt yahoosportsnhl starting playoff goalies in east nhl playoff games fleury 93 lundqvist 92 price 42 halak 23 holtby 21 bishop 0
-1	knight of cups present http t co 5ldjbhkfew
-1	rt yahoosportsnhl probable starting goalies tonight ott mtl hammond vs price nyi wsh halak vs holtby nsh chi rinne vs crawford cgy
-1	rt ccmhockey made of yesyesyes madeofhockey http t co u5yabdx4gd
-1	rt tarotcom our tarot card of the moment is the knight of cups love and creativity are at their peak http t co cwv94khfsl
-1	rt tarotcom our tarot card of the moment is the knight of cups love and creativity are at their peak http t co tchf1unjfj
-1	knight of cups love riding the tiger http t co kxvt1kqavt
-1	what s it like to be dating the uber romantic knight of cups http t co lq1acbnsgk tarot humor
-1	what s it like to be dating the uber romantic knight of cups http t co 8rout5tcqo tarot humor
-1	rt stevezipay rick nash has flu sheppard skating in his spot
-1	rt nhl now things get serious last chance to play the nhlbracketchallenge by samsungcanada http t co rlmkxjksox http t co 2l6
-1	knight of cups tarot card meaning http t co tbk5cp2bbl
-1	rt compreemimen knight of cups berlin http t co r3610mvvxi
-1	knight of cups and ace of cups http t co h009zve8re
-1	rt tarotcom our tarot card of the moment is the knight of cups love and creativity are at their peak http t co cwv94khfsl
-1	wyshynski murphyslaw74 if the bruins hire milbury i ll go into mourning for bruins fans amp promise to never bust their balls knowthepain
-1	rt wyshynski i hear he s a shoe in https t co 5zvdf4du2l
-1	rt islesfacebook skate hard and don t listen to cappy or weight
-1	rt cultureoflosing former isles head coach good for him https t co wvrrbnt2ee
-1	rt tarotcom our tarot card of the moment is the knight of cups love and creativity are at their peak http t co tchf1unjfj
-1	rt stalaspecas knight of cups vs oz http t co nrfi6dr5zj
-1	rt tarotcom our tarot card of the moment is the knight of cups love and creativity are at their peak http t co efwljzun8l
-1	rt tarotcom our tarot card of the moment is the knight of cups love and creativity are at their peak http t co tchf1unjfj
-1	entertainment http t co tnfpkcmvnf
-1	rt stapenewsday by the way guys who are playing usually don t take am skate scratches do in case there was confusion my guess is grab
-1	rt bdgallof for jack capauno and coaching staff it better pay off lol isles
-1	rt bdgallof if you look the players the isles rested standings be damned last leg of the season you see a possible long play that migh
-1	rt schultz88 can t wait till capuano puts in mcdonald boulton and strait for game seven
-1	rt stapenewsday kennedy on for skate grabner is not hmmmm
-1	rt stapenewsday isles optional am skate underway in annapolis handful of regulars scratches on ice no hamonic
-1	rt nhl today is the day the day is today let the 2015 stanleycup playoffs begin http t co gkgx1pvqla
-1	tarot of the day knight of cups a romantic encounter a flirt don t miss the opportunity listen to your intuition http t co tlidsjpyow
-1	tarot of the day knight of cups a romantic encounter a flirt don t miss the opportunity listen to your intuition http t co dysispeogs
-1	showmeyourislescolors for today s playoff game here are mine isles http t co bxho7n3lqt
-1	mahmoudrokia1 knight of cups
-1	rt buccigross islanders worst team goals against average of the 16 playoff teams 2 68 capitals 1st in nhl in power play percentage
-1	knight of cups espresso http t co hr6gcahgqm
-1	rt islessnipe islesnews today we stay away from the left side of the keyboard capslock nocaps
-1	rt islesfacebook is it definite are they moving to brooklyn for sure my friend works at the carvel in the lobby and he thinks they may
-1	rt swedishislander today we tweet like this nocaps isles
-1	shomingekiblog notes on a masterpiece called knight of cups by te http t co qyndmd8yb6
-1	knight of cups filming in las vegas http t co fy0ytnltw8
-1	what do you look forward to most this year mofucking knight of cups mofucker http t co z18euajeqk
-1	knight of cups love meaning http t co oev49vjeew
-1	i liked a youtube video http t co aawal5nivd knight of cups official trailer 1 2015 christian bale natalie portman movie hd
-1	knight of cups vancouver http t co 18jguvs82c
-1	knight of cups vs oz http t co nrfi6dr5zj
-1	rt randimarshall here s our story on today s coliseum news isles iftheybuildit hope http t co pvbarbzezt with brodskyrobert
-1	knight of cups berlin http t co r3610mvvxi
-1	knight_of_cups_ he was my favorite player that year by far criminally underrated
-1	the real season starts tomorrow islebethere isles http t co civavzwhve
-1	knight of cups grammar http t co ahpedrjtrr
-1	rt nhlnetwork fortneverlose the nyislanders and nassau coliseum will replay this sunday at 3 et following game 3 of nyivswsh
-1	rt nhlonnbcsports by this time tomorrow the stanleycup playoffs will be underway http t co orynbyaifz
-1	fortneverlose on nhlnetwork was the best isles based program i have ever seen thank you nyislanders
-1	hockeygoalieeh dude i said the same thing he was so happy there and it made me sad
-1	check out my book tarot knight of cups backlash on bookbuzzr http t co nrq7mywlwd
-1	rt siriusxmnhl devan dubnyk also wins the butch goring trophy for best nhl pick up espoawards http t co svoborumoo
-1	michaelalexy grabs40 nyislanders judge_kevin great stuff
-1	rt michaelalexy check out my story as an german islanders hardcore fan http t co puthl52dcq grabs40 nyislanders judge_kevin http
-1	rt dfriedmanonnyi the whole reason why isles went out and traded for boychuk and leddy was to have the depth to withstand something like
-1	i have to see knight of cups now http t co 7rxbqctplu
-1	knight_of_cups_ shannon_hogan nyisleshardcore leeberr09 weloveshannonwedoooooo
-1	shannon_hogan w nyisleshardcore tailgate even better that leeberr09 name tag shot isles classic chiclets91 http t co hojwabenuj
-1	rt jbuono611 press release on ratner submitting plan to renovate nassau coliseum not much detail isles http t co agjkqjbztl
-1	rt nhlonnbcsports how are you getting ready for the stanleycup playoffs http t co o4mn8zcfey
-1	rt kfcbarstool here are all the details you need for barstool islanders playoff game watches mulcahyspub http t co pgwxkicrvn http
-1	rt masubcsancpe de que trata knight of cups http t co iqnh2tnqzl
-1	knight of cups nominee the don lafontane award http t co 9xiaa3spsa
-1	rt gothamsn which new york hockey team do you think goes further in the playoffs rt for the isles fav for the nyrangers http t co 09
-1	rt isleschick god capuano really frustrates me i don t care about quotes it s just his coaching makes me angry like this isles http
-1	knight of cups reversed how someone sees you http t co jfjkkvzjpm
-1	yo necesitar ver knight of cups official trailer 1 2015 christian bale natalie port https t co 4iufzavjrq via youtube
-1	greenlanternjet and dale hunter
-1	rt greenlanternjet and if all those making predictions were doing their homework which they havent been they d know isles pk is best i
-1	rt greenlanternjet this is the fourth least penalized team in the nhl and one of the top offensive teams in the nhl tell me how that mat
-1	rt kristerpmuro knight of cups royal road http t co n6dolo6gca
-1	rt albaneselaura cizikas said he feels fine i m ready
-1	rt stapenewsday capuano on hamonic it s undisclosed and there s no timetable when there is i ll let you know
-1	rt eyeonhockey islanders d travis hamonic out indefinitely with undisclosed injury http t co 6g44z8mh14 http t co qyfaygqm3v
-1	rt senators the entire ottawa senators organization sends its deepest condolences to the reeds family rest in peace mark
-1	rt rtfischlerhky capuano said it could be realistic that grabovski plays in the series isles
-1	rt stapenewsday calvin de haan on being back in lineup it s unfortunate travis won t be here for the start of the series but it s an o
-1	rt riz2525 casey stern on war room says cappy is not the right coach to lead the isles to brooklyn i couldn t agree more
-1	knight of cups southpaw mad max sicario the revenant movies to look forward to this year
-1	rt inderweltsein positif s first take on knight of cups http t co agm52c2tem
-1	rt rtfischlerhky isles practice underway cizikas is on so is nielsen grabovski back in 5th line jersey http t co cxcjjpbxwp
-1	knight of cups daily card http t co ti25xfvp5h
-1	rt inderweltsein positif s first take on knight of cups http t co agm52c2tem
-1	positif s first take on knight of cups http t co agm52c2tem
-1	rt ca_nyhockey master plans for coliseum renovation to be submitted on tuesday http t co x07sftfglc isles
-1	rt nyislanders the isles quest for the stanley cup begins in washington d c on wednesday series preview http t co pxrpbuscje http
-1	rt nhlrossy sorry to hear about passing of senators assistant coach mark reeds earlier this morning at age 55 condolences to his famil
-1	de que trata knight of cups http t co iqnh2tnqzl
-1	shomingekiblog notes on a masterpiece called knight of cups by te http t co qyndmd8yb6
-1	rt usflatesju knight of cups uscita italia http t co axt3i4mzuk
-1	knight of cups obstacle http t co 2m7fqsopdd
-1	knight of cups film http t co zal4vkzsxy
-1	knight of cups full movie play now http t co kv0am3wvq2 more movie http t co lzobskkm4l click the link
-1	knight of cups royal road http t co n6dolo6gca
-1	batman midlife crisis knight of cups official trailer 1 2015 christian bale natalie port https t co nrwststojm
-1	knight of cups http t co dvc7degne5
-1	natalie in knight of cups http t co ftypnxlpkq
-1	rt leinessneni knight of cups outcome card http t co cl2dlerupq
-1	check out my book tarot knight of cups backlash on bookbuzzr http t co nrq7mywlwd
-1	rt properprobner knight of cups los angeles http t co ryuudbkwv4
-1	rt amuller65 bdgallof tazman19 alanhahn please help support the christopher ricardo cf foundation http t co qbgr0tpmiq http t co
-1	knight of cups full movie youtube http t co ocmtfgumrd
-1	http t co nitxqveqnr my koc isles 2015 playoff preview vs washington capitals
-1	knight of cups full movie youtube http t co s6fz8mfveu
-1	rt mikeheika jamie benn will have hip surgery soon with 4 5 month recovery but should be ready for training camp dallasnews http
-1	rt slogtorhouper knight of cups outcome card love reading http t co pl9qqzp8ri
-1	rt yahoosportsnhl nhl goals per game bolts 3 16 stars 3 13 rangers 3 02 isles 2 99 blues 2 92 caps 2 89 flames 2 89 canucks 2 88 sen
-1	rt nhlonnbcsports don t miss a moment stanleycup cc nyislanders http t co s4rhb9jqa5
-1	knight of cups filming with in los angeles ca 360p https t co hvnhifnmic via youtube
-1	knight of cups uscita italia http t co axt3i4mzuk
-1	knight of cups official trailer 1 2015 christian bale natalie port https t co d73pmsjkho via youtube
-1	rt nhlnetwork that night was my night trottier fortneverlose the nyislanders and nassau coliseum premieres tomorrow 7 et https
-1	knight of cups is supposed 2 b in the malls by now
-1	shomingekiblog notes on a masterpiece called knight of cups by te http t co qyndmd8yb6 still in my system hoping for a release soon
-1	photo 4 13 15 tarot dailytarot the knight of cups is the bringer of all things loving while he may http t co dcon7ynly3
-1	photo 4 13 15 tarot dailytarot the knight of cups is the bringer of all things loving while he may http t co 0fooemhvtw
-1	knight of cups outcome card love reading http t co pl9qqzp8ri
-1	knight of cups kickass http t co d3nvdelhjz
-1	photo today s tarot 3 of cups knight of pentacles work hard play hard or perhaps play hard work http t co mip8uko9ve
-1	in order of anticipation 1 star wars 2 creed 3 terminator genisys 133 paul blart mall cop 2 134 knight of cups
-1	rt goalieways 30 teams become 16 http t co hkezawip6w
-1	rt nhl the way fans supported us this year and filled up the coliseum it s been really special http t co ayo4xjmurm http t co goy
-1	rt stapenewsday isles are bringing griffin reinhart up will be on ice tomorrow for practice
-1	rt nhl washcaps amp nyislanders are set for their first series in 22 years http t co 4sbag3apzt wshvsnyi http t co hhm7hq2qol
-1	rt nhl it s time http t co k59ok6pupz
-1	rt neauxpe i just want to have as many favstar cups as the knight at the end of indiana jones and the last crusade
-1	knight of cups nine of cups http t co qhdak4pqob
-1	rt woeconchafee knight of cups and knight of swords http t co ffcrmzcs0x
-1	knight of cups guidance http t co 1iilrzmf66
-1	knight of cups outcome card http t co cl2dlerupq
-1	rt properprobner knight of cups los angeles http t co ryuudbkwv4
-1	rt properprobner knight of cups los angeles http t co ryuudbkwv4
-1	2014 15 1 chappie 2 it follows 3 li l quinquin 4 duke of burgundy 5 mr turner 6 the tribe 7 journey to the west 8 farocki 9 knight of cups
-1	gladys knight amp the pips the ultimate collection by gladys knight amp the pips https t co zsvdycbnxg http t co 7het4ik6om
-1	knight of cups and knight of swords http t co ffcrmzcs0x
-1	knight of cups full movie watch now http t co 1ezrpvsbkr http t co ztm7zlwkbc
-1	knight of cups streaming movie youtube http t co 2noerc0l2d
-1	_dandoherty23 i hated the knight of cups trailer so idk about that
-1	1984starscream i m thinking mine will be too or maybe knight of cups shoutout to malick
-1	knight of cups equal a quart http t co w3v3mgyfbm
-1	rt slopgeluto knight of cups official trailer http t co moi7qoyf4b
-1	check out my book tarot knight of cups backlash on bookbuzzr http t co nrq7mywlwd
-1	rt comreiportde knight of cups hd trailer http t co zg1ajaonuc
-1	knight of cups hd trailer http t co zg1ajaonuc
-1	knight of cups lonely http t co jw6e4svgmw
-1	rt properprobner knight of cups los angeles http t co ryuudbkwv4
-1	knight of cups los angeles http t co ryuudbkwv4
-1	knight of cups full movie youtube http t co p2gixpwawk
-1	knight of cups full movie youtube http t co ol0xbv40i2
-1	card of the week knight of cups http t co lhfmodgump
-1	card of the week knight of cups http t co lhfmodyvkz http t co nzzv5iabuh
-1	knight of cups full movie english version 2015 http t co tij5byblbz
-1	knight of cups joel kinnaman http t co zm3fhz75xc
-1	knight of cups full movie youtube http t co 6wipwvgguy
-1	rt goalieways well this is awkward http t co v5sx1wiqyd
-1	rt omgitsdomi washington capitals vs new york islanders odds http t co wxxrtknjqd
-1	knight of cups full movie youtube http t co sxpuxb0irg
-1	free daily tarotscope apr 12 2015 knight of cups astrology http t co fjurqjytnz
-1	rt eyeonhockey nhl draft lottery to be conducted saturday odds set http t co bqtnn4joc9 http t co wm51pxklv9
-1	rt cornvefenvi knight of cups neogaf http t co mmopbie6bi
-1	bigreddiva coolest part is finding out who really does
-1	knight of cups official trailer http t co evbqccqeoe
-1	rt goalieways public service announcement because it s playoffs http t co hpymfd7a0w
-1	rt inside_lacrosse happy mll_lacrosse opening day http t co vhhhxfm4wq http t co baulkj0wfh
-1	rt stapenewsday isles and nyr playing on alternate nights should allow time for some quality hate watching from both fan bases
-1	shomingekiblog notes on a masterpiece called knight of cups by te http t co qyndmd8yb6
-1	knight of cups full movie youtube http t co pic9g2jhqw
-1	knight of cups official trailer http t co moi7qoyf4b
-1	knight of cups trailer music http t co qjr3rlblnp
-1	rt nhl sixteen teams four rounds one stanleycup first round schedule http t co er7ylntlam http t co ngn97bvkd1
-1	rt nhl the end of an era on long island http t co jmvip6rlso
-1	knight of cups screencaps http t co 7e2fm9yjmi
-1	free daily tarotscope apr 12 2015 knight of cups http t co p6fulq6l9w
-1	knight of cups full movie youtube http t co tpneia20vl
-1	free daily tarotscope apr 12 2015 knight of cups astrology http t co yuhvouli5u
-1	rt ovorsenwi knight of cups reversed psychic revelation http t co hrjcufili7
-1	knight of cups full movie youtube http t co kler94dvws
-1	free daily tarotscope apr 12 2015 knight of cups mars sextiles neptune today and brings with http t co qeqyc2rnlk
-1	rt enolexir knight of cups crystal reflections http t co jglipledac
-1	knight of cups full movie youtube http t co exwrj8llbv
-1	rt shawnswanky trailer for the new terrence malick movie knight of cups http t co nresz5lgkr
-1	rt joethistel doesn t matter the totals were low that was one helluva scoring race with last second heroics feel bad for tavaras thou
-1	knight of cups full movie youtube http t co yb2yna2c3t
-1	http t co deoi1hnkdn isles dig deep but lose 5 4 s o to the cbj for the regular season finale at the coliseum
-1	knight of cups full movie youtube http t co qcevu99vza
-1	knight of cups full movie youtube http t co bh5lmmj3o4
-1	rt nhl jamiebenn14 earned four points including two in the last 2 05 to take over the scoring lead http t co kl3uc6tsrd
-1	rt nhl benn gets an assist with 8 5 seconds left to take the scoring lead
-1	look country music w o sippy cups and strawberry wine chris knight heart of stone https t co nhpdygazxz via youtube
-1	halak barely stops johansen the puck wasn t fully over the line
-1	shootout j t scores
-1	shootout isles
-1	rt yahoosportsnhl your 16 nhl playoff teams east nyr mtl tb wsh nyi det pit ott west ana stl nsh chi min van cgy wpg
-1	rt friedgehnic pit wins 2 0 eliminates bos will face nyr
-1	4 4 to o t good news is a second point in ot or the shootout will still clinch home ice for the isles
-1	kulemin 4 3 isles and another point for jt
-1	rt nhl scoring race update john tavares g 85 pts jamie benn 2g 85 pts sidney crosby 84 pts
-1	can make this up some odd luck for columbus 3 3 isles
-1	puck deflects in for columbus from an odd angle 3 2 game isles
-1	rt judge_kevin we want home ice we want home ice we want home ice we want home ice we want home ice we want home ice
-1	eric boulton that is all 2 1 isles
-1	rt nhlhistorygirl on this date in 1975 isles won their first playoff series in team history beating nyr on a j p parise ot goal
-1	7thwoman megaburp i will use this for tonight s article joe very cool
-1	rt gameofthrones 24 hours gotseason5 http t co oyt0qnqjdr
-1	rt nyislanders the view from the ice amp up above of al arbour s family taking part in a ceremonial puck drop before the game isles http
-1	rt megaburp last regular home game ever at the nvmc isles http t co hatfj66c0b
-1	kennedy mugged no call isles
-1	special teams factoid no shots on the pp no goals isles
-1	rt nhl scoring race update jamie benn 2g 85 pts john tavares 84 pts sidney crosby 84 pts
-1	rt brettcyrgalis i can tell you this john tavares sure looks like he wants both home ice advantage and the scoring crown
-1	just ice the puck breakaways don t work isles
-1	isles need to stop taking these lazy penalties
-1	how do you try and write your blog isles http t co ktkyfr69ii
-1	check out my book tarot knight of cups backlash on bookbuzzr http t co nrq7mywlwd
-1	another late goal surrendered by new york 1 0 columbus isles
-1	myregularface knight_of_cups_ asshole
-1	hartnell is amazing cheap shots jt again isles to the pp
-1	rt myregularface gif forgot to post this before the gifs of jack johnson in the penalty box http t co yyoqffdqsg
-1	fly in trevor gillies now isles
-1	rt tenemasni knight of cups vs grams http t co rizqillg72
-1	cizikas waiting to comeback to bench
-1	johnson jacks cizikas from behind boulton comes to his aid dubinsky gets hit in the face by his own guys and somehow boulton gets ex 2
-1	quiero ver knight of cups
-1	rt proteautype classy of isles to have al arbour s wife and kids drop the ceremonial first puck for nassau coliseum s final regular seaso
-1	knight of cups full movie youtube http t co bmyrve5enr
-1	jt91thefuture it up isles country http t co wmqwnzirh0
-1	rt nhl it s time for one last regular season game at nassau veterans memorial coliseum http t co 8rfayzinlc
-1	knight of cups full movie youtube http t co rretgbibxm
-1	rt greenlanternjet if you re not watching msg plus right now you re an idiot isles
-1	i m a 44 year old man and i m tearing up watching these highlights i love this team bleedorangeandblue isles
-1	rt nyislanders the isles are throwing it back to 1972 with orange numbers tonight http t co ne2hivufbx
-1	love those throwbacks takemymoney isles
-1	freedehaan in for hamonic isles
-1	rt ehornick the isles do have a surprise or two in store tonight and there are players from all eras in the crowd as well
-1	knight of cups full movie youtube http t co 7xrtvuydvz
-1	rt specgico1986 knight of cups in tarot cards http t co dbek4gva9y
-1	knight_of_cups well they always have bagpipes at a funeral right
-1	knight of cups full movie youtube http t co cxw8ppawgs
-1	rt jkreiser77nhl isles not announcing lineup changes though there are sure to be some neuvirth injured this morning kevin poulin come
-1	rt islesfacebook papa john schnatter is the kind of guy who would hang out with kate murray i wouldn t support his company under any cir
-1	rt specgico1986 knight of cups in tarot cards http t co dbek4gva9y
-1	knight of cups neogaf http t co mmopbie6bi
-1	stapenewsday as it should be
-1	rt craigjbutton missing nhl playoffs moves focus to future nhlflames nyislanders vancanucks nhljets senators bottom 10 in 13 14 ma
-1	daboych i d say yes yes yes count on it
-1	rt pr_nhl the senators have clinched a playoff berth after posting a 21 3 3 record in their final 27 games dating to feb 18 http t c
-1	rt tazman19 capitals finish with 101 pts 40 row isles at 100 pts 40 row going in 2 pts of any kind earns isles home ice in first rou
-1	i meant to say the isles will clinch home ice with a win tonight thanks to caps loss
-1	rangers scored eng for a 4 1 rags lead with less than 2 00 remaining the isles should clinch home ice before starting their game tonight
-1	enjoy the moment isles nvmc
-1	today s game will be exciting thrilling sacred amp sad to many of us who will watch history close a bittersweet chapter in isles history
-1	rt tazman19 commitment my favorite part of isles room http t co 7i5zif1yq2
-1	wait knight of cups doesn t come out until december what in blue fuck am i supposed to do until then
-1	knight of cups reversed psychic revelation http t co hrjcufili7
-1	knight_of_cups_ or the isles trust him less than poulin
-1	so neuvirth needed day off another undisclosed injury isles
-1	rt nyislanders isles transaction kevin poulin has been recalled on emergency loan neuvirth undisclosed
-1	rt news12li nationalpetday pics are the best here s ginger amp munsie ready for isles game more photos http t co xwyzdyr08m http
-1	ca_nyhockey have a great day bro
-1	hockeygoalieeh papajohns first free then 50 off now this isles
-1	rt lweiss77 knight_of_cups_ a five game losing streak
-1	knight_of_cups_ a five game losing streak
-1	reluctant rag fan for next couple of hours i prefer to see it as cheering for the caps to start a long losing streak isles
-1	rt bdgallof isles have allowed 2 pp goals in their last 17 games killing 37 of 39 power play opportunities risen to 26th overall in n
-1	rt brettcyrgalis travis hamonic just walked by at the coliseum with a significant limp isles also recall g kevin poulin neuvieth undi
-1	rt philgpbp news from thesoundtigers sound tigers sign brooks to ato http t co sbr4bgo04o
-1	rt nhl this is happening this is happening this is happening http t co klke28k6b7
-1	the dark knight of cups
-1	amtarot knight of cups become like a visionary empowered to move forward with your wisdom
-1	tarot card of the day knight of cups ride the emotions don t them ride you
-1	rt borntoroar amtarot knight of cups god created bickering children so adults could have martinis w out guilt rachelintheoc tarot
-1	rt borntoroar amtarot knight of cups god created bickering children so adults could have martinis w out guilt rachelintheoc tarot
-1	amtarot knight of cups god created bickering children so adults could have martinis w out guilt rachelintheoc tarot
-1	amtarot knight of cups god created bickering children so adults could have martinis w out guilt rachelintheoc tarot
-1	rt bfi terrence malick s knight of cups the gorgeous first poster http t co qh4vyrwqik
-1	rt tazman19 capuano they didn t let us fold on back to back nights and what have you their support has been tremendous all year isles
-1	rt tazman19 singled out fans and yes yes yes as being huge driver for improved home record and playoff appearance isles
-1	rt dansavarino cappy says hamonic is getting evaluated can t give the line up right now will wait to see about inj availability for ton
-1	rt neauxpe i just want to have as many favstar cups as the knight at the end of indiana jones and the last crusade
-1	rt neauxpe i just want to have as many favstar cups as the knight at the end of indiana jones and the last crusade
-1	knight of cups will be best movie of the year
-1	tarot card of the day knight of cups ride the emotions don t them ride you
-1	rt nyifancentral isles for those wondering the nypd vs nyfd hockey game will be at nassau coliseum sunday 4 12 at 1pm http t co tyh6d
-1	tarot card of the day knight of cups ride the emotions don t them ride you
-1	today s amtarot knight of cups
-1	knight of cups full movie play now http t co kv0am3wvq2 more movie http t co lzobskkm4l click the link
-1	shomingekiblog notes on a masterpiece called knight of cups by te http t co qyndmd8yb6
-1	rt hindlotcaduc knight of cups de terrence malick http t co wgo1dvrzbd
-1	rt hindlotcaduc knight of cups de terrence malick http t co wgo1dvrzbd
-1	knight of cups knight of swords http t co hfgbdtrhfj
-1	rt repmaredlu knight of cups verbatim http t co mdicbhg22i
-1	rt hindlotcaduc knight of cups de terrence malick http t co wgo1dvrzbd
-1	rt hindlotcaduc knight of cups de terrence malick http t co wgo1dvrzbd
-1	rosetintedvisor was mentioned by ehornick majorachievementunlocked isles
-1	bigreddiva 100x happy
-1	knight of cups leak http t co 4gjactas8v
-1	i liked a youtube video http t co w8vepjhgle knight of cups official trailer 1 2015 christian bale natalie portman movie hd
-1	knight of cups when reversed love http t co vrqjlwojjp
-1	knight of cups vs grams http t co rizqillg72
-1	http t co umhrebbu6x isles beat pens 3 1 and keep them out of playoffs for another day halk comes up big amp jt waits atop art ross race
-1	rt swedishislander so who will destroy ovechkin when celebrating a goal to retaliate hunter s check on turgeon boulton isles nyise
-1	proud to be an isles fan isles blogger amp see it as a privilege to report my take on season to each amp every one of you that reads koc
-1	rt tazman19 stay classy pens stay classy isles https t co dgwqovmqaf
-1	quote of the night rt https t co opcdow1tk4
-1	rt riz2525 yes yes yes grabs40 myregularface gif grabner goal http t co kceyuarcir
-1	knight_of_cups_ buffalosabres i have my moments
-1	rdnhl buffalosabres you are on fire with the sweet references tonight
-1	rt pr_nhl the bluejacketsnhl extended their point streak to 12 games 11 0 1 which matched a franchise record from feb 26 march 22 2
-1	big win for the isles and it pissed off the pens winwin
-1	grabner with a grip and rip 3 1 isles
-1	hey islesblog cue that bailey goal anytime now isles
-1	tsn_sports shhh im watching the isles pens game
-1	rt myregularface i also just wanted to share this http t co rht9qovbka
-1	rt thnmattlarkin watching this game you d swear the isles were the team that hasn t clinched pens showing little interest in the playoff
-1	scottclinco battle level
-1	rt scottclinco am i crazy or is boulton playing with tavares and okposo isles
-1	rt nbcnewyork the islanders are about to say goodbye to nassau coliseum http t co 7ocjwyq0sq http t co k62geqgzsf
-1	knight_of_cups_ its like that scene in scanners where that dude s dead blew up
-1	lhhockey keithlhhockey he isn t a passenger
-1	gotta love lee isles lockforcalder
-1	here is where the isles get in fleury s head and he shatters all over the ice
-1	rt thnryankennedy it looked like dal colle scored on another laser but refs didn t call it so a few seconds later he got the puck and s
-1	hm avengers 2 knight of cups spectre st james place untitled jonathan levine film
-1	jt adds a goal in artrossrace isles
-1	jt 2 1 isles take that evil empire
-1	rt islesfacebook has halak set some kind of record this year isn t that like the 21st goal he has given up in the last 10 sec what a di
-1	7thwoman rdnhl penguins nhl stay classy
-1	knight_of_cups_ thanks a lot msgnetworks
-1	i suddenly want nachos isles
-1	rt thereluctantk i really hope mattymarts17 hammer and fransy can go tomorrow they deserve to be on the ice for the coli s reg season s
-1	rt rdnhl pitt official twitter showing pic of hammer injury hit because that s how classy they roll out there isles
-1	halak s stick looked like it got tangled w screener in front on goal amp threw off his positioning boychuk confrmed w shannon_hogan isles
-1	crosby with a point of the scuderi goal isles artross
-1	another back breaker with seconds remaining going into the 3rd score tied at 1 1 isles
-1	could you imagine if the isles had a working pp
-1	rt tazman19 fan kickstarter 100 koho 221s for john tavares in preparation for playoffs isles
-1	fleury has come back well give him credit isles
-1	rt mikekellynhl islanders pk since trade deadline 94 8 best in nhl 2 2 tonight vs pens
-1	downie is a piece of garbage isles
-1	hickey goes downie isles to the pp
-1	check this shot of hamonic out from the isles website goodthoughtshammer http t co cg024ardvm
-1	thereluctantk zeeker11 agreed told snow he would be one of the biggest reasons the rebuild succeeded he smiled
-1	knight_of_cups_ he is one of my favorite isles zeeker11 works his tail off he s awesome
-1	thats why i allow cizikas to date my imaginary sister huge reason this team has evolved like it has don t sell his game short isles
-1	rt tazman19 if the isles sell out like cizikas did on that penalty kill things will continue to be just fine with that unit that s wha
-1	sick save by flower power there respect
-1	knight_of_cups_ downnie or malkin who hit him release boulton
-1	rt rdnhl seriously halak had a picture of drago pinned to his mirror all season long this morning he crumpled that picture in his hand
-1	halak says no cindy not today isles
-1	that was the second hard hit hamonic took in only a few minutes of play looks like he was hunted isles
-1	check out my book tarot knight of cups backlash on bookbuzzr http t co nrq7mywlwd
-1	hamonic will not return due to injury not good isles
-1	i am fired up to hear the realjiggsmcd call the play by play for the isles game
-1	watch that audio feed going to break msg_islanders isles
-1	rdnhl and may brian strait score the ot gwg to clinch the series
-1	knight_of_cups_ islesblog gorgeous
-1	knight_of_cups_ all period long can t have that pens are too dangerous
-1	islesblog i wore mine the day after the philthy game http t co dw3q1mejle
-1	rtfischlerhky right isles allowing too many good shots in close for my liking
-1	suck it kunitz isles http t co lg5v5shszj
-1	rt nhl can t catch casey nyivspit https t co slfxha7jaj
-1	hamonic to dressing room after taking a few big hits in period isles
-1	momentum new york pressure pittsburgh who is outshooting the islanders badly isles
-1	rt vallys_view cizikas is a gamer nyi need to lock this guy up long term critical face off on pk and fires through the seam like his pa
-1	halak is dialed in so far onamission isles
-1	no goal cizikas goal 1 0 isles
-1	rt 631life let s go islanderssssss isles http t co ulcedbyqh1
-1	rt hockeygoalieeh isles vs pengins game 81 thread http t co hnunk4ileg http t co 7y7jvccthx
-1	rt itscanadasgame wonder which bandwagon justinbieber will jump on this year in a transparent attempt to gain publicity for himself http
-1	knight of cups de terrence malick http t co wgo1dvrzbd
-1	rt repmaredlu knight of cups verbatim http t co mdicbhg22i
-1	knight of cups full movie youtube http t co c3siz8cq9n
-1	rt ehornick isles prospect robbie russo notre dame named 2nd team all american today
-1	nick offerman amp i have acted together some and i m happy to learn he is not on cutting room floor of knight of cups http t co qijya1ffiq
-1	knight of cups full movie youtube http t co keftyoj2vm
-1	knight of cups 2015 full movie youtube http t co mkdbvj6g1n
-1	i cannot believe there s still no knight of cups link
-1	rt roksmadness donlagreca help spread chloe s story and her lifetime battle w cerebral palsy teamchloe princesswarrior http t co
-1	riz2525 you guys are too cool
-1	rt nhlhistorygirl on this date in 1988 isles brent sutter became the second player in nhl history to score a shorthanded overtime goal
-1	rt yahoosportsnhl top 10 nhl teams goal differential rangers 58 bolts 50 blues 45 caps 41 hawks 41 wild 32 habs 31 flames 29 i
-1	rt richsufilking knight of cups meaning tarot http t co uls8ruapjb
-1	ckav101 knight_of_cups_ he tries he sucks but he tries
-1	knight of cups in tarot cards http t co dbek4gva9y
-1	here s another carlbarat as the knight of cups ninth installment of the tarot collage series thelibertines http t co tpsrbnyxso
-1	knight_of_cups_ swedishislander they may rue the day if they face ott first round so may the nyr team
-1	rt beisonnara knight of cups premise http t co u9yysc07fc
-1	knight of cups full movie play now http t co kv0am3wvq2 more movie http t co lzobskkm4l click the link
-1	ckav101 he has value in certain situations especially depth but i d never dress him over de haan or donovan lack of pt is hampering dev
-1	rt ckav101 knight_of_cups_ is there anyone in this galaxy that can give one reason why strait always dresses
-1	knight_of_cups_ is there anyone in this galaxy that can give one reason why strait always dresses
-1	knight_of_cups_ bcisleman must mean they are afraid of facing us in the playoffs
-1	knight_of_cups_ bcisleman unbelievable
-1	knight of cups full movie youtube http t co rndrqrzjrb
-1	swedishislander bcisleman seeing rangers fans cheer for ottawa last night really something can see bright side of loss but root 4 it
-1	rt swedishislander bcisleman you know rags will never beat the caps if the isles would benefit from it just look at last night vs sens
-1	blood is thicker when it s orange amp blue isles nyisleshardcore http t co mpk3tbrfld
-1	rt nhl 5 reasons why the nyislanders clinched a playoff berth in their last season at the coliseum http t co bss541iq2h http t co o
-1	cappys line up decisions and trouble w adjustments still big problem in my lowly opinion isles
-1	try 2 focus on pos 4 isles amp even gave capuano nod mid season 4 team doing well but as i said before sometimes feel win in spite of him
-1	rt nyislanders take part in beard a thon and smash car this postseason and help benefit the isles children s foundation gt http t c
-1	rt dansavarino if lubomir visnovsky gains a point 19pts the isles would be the only team in the nhl to have 5 d men with 20pts had
-1	rt yahoosportsnhl nhl east standings april 10 two days remaining in regular season http t co 8ym7rzwbzh
-1	rt nyislanders isles playoff merchandise is now available get yours at the nvmc team store today or call 516 501 6726 info gt http
-1	rt il_gear welcome the newest maveriklacrosse athlete crottykid22 of the lizardslacrosse http t co 2vspvytw5f http t co enqo6l
-1	rt nyislanders capuano halak in goal clutterbuck into the lineup for mcdonald no changes on defense isles
-1	pens thin of d tonight w letang puliot amp erhof out offense needs to be relentless amp our d need to neutralize crosby pengwhines isles
-1	rt stapenewsday clutterbuck and nielsen on ice for optional am skate
-1	who finishes higher in scoring race tavares or crosby isles pens
-1	islesrm bdgallof agreed on all counts
-1	rt lizardslacrosse join us this sunday for our home opener against machinemll fans will take home a free paulrabil nylizards poster h
-1	nhlonnbcsports knight_of_cups_ lets go islanders
-1	rt mll_lacrosse we ve reached our 1 most viewed individual player highlights from our youtube page stealing the 1 spot i https t
-1	rt ehclothing goon 2 is being shot in toronto this summer http t co enkcrxldbd
-1	rt nhlonnbcsports icymi welcome the islanders red wings jets and flames to the 2015 playoffs http t co egqrvwgvv2 http t co blvdj
-1	rt stapenewsday slight correction frans nielsen is here matt martin is not jiggs is also still here oops
-1	rt ccmhockey yesyesyes new career high in points for 91tavares he s tied for 1st in the nhl with 83 ribcor madeofhockey http
-1	rt section_329 section 329 in nassau coliseum you may not be able to see it but you can hear it verizon fios1 news long island http
-1	rt swedishislander who will win the art ross trophy rt for john tavares fav for sidney crosby or jamie benn isles pens stars nhl
-1	tomlofaso329 i don t want to miss out this time who can i set up getting it shipped out with
-1	isles need to start playoffs today home ice in 1st round is crucial especially if it s against the caps had trouble vs them this ssn
-1	rt linushugosson isles captain 91tavares on the cover of the latest pro hockey magazine europe s no 1 nhl monthly nyislanders http
-1	rt tomlofaso329 these bad boys came in today so stoked isles http t co utrcifopoa
-1	rt nhl will the nyislanders make it four straight wins against the penguins tonight http t co ctoygboogt nyivspit http t co q6k2g
-1	rt joboych yes yes yes islanders are playoff bound
