-1	i wanna watch the age of adaline
-1	the age of adaline comes out in a week ugh
-1	the age of adaline review eternal youth proves a lonely business http t co xvhn6pi1xv news melbourne victoria
-1	i want to see the age of adaline
-1	so ready 4 the age of adaline
-1	rt lilaaay_pacheco the age of adaline looks like it s going to be such a good movie
-1	rt tinylittlebows this isn t your typical love story find out why over ontheblog ic ad adaline http t co wzuxsdnfdn http t co j
-1	rt fanboysanon the age of adaline movie review http t co gdfrrymfz7
-1	the age of adaline movie poster http t co rqs546ruxg
-1	rt lilaaay_pacheco the age of adaline looks like it s going to be such a good movie
-1	mmwo np new video lionsgate the age of adaline official clip heartbreak lionsgatelive http t co olad32z10o
-1	rt lilaaay_pacheco the age of adaline looks like it s going to be such a good movie
-1	rt tinylittlebows this isn t your typical love story find out why over ontheblog ic ad adaline http t co wzuxsdnfdn http t co j
-1	the age of adaline movie twitter account just followed me
-1	i wanna see the age of adaline
-1	rt tinylittlebows this isn t your typical love story find out why over ontheblog ic ad adaline http t co wzuxsdnfdn http t co j
-1	i added a video to a youtube playlist http t co 8i6wvcucv1 the age of adaline official tv spot fugitive hd
-1	need to watch the age of adaline
-1	i gotta see the age of adaline
-1	i added a video to a youtube playlist http t co k4ios5hlqx the age of adaline official tv spot eyes hd
-1	i just entered to win an ageofadaline prize pack from wesonerdy adaline http t co dmx6pjfrda
-1	lorealparisusa blakelively how has becoming a mom made the mother daughter bond in age of adaline even closer to her heart
-1	rt lionsgatemovies live on periscope the age of adaline chicago screening https t co zkvwqflbal
-1	rt ageofadaline sending cyber hugs rt victorochodiaz got a little misty eyed seeing the age of adaline need to go home hug my dogs
-1	rt lakeshorerecs pre order the age of adaline ost feat robsimonsen more http t co keqab1wqva blakelively michielhuisman http t
-1	rt ageofadaline the grand age of adaline score by robsimonsen now available for pre order at itunesmusic http t co bcliplkuhx http
-1	rt ageofadaline check check and check rt debragarnets19 the age of adaline looks like an emotional romantic amp spellbinding movie
-1	rt lilaaay_pacheco the age of adaline looks like it s going to be such a good movie
-1	rt ageofadaline true love 100 years in the making adaline http t co kegu63skl1
-1	rt lilaaay_pacheco the age of adaline looks like it s going to be such a good movie
-1	the movie i m most excited to see in 2015 the age of adaline lauren paints a beautiful life http t co gxqhzogumi
-1	the age of adaline girls night out movie guide adaline via prettynameless http t co pqmfzy8zd3
-1	finally heard the age of adaline ost featuring elenatonra i sobbed i miss ohdaughter _
-1	win theageofadaline tickets in calgary edmonton halifax ottawa toronto vancouver victoria amp winnipeg http t co c4x5me00lt
-1	rt _valeria2015 i must see the age of adaline
-1	the movie i m most excited to see in 2015 the age of adaline lauren paints a beautiful life http t co oq2glngijg
-1	fashion blake lively does 100 years of beauty looks in the age of adaline http t co w1xjqzadiu
-1	rt lilaaay_pacheco the age of adaline looks like it s going to be such a good movie
-1	the age of adaline seems interesting
-1	blake lively does 100 years of beauty looks in the age of adaline as if blake lively weren t blessed enough in http t co kggxxwjduf
-1	rt lilaaay_pacheco the age of adaline looks like it s going to be such a good movie
-1	rt lilaaay_pacheco the age of adaline looks like it s going to be such a good movie
-1	blake lively does 100 years of beauty looks in the age of adaline http t co nasjeg1it8 http t co tesjowbhoj
-1	the age of adaline comes out in 6 days
-1	blake lively does 100 years of beauty looks in the age of adaline http t co 376qbnl50w
-1	luxury collection gt blake lively does 100 years of beauty looks in the age of adaline as if blake lively gt gt http t co qrk8tebkli luxury
-1	i just entered to win an ageofadaline prize pack from wesonerdy adaline http t co o8wrkmzje2
-1	i want to see the age of adaline for the fact that blake lively is perf and bc she s serena van der woodsen xoxo
-1	i won t stop aging like adaline but i ll look timeless with this ageofadaline prize pack from hashtagave adaline http t co lka0jfxeu9
-1	realllllyyyy wanna see the age of adaline
-1	blake lively does 100 years of beauty looks in the age of adaline http t co 72u1ka5dlr
-1	the age of adaline contest http t co nbq5pz5zr0 via thesheeptweets
-1	why did the age of a adaline twitter just follow me
-1	rt lilaaay_pacheco the age of adaline looks like it s going to be such a good movie
-1	rt lilaaay_pacheco the age of adaline looks like it s going to be such a good movie
-1	rt lilaaay_pacheco the age of adaline looks like it s going to be such a good movie
-1	rt lilaaay_pacheco the age of adaline looks like it s going to be such a good movie
-1	rt lilaaay_pacheco the age of adaline looks like it s going to be such a good movie
-1	rt tinylittlebows this isn t your typical love story find out why over ontheblog ic ad adaline http t co wzuxsdnfdn http t co j
-1	rt lilaaay_pacheco the age of adaline looks like it s going to be such a good movie
-1	the age of adaline looks like it s going to be such a good movie
-1	rt jesselias_ the age of adaline looks soooo good
-1	the age of adaline is a must this friday whos down
-1	rt oronaaclarissaa i can t wait to watch the age of adaline it looks so good adaline
-1	rt tinylittlebows this isn t your typical love story find out why over ontheblog ic ad adaline http t co wzuxsdnfdn http t co j
-1	i wanna see the age of adaline with blake lively
-1	i wanna watch the age of adaline
-1	blake lively does 100 years of beauty looks in the age of adaline http t co xswmdjyhbn
-1	when the age of adaline twitter acct follows u its a sign that u need to see it
-1	blake lively does 100 years of beauty looks in the age of adaline http t co vkjaxkdnpb
-1	check out the age of adaline moviefone http t co g66b73m1sb
-1	scored advanced screening tickets to age of adaline tomorrow thanks for the heads up nyutix
-1	rt prettynameless the age of adaline girls night out movie guide ic ad http t co fpyhnkk2xz
-1	blake lively does 100 years of beauty looks in the age of adaline http t co bmnshnqu5h
-1	blake lively does 100 years of beauty looks in the age of adaline http t co pzoyvs7u6y
-1	blake lively does 100 years of beauty looks in the age of adaline gt gt http t co prsirslyqt
-1	blake lively does 100 years of beauty looks in the age of adaline http t co varb5ke5rk
-1	blake lively does 100 years of beauty looks in the age of adaline http t co ion0qfrsug
-1	blake lively does 100 years of beauty looks in the age of adaline http t co 3srgida6cb
-1	blake lively does 100 years of beauty looks in the age of adaline http t co 8utwhk0ksd
-1	blake lively does 100 years of beauty looks in the age of adaline http t co edxnrm7zgw
-1	blake lively does 100 years of beauty looks in the age of adaline http t co rfcktfyfi7
-1	blake lively does 100 years of beauty looks in the age of adaline http t co 9lz71laox7
-1	blake lively does 100 years of beauty looks in the age of adaline http t co m9rhmcrbdt
-1	rt kellynelise i think the age of adaline is just about blake lively s real life of being flawless for life
-1	blake lively does 100 years of beauty looks in the age of adaline http t co pc7exmnnqc
-1	blake lively does 100 years of beauty looks in the age of adaline http t co emafhl8bmn
-1	i m waiting the age of adaline will it enters indonesia cinema the idea is brilliant
-1	what is the average age of a woman in the united states a 79 b 81 c 90 d 101 ageofadaline adaline
-1	blake lively does 100 years of beauty looks in the age of adaline http t co 6sezqcnyzn by refinery29 lifestyle
-1	just realised age of adaline amp age of ultron are releasing on the same day coincidence or is the former a prequel to the latter conspiracy
-1	i just entered to win an ageofadaline prize pack from wesonerdy adaline http t co i3rr77ciag
-1	blake lively does 100 years of beauty looks in the age of adaline http t co qa1uknu36w
-1	blake lively does 100 years of beauty looks in the age of adaline http t co 8z2n0hkncx
-1	blake lively does 100 years of beauty looks in the age of adaline http t co rj58zdhpxl
-1	blake lively does 100 years of beauty looks in the age of adaline http t co czdypgnlgx
-1	the age of asinine only blake s remotely lively billed as an epic romantic fantasy this would be time trave http t co aabkhugtmk
-1	the age of adaline review eternal youth proves a lonely business http t co ppox4opnjk
-1	blake lively does 100 years of beauty looks in the age of adaline http t co lljeozfc93
-1	blake lively does 100 years of beauty looks in the age of adaline http t co 4o1kioxhfi
-1	someone take me to see the age of adaline
-1	rt oronaaclarissaa i can t wait to watch the age of adaline it looks so good adaline
-1	blake lively is gorgeous and i can t wait to see age of adaline i think the movie is going to be amazing
-1	rob simonsen amp faux fix ft elena tonra start again lyric video the age of adaline soundtrack http t co m8siyphnzu
-1	the age of adaline review eternal youth proves a lonely business http t co bkyq0xbcns
-1	http t co 4nxp3ey3iu blake lively does 100 years of beauty looks in the age of adaline themanapp
-1	http t co 87zcidfl0e blake lively does 100 years of beauty looks in the age of adaline fanuendo http t co llpwchw8t1
-1	the age of adaline review eternal youth proves a lonely business http t co nnwtruraws sydney news
-1	the age of adaline review eternal youth proves a lonely business http t co zcujcniusn news brisbane qld
-1	blake lively does 100 years of beauty looks in the age of adaline http t co dnjqytae9j fashion news http t co 4aenwthcx5
-1	the age of adaline hurry up
-1	dear shedoesthecity please send me to the age of adaline starring blake lively amp harrison ford i want to transcend time
-1	rt tinylittlebows this isn t your typical love story find out why over ontheblog ic ad adaline http t co wzuxsdnfdn http t co j
-1	the age of adaline looks sooooo good mustsee theageofadaline
-1	i will see the the age of adaline
-1	i cant wait for the age of adaline to come out
-1	rt prettynameless the age of adaline girls night out movie guide ic ad http t co fpyhnkk2xz
-1	rt tinylittlebows this isn t your typical love story find out why over ontheblog ic ad adaline http t co wzuxsdnfdn http t co j
-1	i can t wait to see the age of adaline
-1	rt anaivanovic just seen the movie trailer for age of adaline with the wonderful blakelively she is such a star i can t wait to see
-1	via movievine the age of adaline posters and trailer released movie vine news the http t co q8zannaskm acting interviews
-1	i really want to see the age of adaline
-1	the age of adaline looks soooo good
-1	rt _laurenskitchen click here to visit the linkup i added my link to http t co 92ktjetbur link up here http t co rlrhgbwhd8 via s
-1	click here to visit the linkup i added my link to http t co 92ktjetbur link up here http t co rlrhgbwhd8 via sitsblogging
-1	i want to see the age of adaline so bad
-1	i wanna see the age of adaline
-1	the age of adaline 2015 watch and download online in english and hindi dubbed http t co w2izfqbvni http t co tlgnvbg9x6
-1	the age of adaline movie review http t co meer6wtfqr movie
-1	i can t wait for the age of adaline to be in theaters
-1	the age of adaline was so amaze blake lively is such a beautiful specimen
-1	this weekend win your tickets to the advanced screening of blake lively s new movie age of adaline http t co 8ppyrqm4j7
-1	the age of adaline free movie tickets available for 04 21 15 in seattle wa please follow http t co bsqdg4g0zf theageofadaline
-1	the age of adaline free movie tickets available for 04 21 15 in boston ma please follow http t co jlzzybqmh7 theageofadaline
-1	the age of adaline free movie tickets available for 04 21 15 in boston ma please follow http t co rh4tly3ayw theageofadaline
-1	dear shedoesthecity please send me to the age of adaline starring blake lively amp harrison ford i want to transcend time
-1	help me win passes to see an advanced screening of ageofadaline via thekengent adaline https t co bneejpqzhl
-1	rt oronaaclarissaa i can t wait to watch the age of adaline it looks so good adaline
-1	i just entered to win an ageofadaline prize pack from wesonerdy adaline http t co xti4uoa6ff
-1	i won t stop aging like adaline but i ll look timeless with this ageofadaline prize pack from hashtagave adaline http t co ulf6l1lq8p
-1	the age of adaline movie review http t co v9s3kpjbua movie
-1	the age of adaline contest http t co f1qb5vbjxs via thesheeptweets
-1	after reading the age of adaline on lauren paints a beautiful life i want to see it now http t co vgwnyqdczi
-1	i liked a youtube video from popsugarvideo http t co dtigy5jiso blake lively on the age of adaline and ryan reynolds crying
-1	rt tinylittlebows this isn t your typical love story find out why over ontheblog ic ad adaline http t co wzuxsdnfdn http t co j
-1	blake lively and michiel huisman interview on the age of adaline https t co 5fhhcvdber via youtube
-1	the age of adaline official sneak peek 2015 blake lively movie https t co ugs7d4brht via youtube
-1	i liked a youtube video http t co 7piuaq4gd5 the age of adaline official trailer 1 2015 blake lively harrison ford movie hd
-1	i won t stop aging like adaline but i ll look timeless with this ageofadaline prize pack from hashtagave adaline http t co rv8v95k13a
-1	event lights up knitting the age of adaline screening see a movie and get through your knitting project wi http t co 80jdkxbafs
-1	movie review the age of adaline http t co tjvsfrdrja zippednews http t co ggqijvkokp
-1	rt tinylittlebows this isn t your typical love story find out why over ontheblog ic ad adaline http t co wzuxsdnfdn http t co j
-1	i wanna see the age of adaline
-1	rt fashion_critic_ the age of adaline ny premiere malaga film festival academy of country music awards tribeca film festival b
-1	http t co s4zhlpq8rl blake lively at the age of adaline press conference blakelively http t co dgpz4dlm6a beautifulsmiles
-1	i seriously can t wait to see the age of adaline blakelively movieaddict
-1	the age of adaline looks good
-1	a new film in which the protagonist is forever 29 years old age of adaline has me interested because i turn 29 a month from today
-1	rt prettynameless the age of adaline girls night out movie guide ic ad http t co fpyhnkk2xz
-1	watched age of adaline and it was actually pretty interesting didn t buy the modern day romance but i liked blake lively in it
-1	the age of adaline trailer uff high concept stuff must watch for mahesh bhatt emranhashmi http t co ps36ggei1t
-1	the age of adaline hits the lebanese theaters april 23 watch the trailer here http t co ti47zk3ar6 blakelively http t co bfjwlki2si
-1	rt tinylittlebows this isn t your typical love story find out why over ontheblog ic ad adaline http t co wzuxsdnfdn http t co j
-1	rt thetiptoefairy the movie i m most excited to see in 2015 the age of adaline lauren paints a beautiful life http t co ceynrlt2nz
-1	rt thetiptoefairy the movie i m most excited to see in 2015 the age of adaline lauren paints a beautiful life http t co ceynrlt2nz
-1	blake lively is so beautiful the age of adaline looks great
-1	the age of adaline girls night out movie guide adaline via prettynameless http t co cagbhto1ks
-1	the movie i m most excited to see in 2015 the age of adaline lauren paints a beautiful life http t co ceynrlt2nz
-1	i really really really want to see the age of adaline
-1	in time you will find the person meant for you believe in love the age of adaline is showing this thursday at http t co 0s8in9pya9
-1	rt tinylittlebows this isn t your typical love story find out why over ontheblog ic ad adaline http t co wzuxsdnfdn http t co j
-1	rt eoneanz blakelively is luminous and magnetic thetodayshow reviews the age of adaline out now http t co e4wuxojyzy http t c
-1	the age of adaline
-1	blakelively is luminous and magnetic thetodayshow reviews the age of adaline out now http t co e4wuxojyzy http t co kk7lh7bdup
-1	hello sfs members and friends stand a chance to win a pair of preview tickets to catch the age of adaline http t co lq3u4fjyik
-1	the age of adaline
-1	the age of adaline ny premiere malaga film festival academy of country music awards tribeca film festival busy monday morning
-1	inside look of the age of adaline http t co cinzmmgx3y usa lgbt boycottdolcegabbana
-1	rt oronaaclarissaa i can t wait to watch the age of adaline it looks so good adaline
-1	my review for the rather decent theageofadaline http t co 6daerbkjkz adaline filmreview blakelively ageofadaline
-1	went and saw the age of adaline tonight at the movies and loved it
-1	the age of adaline girls night out movie guide adaline pretty opinionated http t co 0aljzzybyn
-1	rt tinylittlebows this isn t your typical love story find out why over ontheblog ic ad adaline http t co wzuxsdnfdn http t co j
-1	see the gorgeous blake lively age of adaline out now http t co tt2qefbfed
-1	rt prettynameless the age of adaline girls night out movie guide ic ad http t co fpyhnkk2xz
-1	rt filmmusicsite lakeshore records will release on may 19th a soundtrack album for the age of adaline http t co pwrx8jvrvm http t c
-1	photo via blake lively on a press conference for the age of adaline sexy celebs http t co w3xwxbudgj
-1	rt allieee_martinn someone take me to go see the age of adaline
-1	rt oronaaclarissaa i can t wait to watch the age of adaline it looks so good adaline
-1	inside look of the age of adaline http t co dit4c3wjnl lgbt uk ireland belongtoyes
-1	the age of adaline young harrison ford http t co fs9cp7uuee
-1	the age of adaline lolena style happy bday andrea https t co rulhn68mgn via youtube
-1	rt tinylittlebows this isn t your typical love story find out why over ontheblog ic ad adaline http t co wzuxsdnfdn http t co j
-1	_samanthamariee the age of adaline
-1	rt eoneanz adaline review the age of adaline bring their a game http t co wcepg7lvah out now http t co tbru6wyni8
-1	adaline review the age of adaline bring their a game http t co wcepg7lvah out now http t co tbru6wyni8
-1	big_hawkeye_tom the age of adaline
-1	rt tinylittlebows this isn t your typical love story find out why over ontheblog ic ad adaline http t co wzuxsdnfdn http t co j
-1	nashville getting decades of minutiae right for the age of adaline http t co ivphp94gjp nashvillegetsus http t co bjsm7vy6tr
-1	tomorrow the old vic gala academy of country music awards stereokicks gig tribeca montage of heck screening age of adaline premiere
-1	i wanna see the age of adaline
-1	i can t wait to watch the age of adaline
-1	the movie i m most excited to see in 2015 the age of adaline lauren paints a beautiful life http t co sny259lovx
-1	can i pls also watch age of adaline that trailer was a good one i mean the daughter is older than her
-1	the age of adaline girls night out movie guide adaline via prettynameless http t co n5vcr7kt9y
-1	the age of adaline screening in sc http t co ai86ugt8zx movies screenings
-1	the age of adaline 2015 full movie dvdrip watch online english http t co e2abo4kfd1 on bloglovin
-1	tylerdotm did you see that salvation is used in the age of adaline trailer
-1	rt styleblazer retweet for a chance to win an ageofadaline prize pack adaline more info here http t co hwr5tas8nf http t co scqgss
-1	someone take me to go see the age of adaline
-1	really want to see the age of adaline
-1	rt cascreenings free advance movie screening of the age of adaline ageofadaline in fresno ca via gigifromcali studio code http
-1	michiel_huisman promoting the age of adalaine stunning in a suit gameofthrones michielhuisman theageofadaline http t co zd3vlndo8u
-1	rt tinylittlebows this isn t your typical love story find out why over ontheblog ic ad adaline http t co wzuxsdnfdn http t co j
-1	oh i ve also reviewed age of adaline good soppy romance http t co 8q65oo8i6c
-1	rt jasmineeteh the age of adaline looks so interesting or isit because it s blake lively amp she s hot as hell
-1	rt tinylittlebows this isn t your typical love story find out why over ontheblog ic ad adaline http t co wzuxsdnfdn http t co j
-1	remind me to watch the age of adaline bc blake is so
-1	rt tinylittlebows this isn t your typical love story find out why over ontheblog ic ad adaline http t co wzuxsdnfdn http t co j
-1	rt tristinelaffoon the age of adaline is going to be so sad
-1	the age of adaline looks so good
-1	rt shedoesthecity rt 2 win dear shedoesthecity please send me to the age of adaline starring blake lively amp harrison ford i want to
-1	rt cflip723 i want to see the age of adaline sooo bad
-1	i want to see the age of adaline sooo bad
-1	i need to see the age of adaline
-1	can t wait for the age of adaline it looks so incredibly good plus blakelively is kind of perfection ageofadaline theageofadaline
-1	i have to see it the age of adaline 2015 official trailer https t co uebzmi3qhc
-1	the age of adaline opening friday april 24th click below for showtimes and advanced ticket sales tickets now on http t co vbj8wupdn1
-1	anyone else pumped for the age of adaline
-1	i can t wait for the age of adaline
-1	the age of adaline
-1	rt tinylittlebows this isn t your typical love story find out why over ontheblog ic ad adaline http t co wzuxsdnfdn http t co j
-1	getting decades of minutiae right for the age of adaline newsday http t co yuzxq1ndak
-1	i wanna see the age of adaline so bad
-1	rt garciaashleyyy i wanna watch the age of adaline
-1	rt garciaashleyyy i wanna watch the age of adaline
-1	rt ankidounaa i wanna see the age of adaline oh my gosh
-1	rt garciaashleyyy i wanna watch the age of adaline
-1	i wanna watch the age of adaline
-1	the age of adaline looks so interesting or isit because it s blake lively amp she s hot as hell
-1	i wanna watch the age of adaline blakelively ageofadaline
-1	rt ankidounaa i wanna see the age of adaline oh my gosh
-1	rt tinylittlebows this isn t your typical love story find out why over ontheblog ic ad adaline http t co wzuxsdnfdn http t co j
-1	i wanna see the age of adaline so bad
-1	i wanna see the age of adaline oh my gosh
-1	i can t wait to see the age of adaline
-1	lively watch the age of adaline online full movie free viooz putlocker facebook http t co 0dlm52po7k
-1	the age of adaline tv spot magic 2015 blake lively harrison ford movie hd http t co wss1rgdxbe http t co dy9iwfgys4
-1	the age of adaline free movie tickets available for 04 21 15 in las vegas nv please follow http t co xigmkkgt1w theageofadaline
-1	now i really really wanna go watch the age of adaline
-1	the age of adaline free movie tickets available for 04 21 15 in san francisco ca please follow http t co 1kxfmoyhws theageofadaline
-1	i liked a youtube video http t co oo3bubpylm the age of adaline official trailer 1 2015 blake lively harrison ford movie hd
-1	i have to see this the age of adaline official trailer 1 2015 blake lively harrison ford movie hd http t co tsj6vik0dg
-1	rt gracie_lackey i can t wait to watch the age of adaline
-1	rt gracie_lackey i can t wait to watch the age of adaline
-1	i can t wait to watch the age of adaline
-1	i want too watch the age of adaline like as soon as it comes out
-1	my solo song was just in a commercial for the age of adaline
-1	i can t wait to see the age of adaline
-1	the age of adaline 2015 imdb http t co gncui8e2jh
-1	rt tinylittlebows this isn t your typical love story find out why over ontheblog ic ad adaline http t co wzuxsdnfdn http t co j
-1	now searching for people to come watch the age of adaline with me when it comes out
-1	rt jerkmagnettt i want to watch the age of adaline
-1	here s my review of the age of adaline a predictable but undeniably sweet and entertaining romance drama http t co yvkguyoyks
-1	rt iowahell the age of adaline girls night out movie guide adaline via prettynameless http t co 3angirbsty
-1	rt tinylittlebows this isn t your typical love story find out why over ontheblog ic ad adaline http t co wzuxsdnfdn http t co j
-1	the movie i m most excited to see in 2015 the age of adaline lauren paints a beautiful life http t co vtv5yn3sax
-1	the age of adaline will be perfect
-1	the age of adaline girls night out movie guide adaline via prettynameless http t co 3angirbsty
-1	rt tinylittlebows this isn t your typical love story find out why over ontheblog ic ad adaline http t co wzuxsdnfdn http t co j
-1	rt oronaaclarissaa i can t wait to watch the age of adaline it looks so good adaline
-1	can t wait to watch this movie next week the age of adaline 2015 imdb http t co 6vpfqpkwar
-1	i wanna watch the age of adaline
-1	rt shedoesthecity rt 2 win dear shedoesthecity please send me to the age of adaline starring blake lively amp harrison ford i want to
-1	rt prettynameless the age of adaline girls night out movie guide ic ad http t co fpyhnkk2xz
-1	the movie i m most excited to see in 2015 the age of adaline lauren paints a beautiful life http t co uum3fjxbs5
-1	movie review the age of adaline is a little flat and dead we love hush hush
-1	rt tinylittlebows this isn t your typical love story find out why over ontheblog ic ad adaline http t co wzuxsdnfdn http t co j
-1	if i m off next friday who wants to go see the age of adaline with me
-1	i slick wanna see the age of adaline
-1	the age of adaline free movie tickets available for 04 21 15 in fort myers fl please follow http t co 1isgh3hoiz theageofadaline
-1	the age of adaline free movie tickets available for 04 21 15 in fort myers fl please follow http t co e8agg9dsdx theageofadaline
-1	the age of adaline free movie tickets available for 04 21 15 in fort myers fl please follow http t co yjgxi3pdje theageofadaline
-1	the age of adaline free movie tickets available for 04 21 15 in aventura fl please follow http t co xw1npehuv3 theageofadaline
-1	the age of adaline free movie tickets available for 04 21 15 in raleigh nc please follow http t co 7rdstorx12 theageofadaline
-1	i won t stop aging like adaline but i ll look timeless with this ageofadaline prize pack from hashtagave adaline http t co cswz0qqdtb
-1	the age of adaline girls night out movie guide adaline via prettynameless http t co 1fipgz4r1l
-1	rt prettynameless the age of adaline girls night out movie guide ic ad http t co fpyhnkk2xz
-1	the age of adaline looks so good i must see it s giving me a benjamin button look amp i love that movie
-1	so excited for the movie the age of adaline to come out blakelively is perfection
-1	anybody wanna go watch the advanced screening of age of adaline with me tuesday please i have an extra ticket
-1	anybody want a free double guest pass to the age of adaline next thursday at south common 7 pm
-1	rt tinylittlebows this isn t your typical love story find out why over ontheblog ic ad adaline http t co wzuxsdnfdn http t co j
-1	rt oronaaclarissaa i can t wait to watch the age of adaline it looks so good adaline
-1	rt dnh_99 wanna see the age of adaline
-1	rt clariissaaaa_ let s go on a movie date to see the age of adaline please
-1	let s go on a movie date to see the age of adaline please
-1	someone go with me to go see the age of adaline it looks so good
-1	rt oronaaclarissaa i can t wait to watch the age of adaline it looks so good adaline
-1	the age of adaline official tv spot magic with harrisonford and ellenburstyn in theaters next fri http t co pyav8df3lt
-1	inside look of the age of adaline http t co k0jdvcm0vk lgbt scandinavia hbt
-1	rt blakefansite i want to win the adaline prize pack from blakefansite http t co 0yopvlkwa1 the ageofadaline comes out 4 24 15 giv
-1	i just entered to win an ageofadaline prize pack from wesonerdy adaline http t co kwkfyurqez
-1	i won t stop aging like adaline but i ll look timeless with this ageofadaline prize pack from hashtagave adaline http t co wkfz7ehdct
-1	also the age of adaline comes out next week and i m freaking out about it tbh i m so excited
-1	rt tv10ultramovies satnetvglobal ultramoviesextra http t co krlnvhnvov the age of adaline ageofadaline https t co 8ttvpqslhn in thea
-1	looking forward to seeing this tomorrow gt the age of adaline 2015 official trailer https t co 3uymyw4gu0 via youtube
-1	rt tamara_kayyy three movies i need to see the age of adaline the longest ride amp unfriended
-1	rt tinylittlebows this isn t your typical love story find out why over ontheblog ic ad adaline http t co wzuxsdnfdn http t co j
-1	three movies i need to see the age of adaline the longest ride amp unfriended
-1	a little over 12 hours left before the movie launch party of age of adaline at truly you http t co x1u2b2tpr7 http t co vn43nh6shc
-1	rt oronaaclarissaa i can t wait to watch the age of adaline it looks so good adaline
-1	whitegirlnadia tweetlikeagiri bruh we gotta see the age of adaline
-1	rt oronaaclarissaa i can t wait to watch the age of adaline it looks so good adaline
-1	rt thatonedelaney i can t wait to see the age of adaline
-1	so many movies i need to go see unfriended paper towns and the age of adaline
-1	the age of adaline epub http t co qfizjxxae9
-1	rt nvtvliesylvia i wanna go see the age of adaline so bad
-1	the age of adaline girls night out movie guide adaline via prettynameless http t co qwwbc3hjax
-1	i can t wait to see the age of adaline
-1	rt tinylittlebows this isn t your typical love story find out why over ontheblog ic ad adaline http t co wzuxsdnfdn http t co j
-1	someone please go see the age of adaline with me
-1	check out the age of adaline moviefone http t co 1zgxrpxe9w
-1	i want to watch the age of adaline
-1	i wanna go see the age of adaline so bad
-1	the movie i m most excited to see in 2015 the age of adaline https t co db6edn1i3r
-1	i wanna watch the age of adaline soo soo bad
-1	rt oronaaclarissaa i can t wait to watch the age of adaline it looks so good adaline
-1	the age of adaline 2015 official trailer https t co 8zhpkvd9vn via youtube its comingg ouuut lt 3
-1	rt totalgamefreak the age of adaline is rated pg 13 for a suggestive comment that must be a very suggestion comment i kind of want to
-1	rt oronaaclarissaa i can t wait to watch the age of adaline it looks so good adaline
-1	rt tinylittlebows this isn t your typical love story find out why over ontheblog ic ad adaline http t co wzuxsdnfdn http t co j
-1	i want to see the age of adaline when it comes out
-1	rt tinylittlebows this isn t your typical love story find out why over ontheblog ic ad adaline http t co wzuxsdnfdn http t co j
-1	how the age of adaline gets eight adalinebowman blakelivelys davidlanzenberg theageofadaline http t co pwzg6wsnof
-1	kayleymelissa can you do the hairstyle that blake lively wore in age of adaline where she had a fishtail braid on the side in the trailer
-1	what s going on how the age of adaline gets eight decades of historical http t co oz1lzjbmhf get found gt http t co b6iz90zdiw
-1	the age of adaline official trailer 1 2015 blake lively harrison f https t co 6ehmpr9qvi via youtube
-1	really want to see the age of adaline
-1	rt oronaaclarissaa i can t wait to watch the age of adaline it looks so good adaline
-1	the age of adaline girls night out movie guide adaline via prettynameless http t co hwxtd38mcq
-1	rt oronaaclarissaa i can t wait to watch the age of adaline it looks so good adaline
-1	seeing an early screening of the age of adaline tomorrow so excited
-1	rt oronaaclarissaa i can t wait to watch the age of adaline it looks so good adaline
-1	the age of adaline is rated pg 13 for a suggestive comment that must be a very suggestion comment i kind of want to know what it is
-1	rt oronaaclarissaa i can t wait to watch the age of adaline it looks so good adaline
-1	rt oronaaclarissaa i can t wait to watch the age of adaline it looks so good adaline
-1	rt briicamille_ the age of adaline looks like a great movie
-1	rt oronaaclarissaa i can t wait to watch the age of adaline it looks so good adaline
-1	join us next weekend on erik s mini movie reviews when i ll be covering i don t know probably the age of adaline or maybe ex machina
-1	rt oronaaclarissaa i can t wait to watch the age of adaline it looks so good adaline
-1	rt sweeptight the movie i m most excited to see in 2015 the age of adaline lauren paints a beautiful life http t co khswhqnyp4
-1	rt itsmemaddieee i just wanna see the age of adaline
-1	i want to see the age of adaline
-1	rt oronaaclarissaa i can t wait to watch the age of adaline it looks so good adaline
-1	yo how the age of adaline gets eight decades of histor http t co bvxigvec75 blakelively ellis movies
-1	can t wait for the movies next weekend with michael to see the age of adaline
-1	rt oronaaclarissaa i can t wait to watch the age of adaline it looks so good adaline
-1	rt oronaaclarissaa i can t wait to watch the age of adaline it looks so good adaline
-1	rt oronaaclarissaa i can t wait to watch the age of adaline it looks so good adaline
-1	rt lexy_b__ i really need to see the age of adaline
-1	rt oronaaclarissaa i can t wait to watch the age of adaline it looks so good adaline
-1	rt oronaaclarissaa i can t wait to watch the age of adaline it looks so good adaline
-1	rt tinylittlebows this isn t your typical love story find out why over ontheblog ic ad adaline http t co wzuxsdnfdn http t co j
-1	rt oronaaclarissaa i can t wait to watch the age of adaline it looks so good adaline
-1	rt oronaaclarissaa i can t wait to watch the age of adaline it looks so good adaline
-1	rt oronaaclarissaa i can t wait to watch the age of adaline it looks so good adaline
-1	so excited for the age of adaline ageofadaline
-1	my stepmom and i have a mother daughter date next weekend to go see the age of adaline i am so excited
-1	rt oronaaclarissaa i can t wait to watch the age of adaline it looks so good adaline
-1	rt oronaaclarissaa i can t wait to watch the age of adaline it looks so good adaline
-1	the age of adaline 2015 http t co rrs54i1jq0 movies movies theageofadaline2015
-1	i loved the twist in age of ultron when they revealed ultron was adaline http t co qbbakcsqpb
-1	so excited for the age of adaline
-1	rt lexy_b__ i really need to see the age of adaline
-1	rt aubriette17 really wanna see the age of adaline
-1	rt christal_mccamy i want to see the age of adaline so badly
-1	rt smileyy_rileyyy just incase there was any doubt about how perfect blake lively is we now know she is flawless in any era thanks to th
-1	the age of adaline looks like a great movie
-1	rt aubriette17 really wanna see the age of adaline
-1	rt lexy_b__ i really need to see the age of adaline
-1	rt carly__dora need to see the age of adaline
-1	rt aubriette17 really wanna see the age of adaline
-1	rt carly__dora need to see the age of adaline
-1	rt carly__dora need to see the age of adaline
-1	i want to go see the age of adaline
-1	rt _nil3 the age of adaline looks really good
-1	rt eonefilms that s a wrap thank you michiel_huisman see the age of adaline when it opens in theatres everywhere april 24
-1	just incase there was any doubt about how perfect blake lively is we now know she is flawless in any era thanks to the age of adaline
-1	want to watch the age of adaline
-1	i really need to see the age of adaline
-1	rt conlipami the age of adaline deutsch http t co cwoodx4plu
-1	rt tinylittlebows this isn t your typical love story find out why over ontheblog ic ad adaline http t co wzuxsdnfdn http t co j
-1	rt tinylittlebows this isn t your typical love story find out why over ontheblog ic ad adaline http t co wzuxsdnfdn http t co j
-1	rt tinylittlebows this isn t your typical love story find out why over ontheblog ic ad adaline http t co wzuxsdnfdn http t co j
-1	rt sweeptight the movie i m most excited to see in 2015 the age of adaline lauren paints a beautiful life http t co khswhqnyp4
-1	rt carly__dora need to see the age of adaline
-1	rt carly__dora need to see the age of adaline
-1	need to see the age of adaline
-1	i just want to see the age of adaline
-1	rt prettynameless the age of adaline girls night out movie guide ic ad http t co fpyhnkk2xz
-1	rt kroegerdakota i wanna see the age of adaline
-1	rt prettynameless the age of adaline girls night out movie guide ic ad http t co fpyhnkk2xz
-1	the age of adaline 2015 http t co cfakx9uz6s
-1	who s going to see the age of adaline with me friday
-1	rt _nil3 the age of adaline looks really good
-1	the age of adaline is a newer version of 17 again
-1	i want to go see the age of adaline not because i think it looks really good but because blake lively is in it and she s just so pretty
-1	i want to watch the age of adaline bc blake lively is perfect
-1	the age of adaline looks great
-1	the age of adaline looks really good
-1	i m definitely going to see the age of adaline it looks really good
-1	i wanna see the age of adaline too lol
-1	michiel promoting on tv the age of adalaine michiel_huisman michielhuisman theageofadaline gameofthrones http t co r7jqdjdn1f
-1	i m so excited to watch the age of adaline
-1	the age of adaline is basically watch blake lively wear different outfits and stay hot forever its the movie equivalent of the humble brag
-1	one week until the premiere of age of adaline but i think i ll have to wait a little more to watch the movie where i live
-1	rt prettynameless the age of adaline girls night out movie guide ic ad http t co fpyhnkk2xz
-1	i really want to see the age of adaline it sounds so good
-1	someone go with me to see the age of adaline next weekend https t co 8qcodjt1qq
-1	rt eoneanz until one cold night in 1935 when something incredible happened adaline tix http t co augcd55fen https t co i0pst
-1	rt itsmemaddieee i just wanna see the age of adaline
-1	the age of adaline is gonna be so good aaahh
-1	rt reellifejane nebrinkley reviews ageofadaline beautifully filmed needs backstory http t co nrrr8nxaye adaline http t co 7o2r
-1	the age of adaline doesn t even look that good but i wanna go see it coz blake lively but i ll end up crying in the theatre bc she s so hot
-1	rt kellynelise i think the age of adaline is just about blake lively s real life of being flawless for life
-1	someone go see the age of adaline with me when it comes out
-1	rt tinylittlebows this isn t your typical love story find out why over ontheblog ic ad adaline http t co wzuxsdnfdn http t co j
-1	the movie i m most excited to see in 2015 the age of adaline lauren paints a beautiful life http t co khswhqnyp4
-1	i liked a youtube video http t co rnn8mo826y the age of adaline official trailer 1 2015 blake lively harrison ford movie hd
-1	i want to see the age of adaline
-1	rt tinylittlebows this isn t your typical love story find out why over ontheblog ic ad adaline http t co wzuxsdnfdn http t co j
-1	rt dyana_flores i really wanna see the age of adaline
-1	rt b_rooklynnn i wanna see the age of adaline
-1	rt tinylittlebows this isn t your typical love story find out why over ontheblog ic ad adaline http t co wzuxsdnfdn http t co j
-1	rt tinylittlebows this isn t your typical love story find out why over ontheblog ic ad adaline http t co wzuxsdnfdn http t co j
-1	rt tinylittlebows this isn t your typical love story find out why over ontheblog ic ad adaline http t co wzuxsdnfdn http t co j
-1	rt dyana_flores i really wanna see the age of adaline
-1	yesterday saw the age of adaline in which the title character is like captain jack harkness as she becomes an http t co vaose8juve
-1	rt instyle the age of adaline s michiel_huisman on why blakelively was always meant to be a mom http t co 2ffdqmrtjs http t co udl
-1	michelleeaf i m so gonna see it then amp the age of adaline we should see that one together
-1	live in louisville join me for an advanced screening of ageofadaline http t co 8qj4gpj4hr
-1	blake lively looks beautiful at age of adaline press conference at the four seasons hotel in beverly hills http t co imlcgiexuf
-1	blake lively looks beautiful at age of adaline press conference at the four seasons hotel in beverly hills http t co vfemykrhtd
-1	free advance movie screening of the age of adaline ageofadaline in fresno ca via gigifromcali studio code http t co ymo6piu2um
-1	rt _laurenmorris98 really wanna see the age of adaline
-1	rt skyler_kaitlynn i really want to see the age of adaline
-1	rt ayee_jackieee low key i only want to watch the age of adaline because of blake lively sheshot nolesbo ipromise haha
-1	rt _emilydaniels_ i wanna see the age of adaline
-1	i really want to see the age of adaline
-1	blake lively rocks her post baby body and fierce legs in a bright yellow dress see the photo http t co u9d8ex3ttu via usweekly
-1	rt dyana_flores i really wanna see the age of adaline
-1	i wanna see the age of adaline
-1	can t wait to see the age of adaline girls night out movie guide adaline via prettynameless http t co 5cu7vh1nu8
-1	rt dyana_flores i really wanna see the age of adaline
-1	the age of adaline is a love story with a brain good to see blakelively in a role as a prime mover
-1	someone take me to see the age of adaline please
-1	really wanna see the age of adaline
-1	rt shedoesthecity win tix rt dear shedoesthecity please send me to the age of adaline starring blake lively amp harrison ford i want
-1	i wanna watch the age of adaline
-1	rt casandrab_ i want to watch the age of adaline
-1	rt b_rooklynnn i wanna see the age of adaline
-1	the age of adaline official trailer 1 2015 blake lively harrison ford movie hd filmed in vancouver http t co 5caxgbe7k2
-1	rt b_rooklynnn i wanna see the age of adaline
-1	rt imdb_21 i wanna see the age of adaline chickflick dontcare
-1	the movie i m most excited to see in 2015 the age of adaline lauren paints a beautiful life http t co 2o0rqfld2z
-1	can t wait to go see the age of adaline
-1	i really wanna see the age of adaline
-1	the age of adaline girls night out movie guide adaline via prettynameless http t co wvade4zpsq
-1	rt dear shedoesthecity please send me to the age of adaline starring blake lively amp harrison ford i want to transcend time
-1	i wanna see the age of adaline chickflick dontcare
-1	the age of adaline movie review lionsgate entertainment production the age of adaline movie hits select theaters http t co vjkdasgs6h
-1	rt b_rooklynnn i wanna see the age of adaline
-1	movie reviews movie review the age of adaline beautifully filmed needs backstory reel life with jane blo http t co lpfijkti1v
-1	midnight premiere next week of the age of adaline
-1	abdoshaban_ you forgot the age of adaline movie
-1	the age of adaline looks so good
-1	my mom was so pumped and said let s go see the age of adaline tonight and sadly i had to tell her it comes out next week hurry
-1	i can t wait to watch the age of adaline it looks so good adaline
-1	i want to watch the age of adaline
-1	i wanna see the age of adaline
-1	rt styleblazer retweet for a chance to win an ageofadaline prize pack adaline more info here http t co hwr5tas8nf http t co scqgss
-1	rt delgadodolphin hey dolphins free passes to the age of adaline just go to http t co 1jlpxrozcf and enter the code aoanoladcc see
-1	the age of adaline movie review lionsgate entertainment production the age of adaline movie hits select theaters http t co 0oxdessfsb
-1	i want to see the age of adaline so badly
-1	i feel like all of these reviews for age of adaline are the most absurd things ever
-1	rt styleblazer retweet for a chance to win an ageofadaline prize pack adaline more info here http t co hwr5tas8nf http t co scqgss
-1	rt styleblazer retweet for a chance to win an ageofadaline prize pack adaline more info here http t co hwr5tas8nf http t co scqgss
-1	rt trafalgaraus win yourself a trip to sanfrancisco as we celebrate the release of age of adaline with bendonlingerie amp eone_anz http
-1	bring the age of adaline to minneapolis saint paul demand it at eventful http t co ogo3hs6krf
-1	i want to see the age of adaline sooooooo bad
-1	the age of adaline looks interesting not to mention blake lively
-1	the movie i m most excited to see in 2015 the age of adaline lauren paints a beautiful life http t co x8a4bqcirc
-1	rt eoneanz blakelively is luminous and magnetic richardwilkins reviews the age of adaline out now http t co e4wuxojyzy http t
-1	s o to lionsgatemovies for giving me free screening passes to see the age of adaline
-1	the age of adaline girls night out movie guide adaline via prettynameless http t co i3dsfmu0ag shared by stylishgeek
-1	the age of adaline 2015 official trailer http t co tescwrxffg
-1	starwars isn t the only movie harrisonford is working on take a look http t co myekej9atv cc ageofadaline amandaccrew
-1	the age of adaline is going to be so sad
-1	nebrinkley reviews ageofadaline beautifully filmed needs backstory http t co nrrr8nxaye adaline http t co 7o2rfympkh
-1	movie review the age of adaline the chemistry is more forced when it comes to adaline s latest love interest http t co yiiqjmgyhv
-1	rt shedoesthecity win tix rt dear shedoesthecity please send me to the age of adaline starring blake lively amp harrison ford i want
-1	rt tinylittlebows this isn t your typical love story find out why over ontheblog ic ad adaline http t co wzuxsdnfdn http t co j
-1	i want to see the age of adaline
-1	until one cold night in 1935 when something incredible happened adaline tix http t co augcd55fen https t co i0pstjy2ox
-1	rt hannahh_aralynn wanna watch the age of adaline so bad
-1	the age of adaline full movie youtube http t co ukxwqxswbf
-1	rt hannahh_aralynn wanna watch the age of adaline so bad
-1	win tix rt dear shedoesthecity please send me to the age of adaline starring blake lively amp harrison ford i want to transcend time
-1	i cant wait to see the age of adaline
-1	rt ayee_jackieee low key i only want to watch the age of adaline because of blake lively sheshot nolesbo ipromise haha
-1	ugh i wanna see the age of adaline so bad
-1	take me to the age of adaline when it comes out the the avengers and then also pitch perfect
-1	rt ayee_jackieee low key i only want to watch the age of adaline because of blake lively sheshot nolesbo ipromise haha
-1	http t co gpxwvbd2tu the age of adaline sweepstakes http t co vf8dlmhu5d
-1	low key i only want to watch the age of adaline because of blake lively sheshot nolesbo ipromise haha
-1	rt prettynameless the age of adaline girls night out movie guide ic ad http t co fpyhnkk2xz
-1	the age of adaline official trailer 1 2015 blake lively harrison f https t co qypv5egv4s via youtube
-1	rt filmmusicrep the age of adaline soundtrack features songs by bob dylan jefferson airplane sam amp dave the antlers amp more http t
-1	rt avgsocialite what if you could live forever catch blakelively amp michiel_huisman ageofadaline premiere adaline ageofadaline htt
-1	rt prettynameless the age of adaline girls night out movie guide ic ad http t co fpyhnkk2xz
-1	rt tinylittlebows this isn t your typical love story find out why over ontheblog ic ad adaline http t co wzuxsdnfdn http t co j
-1	in louisville enter to win advance passes to ageof http t co 8qj4gpj4hr
-1	i really wanna see the duff the age of adaline and true story
-1	rt tinylittlebows this isn t your typical love story find out why over ontheblog ic ad adaline http t co wzuxsdnfdn http t co j
-1	while we re young the age of adaline when different worlds collide http t co xas3k6tkeq
-1	i really wanna see age of adaline furious 7 and the longest ride
-1	i must see the age of adaline
-1	love love love hearing gabrielleaplin in the age of adaline trailer
-1	rt tinylittlebows this isn t your typical love story find out why over ontheblog ic ad adaline http t co wzuxsdnfdn http t co j
-1	rt tinylittlebows this isn t your typical love story find out why over ontheblog ic ad adaline http t co wzuxsdnfdn http t co j
-1	rt prettynameless the age of adaline girls night out movie guide ic ad http t co fpyhnkk2xz
-1	the age of adaline looks like such a good movie omg
-1	blake lively on the age of adaline and ryan reynolds crying http t co jk9smmjslb
-1	rt itsmemaddieee i just wanna see the age of adaline
-1	lol the age of adaline followed me
-1	rt kellynelise i think the age of adaline is just about blake lively s real life of being flawless for life
-1	i liked a youtube video from popsugarvideo http t co x3z4ojc149 blake lively on the age of adaline and ryan reynolds crying
-1	rt tinylittlebows this isn t your typical love story find out why over ontheblog ic ad adaline http t co wzuxsdnfdn http t co j
-1	i want to see the age of adaline so bad
-1	the age of adaline looks adorable
-1	the age of adaline looks soooooo good
-1	i just wanna see the age of adaline
-1	ok im in the cinema we are watching age of adaline gtg
-1	i wanna watch the age of adaline _
-1	the age of adaline full movie play now http t co v3emwinzfp more movie http t co 19uwt5yrkl http t co oka2eebjgp
-1	the age of adaline girls night out movie guide adaline http t co mmud5ges8k via prettynameless
-1	rt susieqpon the movie i m most excited to see in 2015 the age of adaline lauren paints a beautiful life http t co 5uielxmvlr
-1	rt susieqpon the movie i m most excited to see in 2015 the age of adaline lauren paints a beautiful life http t co 5uielxmvlr
-1	the age of adaline looks so ugly
-1	the movie i m most excited to see in 2015 the age of adaline lauren paints a beautiful life http t co jqexokxdpq
-1	pretty sure the age of adaline is a true story because blake lively will forever be flawless
-1	i want to go see the age of adaline beacuse blake lively and harrison ford
-1	wanna watch the age of adaline so bad
-1	aw the age of adaline movie account followed me cute i can t wait to see it
-1	i need to watch the age of adaline
-1	the movie i m most excited to see in 2015 the age of adaline lauren paints a beautiful life http t co 5uielxmvlr
-1	the movie i m most excited to see in 2015 the age of adaline http t co wzuxsdeq4v
-1	rt _laurenmorris98 really wanna see the age of adaline
-1	inside look of the age of adaline http t co dit4c3wjnl lgbt uk ireland belongtoyes
-1	rt tinylittlebows this isn t your typical love story find out why over ontheblog ic ad adaline http t co wzuxsdnfdn http t co j
-1	i also want to watch the age of adaline
-1	rt tinylittlebows this isn t your typical love story find out why over ontheblog ic ad adaline http t co wzuxsdnfdn http t co j
-1	dear shedoesthecity please send me to the age of adaline starring blake lively amp harrison ford i want to transcend time
-1	rt tinylittlebows this isn t your typical love story find out why over ontheblog ic ad adaline http t co wzuxsdnfdn http t co j
-1	rt tinylittlebows this isn t your typical love story find out why over ontheblog ic ad adaline http t co wzuxsdnfdn http t co j
-1	rt tinylittlebows this isn t your typical love story find out why over ontheblog ic ad adaline http t co wzuxsdnfdn http t co j
-1	i think the age of adaline is just about blake lively s real life of being flawless for life
-1	the age of adaline is screening at the kenwood theater on tuesday april 21st 7 00 p m click the link to http t co kvvasnetd7
-1	inside look of the age of adaline http t co cinzmmgx3y usa lgbt boycottdolcegabbana
-1	the age of adaline i like the story
-1	who wants to see the age of adaline with me
-1	really wanna see the age of adaline
-1	this isn t your typical love story find out why over ontheblog ic ad adaline http t co wzuxsdnfdn http t co jepapcf8ri
-1	rt eyenezzz i wanna see the age of adaline
-1	i liked a youtube video from popsugarvideo http t co bbxernlryx blake lively on the age of adaline and ryan reynolds crying
-1	aaaaaghhhh must see the age of adaline
-1	the age of adaline movie review http t co glqucum7wf via youtube
-1	the age of adaline i can t wait
-1	i wanna see the age of adaline
-1	i just entered to win an ageofadaline prize pack from wesonerdy adaline http t co 7ohfv0z8yq
-1	i added a video to a youtube playlist http t co glqucum7wf the age of adaline movie review
-1	jayasax age of adaline but she can t stop watching bill o reilly to see what the other side is up to dear
-1	san antonio free passes to ageofadaline http t co p1cglcz1sp just print them out
-1	get inspired and check out fashion through the decades courtesy of the age of adaline http t co gmw3zy1ksa
-1	get inspired and check out fashion through the decades courtesy of the age of adaline http t co sx1qjq1ujl
-1	san antonio free passes to ageofadaline http t co i72umtg9zp just print them out
-1	can t wait for the age of adaline to come out
-1	we got passes to see the age of adaline on tuesday i m super happy because i want to see this movie so bad
-1	age of adaline but she stays just as overtly racist as anyone from the 1930s would be
-1	i can t wait till the age of adaline is in theaters
-1	i wanna see the age of adaline
-1	post edited the age of adaline http t co yltknsm6os
-1	rt tnscreenings e advance movie screening of the age of adaline ageofadaline in nashville tn via lionsgatemovies studio code htt
-1	rt tnscreenings e advance movie screening of the age of adaline ageofadaline in nashville tn via lionsgatemovies studio code htt
-1	e advance movie screening of the age of adaline ageofadaline in nashville tn via lionsgatemovies studio code http t co jiqvx5ylyz
-1	rt shelbey911 dying to see the age of adaline
-1	i have passes to the age of adaline who wants to go w me
-1	rt prettynameless the age of adaline girls night out movie guide ic ad http t co fpyhnkk2xz
-1	i really wanna watch the age of adaline
-1	rt izzy_louu i want to see the longest ride amp age of adaline
-1	i need to see the age of adaline
-1	rt shedoesthecity rt 2 win dear shedoesthecity please send me to the age of adaline starring blake lively amp harrison ford i want to
-1	free advance movie screening of the age of adaline ageofadaline in fort myers fl studio code http t co vtvp0yh85e
-1	rt madisona_hewitt i want to see the age of adaline
-1	rt izzy_louu i want to see the longest ride amp age of adaline
-1	rt hayleynininger_ i just want the age of adaline to come out now
-1	i want to see the longest ride amp age of adaline
-1	i just want the age of adaline to come out now
-1	rt lakeshorerecs pre order the age of adaline ost feat robsimonsen more http t co keqab1wqva blakelively michielhuisman http t
-1	dying to see the age of adaline
-1	rt ageofadaline the grand age of adaline score by robsimonsen now available for pre order at itunesmusic http t co bcliplkuhx http
-1	rt ewtimstack the age of adaline 2 mall cop
-1	houston free passes to ageofadaline http t co i72umtg9zp just print them out
-1	houston free passes to ageofadaline http t co p1cglcz1sp just print them out
-1	literally so excited for the age of adaline to come out like you don t even know
-1	i won t stop aging like adaline but i ll look timeless with this ageofadaline prize pack from hashtagave adaline http t co ggxir4yvib
-1	rt madisona_hewitt i want to see the age of adaline
-1	free advance movie screening of the age of adaline ageofadaline in winter park fl via parkavecds studio code http t co udfyxkj4nb
-1	advance movie screening of the age of adaline ageofadaline in louisville ky via owensgrouplouis studio code http t co m76d0gfjbj
-1	rt madisona_hewitt i want to see the age of adaline
-1	rt ambermariee8 i want to see the age of adaline
-1	e advance movie screening of the age of adaline ageofadaline in fort myers fl via cinesportstalk studio code http t co ynn5vzekt1
-1	i want to see the age of adaline
-1	inside look of the age of adaline http t co dit4c3wjnl lgbt uk ireland belongtoyes
-1	rt chasing3ismyjob went to an a advance showing of the age of adaline fun night and a good movie adaline
-1	rt lionsgatemovies live on periscope the age of adaline chicago screening https t co zkvwqflbal
-1	rt ageofadaline sending cyber hugs rt victorochodiaz got a little misty eyed seeing the age of adaline need to go home hug my dogs
-1	rt lakeshorerecs pre order the age of adaline ost feat robsimonsen more http t co keqab1wqva blakelively michielhuisman http t
-1	rt ageofadaline the grand age of adaline score by robsimonsen now available for pre order at itunesmusic http t co bcliplkuhx http
-1	rt ageofadaline check check and check rt debragarnets19 the age of adaline looks like an emotional romantic amp spellbinding movie
-1	rt ageofadaline true love 100 years in the making adaline http t co kegu63skl1
-1	rt edenjuel of course they picked blakelively to play the girl who didn t age she s gorgeous muchlove adaline
-1	free advance movie screening of the age of adaline ageofadaline in raleigh nc studio code http t co dykxxkwm2y
-1	the age of adaline girls night out movie guide adaline via prettynameless http t co 8zxbpr5uvq
-1	rt mimaaaye the age of adaline i want to see it
-1	rt ohwildyouth check out the lyric video for start again feat elena the official single from the age of adaline soundtrack https
-1	wanna see the age of adaline sooo bad
-1	rt flscreenings e advance movie screening of the age of adaline ageofadaline in fort myers fl via redcarpetcrash studio code htt
-1	rt flscreenings e advance movie screening of the age of adaline ageofadaline in fort myers fl via redcarpetcrash studio code htt
-1	rt freemovies e advance movie screening of the age of adaline ageofadaline in fort myers fl via redcarpetcrash studio code http
-1	rt freemovies e advance movie screening of the age of adaline ageofadaline in fort myers fl via redcarpetcrash studio code http
-1	e advance movie screening of the age of adaline ageofadaline in fort myers fl via redcarpetcrash studio code http t co hfiyqqcd92
-1	rt mauonc the age of adaline official trailer 1 2015 blake lively harrison ford movie hd ya quiero http t co ge0yu3l5ev
-1	rt prettynameless the age of adaline girls night out movie guide ic ad http t co fpyhnkk2xz
-1	i want to see the age of adaline
-1	free advance movie screening of the age of adaline ageofadaline in miami fl via cinesportstalk studio code http t co g4mnjnwz3x
-1	the age of adaline
-1	rt mauonc the age of adaline official trailer 1 2015 blake lively harrison ford movie hd ya quiero http t co ge0yu3l5ev
-1	rt mauonc the age of adaline official trailer 1 2015 blake lively harrison ford movie hd ya quiero http t co ge0yu3l5ev
-1	i really want to see the age of adaline
-1	the age of adaline official trailer 1 2015 blake lively harrison ford movie hd ya quiero http t co ge0yu3l5ev
-1	i wanna see the age of adaline
-1	i wanna see the age of adaline
-1	i am intrigued by the age of adaline i definitely want to see it
-1	someone take me to see the age of adaline
-1	the age of adaline girls night out movie guide adaline via prettynameless http t co vjbllecown
-1	rt madeinblog how gorgeous is this look by jeanfrancoiscd for our campaign for the movie the age of adaline adaline https t co
-1	rt katie_scheu ohmygod i can t wait for the age of adaline to come out blakelively
-1	hw the age of adaline gets 8 decades of historical minutiae right blakelively ellis movies oscar http t co qlzoc9l5im
-1	dallas free passes to ageofadaline http t co p1cglcz1sp just print them out
-1	dallas free passes to ageofadaline http t co i72umtg9zp just print them out
-1	have to see the age of adaline because blake lively
-1	hw the age of adaline gets 8 decades of historical minutiae right adalinebowman blakelivelys davidlanzenberg http t co kmhe21dy15
-1	i can t wait to see the age of adaline
-1	rt prettynameless the age of adaline girls night out movie guide ic ad http t co fpyhnkk2xz
-1	rt prettynameless the age of adaline girls night out movie guide ic ad http t co fpyhnkk2xz
-1	ohmygod i can t wait for the age of adaline to come out blakelively
-1	wanna see unfriended wanna see the longest ride wanna see the age of adaline
-1	also the age of adaline looks like it could very well be the worst movie of 2015
-1	i must see the age of adaline
-1	i need to see the age of adaline
-1	i can t wait to go see the age of adaline
-1	i need to see the age of adaline now
-1	rt eonefilms i m tired of running watch an excl new clip from the age of adaline out apr 24 but warning it s a weepie http t
-1	i m tired of running watch an excl new clip from the age of adaline out apr 24 but warning it s a weepie http t co 0rl2pxgk55
-1	the age of adaline deutsch http t co cwoodx4plu
-1	i loved theageofadaline it is a sweet and charming story with an amazing cast you should consider seeing it http t co rrodga3qca
-1	rt prettynameless the age of adaline girls night out movie guide ic ad http t co fpyhnkk2xz
-1	rt madeinblog how gorgeous is this look by jeanfrancoiscd for our campaign for the movie the age of adaline adaline https t co
-1	how gorgeous is this look by jeanfrancoiscd for our campaign for the movie the age of adaline adaline https t co irt6zfa4ii
-1	rt raine_thomas seeing double in neverland advance screening of the age of adaline review by fallon http t co btnaymi54z via bookin
-1	hw the age of adaline gets 8 decades of historical minutiae right adalinebowman blakelively movies oscar http t co 4wsyasawr3
-1	live in louisville enter to win passes to see ageofadaline http t co 8qj4gpj4hr
-1	missed our the age of adaline advance screenings catch the trailer amp discover adaline in theaters 4 24 http t co ro3dbteody
-1	missed our the age of adaline advance screenings catch the trailer amp discover adaline in theaters 4 24 http t co 8sc2o1hc5o
-1	missed our the age of adaline advance screenings catch the trailer amp discover adaline in theaters 4 24 http t co ixthnllic0
-1	missed our the age of adaline advance screenings catch the trailer amp discover adaline in theaters 4 24 http t co he1gsudmg1
-1	missed our the age of adaline advance screenings catch the trailer amp discover adaline in theaters 4 24 http t co h8cqsxtpx3
-1	missed our the age of adaline advance screenings catch the trailer amp discover adaline in theaters 4 24 http t co y2rrchktf7
-1	missed our the age of adaline advance screenings catch the trailer amp discover adaline in theaters 4 24 http t co t5rv0qicm3
-1	missed our the age of adaline advance screenings catch the trailer amp discover adaline in theaters 4 24 http t co yv6q1aa9o7
-1	missed our the age of adaline advance screenings catch the trailer amp discover adaline in theaters 4 24 http t co mn4apq8zaw
-1	missed our the age of adaline advance screenings catch the trailer amp discover adaline in theaters 4 24 http t co 1rwbqv2ipa
-1	missed our the age of adaline advance screenings catch the trailer amp discover adaline in theaters 4 24 http t co sbso6ay0nc
-1	missed our the age of adaline advance screenings catch the trailer amp discover adaline in theaters 4 24 http t co fof53utsep
-1	missed our the age of adaline advance screenings catch the trailer amp discover adaline in theaters 4 24 http t co ookmnorixp
-1	missed our the age of adaline advance screenings catch the trailer amp discover adaline in theaters 4 24 http t co nqheqgsu8c
-1	wanna see the age of adaline so bad
-1	how the age of adaline gets eight decades of historical minutiae right in the film out next friday blake http t co dkznp0jo3d
-1	rt shedoesthecity rt 2 win dear shedoesthecity please send me to the age of adaline starring blake lively amp harrison ford i want to
-1	the age of adaline 2015 official trailer https t co rsdh2woatl via youtube
-1	i won t stop aging like adaline but i ll look timeless with this ageofadaline prize pack from hashtagave adaline http t co 6i688ye1xf
-1	rt blakefansite you still have a few days left to enter our adaline giveaway seriously check out the prizes and enter http t co
-1	rt jessica_sharrah i need to see the age of adaline
-1	i liked a youtube video http t co g0f9y4r9hw the age of adaline 2015 official trailer
-1	check out our photos from the age of adaline advance screening amp party http t co lil4tvifwz
-1	you still have a few days left to enter our adaline giveaway seriously check out the prizes and enter http t co 0yopvlkwa1
-1	rt dorkshelf win passes to see the age of adaline in select cites across canada courtesy of eonefilms http t co 1aolusczog http t co
-1	the age of adaline comes out on my birthday and i don t think that s a coincidence
-1	want to see the age of adaline love blakelively
-1	the age of adaline free movie tickets available for 04 21 15 in tampa fl please follow http t co tlzvwropw5 theageofadaline
-1	the age of adaline 2015 official trailer https t co zuwfyecjfl via youtube
-1	the age of adaline free movie tickets available for 04 21 15 in winter park fl please follow http t co vsbwjyisee theageofadaline
-1	rt ageofadaline true love 100 years in the making adaline http t co kegu63skl1
-1	oklahoma city free passes to ageofadaline http t co p1cglcz1sp just print them out
-1	oklahoma city free passes to ageofadaline http t co i72umtg9zp just print them out
-1	dear shedoesthecity please send me to the age of adaline starring blake lively amp harrison ford i want to transcend time
-1	movie review the age of adaline http t co 3h7hybeiu3
-1	the age of adaline free movie tickets available for 04 21 15 in washington dc please follow http t co xxuwfqgmir theageofadaline
-1	rt shedoesthecity rt 2 win dear shedoesthecity please send me to the age of adaline starring blake lively amp harrison ford i want to
-1	review for the age of adaline http t co zinwhgibga blakelively michiel_huisman ageofadaline ageofadaline blakelively michielhuisman
-1	rt etalkctv michiel huisman drops by the etalk newsroom for a chat with daniellegraham about his new movie the age of adaline http t
-1	the age of adaline looks really good
-1	watch an exclusive clip of blake lively s new film the age of adaline http t co 7l5ozgniie fashion news http t co 3grkkz4wra
-1	the only thing i was thinking about the whole time i was watching the age of adaline was how incredibly gorgeous blake lively is
-1	rt parkavecds get a free pass to an advance screening of age of adaline on tuesday april 21 at 7 30pm at the regal winter http t c
-1	the age of adaline
-1	wyattduncan the age of adaline is currently at 80 on rt it s 4 for 5 fresh get ready 1weektilladaline
-1	rt jessica_sharrah i need to see the age of adaline
-1	get a free pass to an advance screening of age of adaline on tuesday april 21 at 7 30pm at the regal winter http t co rvrvmeute2
-1	realllly wanna go see the age of adaline next week
-1	dear shedoesthecity please send me to the age of adaline starring blake lively amp harrison ford i want to transcend time
-1	blake lively fan the age of adaline clip heartbreak http t co lmek5kbbxc blakelively blakelively adaline
-1	blake lively s the age of adaline a young woman rendered ageless after an accident finds love coming to theaters april 24th
-1	icymi exclusive new ageofadaline clip adaline prize pack giveaway http t co shbnoikinh lionsgatemovies
-1	few things look this good after 107 years http t co sgsotf1ag9 ageofadaline adaline http t co p3xl1fqox6
-1	the age of adaline 2 mall cop
-1	beatrixfatale i m only going to see the age of adaline because he s in it
-1	rt etalkctv michiel huisman drops by the etalk newsroom for a chat with daniellegraham about his new movie the age of adaline http t
-1	rt prettynameless the age of adaline girls night out movie guide ic ad http t co fpyhnkk2xz
-1	rt shedoesthecity rt 2 win dear shedoesthecity please send me to the age of adaline starring blake lively amp harrison ford i want to
-1	the age of adaline interviews with blake lively amp michiel huisman http t co mojdkgavho theageofadaline
-1	the age of adaline official movie trailer 1 opens april 24 https t co hxcold6zvg via youtube
-1	i need to see the age of adaline
-1	rt ageofadaline true love 100 years in the making adaline http t co kegu63skl1
-1	dear shedoesthecity please send me to the age of adaline starring blake lively amp harrison ford i want to transcend time
-1	my god someone take me to see the age of adaline
-1	if i go to the cinema next week then i could see the age of adaline a mockingjay part 2 preview omg
-1	tagline for theageofadaline adaline will never age another day so now a fictional character is at the top of every studio casting list
-1	i really want to see the age of adaline
-1	i want the age of adaline to come out so bad
-1	watch an exclusive clip of blake lively s new film the age of adaline http t co lotfxug8xh
-1	watch an exclusive clip of blake lively s new film the age of adaline http t co qzefycetsf
-1	i really can t wait to see unfriended amp the age of adaline
-1	the age of adaline movie looks incredible mainly because it s blake lively but still
-1	new orleans free passes to ageofadaline http t co p1cglcz1sp just print them out
-1	new orleans free passes to ageofadaline http t co i72umtg9zp just print them out
-1	watch an exclusive clip of blake lively s new film the age of adaline http t co qe2vvr4hjz
-1	rt prettynameless the age of adaline girls night out movie guide ic ad http t co fpyhnkk2xz
-1	watch an exclusive clip of blake lively s new film the age of adaline http t co kvw8hvzggi
-1	rt dear shedoesthecity please send me to the age of adaline starring blake lively amp harrison ford i want to transcend time
-1	rt shedoesthecity rt 2 win dear shedoesthecity please send me to the age of adaline starring blake lively amp harrison ford i want to
-1	the age of adaline review silly movie takes itself too http t co xcqegzh651
-1	rt kerensacadenas i m seeing the age of adaline for harrison ford wanderinggreene
-1	i really want to see the age of adaline
-1	watch an exclusive clip of blake lively s new film the age of adaline http t co 8eletefplg
-1	watch an exclusive clip of blake lively s new film the age of adaline http t co m1fdgvisa4
-1	watch an exclusive clip of blake lively s new film the age of adaline http t co cjnceziakz
-1	watch an exclusive clip of blake lively s new film the age of adaline gt gt http t co 0czbkzvcdv
-1	watch an exclusive clip of blake lively s new film the age of adaline http t co qw5hzqfyqa
-1	watch an exclusive clip of blake lively s new film the age of adaline http t co vwx80mtxoa
-1	rt itslee0102 the longest ride came out last week and the age of adaline comes out next week i see a movie date by myself in the near fu
-1	watch an exclusive clip of blake lively s new film the age of adaline http t co pb7nukzexs
-1	watch an exclusive clip of blake lively s new film the age of adaline http t co 3pwyonwgtf
-1	watch an exclusive clip of blake lively s new film the age of adaline http t co nnfuur4il3
-1	watch an exclusive clip of blake lively s new film the age of adaline http t co mqijttdsr8
-1	watch an exclusive clip of blake lively s new film the age of adaline http t co teydmkz9ef
-1	watch an exclusive clip of blake lively s new film the age of adaline http t co 8halo4qf32
-1	is the age of adaline out yet
-1	watch an exclusive clip of blake lively s new film the age of adaline http t co 0yp2jfpiix
-1	rt shedoesthecity rt 2 win dear shedoesthecity please send me to the age of adaline starring blake lively amp harrison ford i want to
-1	thanks for a great night at the seattlerefined adaline vip screening check out the pics http t co wcqld6qmet
-1	watch an exclusive clip of blake lively s new film the age of adaline http t co ug8fouujez by refinery29 lifestyle
-1	before i wake the age of adaline poltergeist pitch perfect 2 tomorrowland inside out minions paper towns me amp early amp the dying girl
-1	watch an exclusive clip of blake lively s new film the age of adaline http t co i3yjx1dclg opening april 24 http t co hy7f6kmeea
-1	dear shedoesthecity please send me to the age of adaline starring blake lively amp harrison ford i want to transcend time
-1	watch an exclusive clip of blake lively s new film the age of adaline http t co fql86ybl2z
-1	watch an exclusive clip of blake lively s new film the age of adaline http t co m81sd7qplt
-1	watch an exclusive clip of blake lively s new film the age of adaline http t co f4oufzisn6
-1	watch an exclusive clip of blake lively s new film the age of adaline http t co yxp3xzkcjb
-1	the age of adaline http t co jfoqh56lba
-1	cw for the age of adaline to come out
-1	the age of adaline free movie tickets available for 04 21 15 in san francisco ca please follow http t co mhqcywncmr theageofadaline
-1	rt shedoesthecity rt 2 win dear shedoesthecity please send me to the age of adaline starring blake lively amp harrison ford i want to
-1	dear shedoesthecity please send me to the age of adaline starring blake lively amp harrison ford i want to transcend time
-1	rt prettynameless the age of adaline girls night out movie guide ic ad http t co fpyhnkk2xz
-1	rt shedoesthecity rt 2 win dear shedoesthecity please send me to the age of adaline starring blake lively amp harrison ford i want to
-1	movie preview age of adaline get free tickets to the advance screening http t co cjlopwxns6
-1	watch an exclusive clip of blake lively s new film the age of adaline http t co sss7zbvr4d
-1	watch an exclusive clip of blake lively s new film the age of adaline http t co 8ba5fegr0u
-1	the age of adaline i want to see it
-1	the longest ride came out last week and the age of adaline comes out next week i see a movie date by myself in the near future
-1	i am no longer associated with lionsgatemovies but am looking forward to the age of adaline opening next friday thanks
-1	rt samthemailman fort myers free passes to the age of adaline tuesday http t co viwlsebzft http t co mcolsoxqwk via redcarpetcr
-1	fort myers free passes to the age of adaline tuesday http t co viwlsebzft http t co mcolsoxqwk via redcarpetcrash
-1	rt ohwildyouth check out the lyric video for start again feat elena the official single from the age of adaline soundtrack https
-1	rt ohwildyouth check out the lyric video for start again feat elena the official single from the age of adaline soundtrack https
-1	rt jennifer_sikora are you planning to see the age of adaline here are my thoughts ad ic http t co p3rqmil3ci
-1	rt ohwildyouth check out the lyric video for start again feat elena the official single from the age of adaline soundtrack https
-1	rt seattlerefined photos fantastic fashion at the age of adaline vip screening cocktail party http t co kguirssgh8 pacific_place ht
-1	rt seattlerefined photos fantastic fashion at the age of adaline vip screening cocktail party http t co kguirssgh8 pacific_place ht
-1	rt imaliwaller the age of adaline could be called look at blake lively in different outfits for 2 hours and i d still want to see i
-1	i wanna see the age of adaline
-1	the ageofadaline is in theaters 4 24 we spoke with director lee toland krieger http t co fgowmuvxbk adaline http t co rpubalohbf
-1	dear shedoesthecity please send me to the age of adaline starring blake lively amp harrison ford i want to transcend time
-1	rt ohwildyouth check out the lyric video for start again feat elena the official single from the age of adaline soundtrack https
-1	rt prettynameless the age of adaline girls night out movie guide ic ad http t co fpyhnkk2xz
-1	i want to see the age of adaline so badly she reminds me of tessa
-1	rt ohwildyouth check out the lyric video for start again feat elena the official single from the age of adaline soundtrack https
-1	free advance movie screening of the age of adaline ageofadaline in greenville sc studio code http t co rvjb3snq57
-1	rt etalkctv michiel huisman drops by the etalk newsroom for a chat with daniellegraham about his new movie the age of adaline http t
-1	would you want to live forever like adaline ad http t co fpyhnkk2xz ic
-1	i can t watch live tv until the age of adaline is out of theaters fast forward through that trailer every time so cringe inducing
-1	did you enter our ageofadaline giveaway dont miss a chance to win this prize pack adaline http t co ikn4irrcsg http t co wrgpdwokak
-1	free advance movie screening of the age of adaline ageofadaline in greenville sc studio code http t co ug7yuxlib5
-1	the age of adaline was solely produced to see 2 hours of blake lively being immortally beautiful i don t think there s even a real plot
-1	rt prettynameless the age of adaline girls night out movie guide ic ad http t co fpyhnkk2xz
-1	stay tuned for an interview with michiel_huisman on rogerstvdurham discussed the age of adaline and treme
-1	i m curious to know how the story in age of adaline would be different if it were melissa mccarthy instead of blake lively
-1	i need to see the age of adaline just because blakelively is perfect
-1	rt ohwildyouth check out the lyric video for start again feat elena the official single from the age of adaline soundtrack https
-1	rt ohwildyouth check out the lyric video for start again feat elena the official single from the age of adaline soundtrack https
-1	rt haleymm1214 1 week until the age of adeline can t wait theageofadaline
-1	rt ageofadaline blakelively states you rarely read scripts like the age of adaline find out why https t co dnpuggfkfj
-1	rt ohwildyouth check out the lyric video for start again feat elena the official single from the age of adaline soundtrack https
-1	check out the lyric video for start again feat elena the official single from the age of adaline soundtrack https t co zgd0w3s3yx
-1	rt livelyblakefan new blake for promoting age of adaline april 16 blakelively actress theageofadaline adaline http t co wwz
-1	advance movie screening of the age of adaline ageofadaline in san francisco ca via sfsgiveaways studio code http t co jwfhn3txtd
-1	see how i style blake lively s look on blog http t co fwf5svpnep of adaline s amp blake s looks http t co xsccifwxio
-1	the age of adaline review silly movie takes itself too http t co puqikelfv9
-1	omg heard gabrielleaplin s salvation in a commercial and the age of adaline trailer and freaked out
-1	the age of adaline was a cute romantic movie
-1	alfuckinpacino i ve got a movie coming out this month i did with blake lively the age of adaline
-1	can t wait to see the age of adaline
-1	the ageofadaline is in theaters 4 24 laurenonfox7 spoke w the film s director lee toland krieger http t co x0efydnuww ageofadaline
-1	photos fantastic fashion at the age of adaline vip screening cocktail party http t co kguirssgh8 pacific_place http t co woj0krno9t
-1	rt imaliwaller the age of adaline could be called look at blake lively in different outfits for 2 hours and i d still want to see i
-1	rt haleymm1214 1 week until the age of adeline can t wait theageofadaline
-1	1 week until the age of adeline can t wait theageofadaline
-1	the pretty blonde 27 was pictured attending a press conference for her new movie the age of adaline in which she looked incredible
-1	so excited to see unfriended tonight and the age of adaline next weekend
-1	really wanna see the movie age of adaline
-1	everytime i see a commercial for the age of adaline i get pissed because blake lively seriously is perfect
-1	rt shedoesthecity rt 2 win dear shedoesthecity please send me to the age of adaline starring blake lively amp harrison ford i want to
-1	rt prettynameless the age of adaline girls night out movie guide ic ad http t co fpyhnkk2xz
-1	sa followers passes for next week s advance screening of the age of adaline ageofadaline are now available at http t co f03jm7pszw
-1	really want to see the age of adaline when it comes out theageofadaline
-1	rt lionsgatemovies adaline will never age another day see blakelively s extraordinary journey in the ageofadaline in theaters 4 24
-1	blake lively rocks her post baby body and fierce legs in a bright yellow dress see the http t co nulad5pjef
-1	rt owensgroupcbus want to be the first to see blake lively in the age of adaline go to http t co bvvlzjfz7r to download passes now
-1	michiel huisman drops by the etalk newsroom for a chat with daniellegraham about his new movie the age of adaline http t co qmzs0pr0hl
-1	someone take me on a date to see the age of adaline
-1	free pdx screening of the age of adaline 4 21 http t co drtyymvmce
-1	want to be the first to see blake lively in the age of adaline go to http t co n8f9cucylz to download passes now
-1	want to be the first to see blake lively in the age of adaline go to http t co dqflkmv5aw to download passes now
-1	want to be the first to see blake lively in the age of adaline go to http t co 28z4j3lzio to download passes
-1	want to be the first to see blake lively in the age of adaline go to http t co bvvlzjfz7r to download passes now
-1	nashville win passes to ageofadaline http t co slz9sxedgx
-1	nashville win passes to ageofadaline http t co mzk7m3j4uh
-1	movie facts the age of adaline http t co m54iamhmva
-1	rt shedoesthecity rt 2 win dear shedoesthecity please send me to the age of adaline starring blake lively amp harrison ford i want to
-1	rt dnh_99 wanna see the age of adaline
-1	rt kennedyblaire5 the age of adaline comes out in one week
-1	the age of adaline is a must see
-1	i have to see the age of adaline on the 24th
-1	too excited to see the age of adaline
-1	blake lively rocks her post baby body and fierce legs in a bright yellow dress see the photo here comes http t co kftqjtdjor
-1	blake lively rocks her post baby body and fierce legs in a bright yellow dress see the photo http t co ldpdn2rdtb
-1	dear shedoesthecity please send me to the age of adaline starring blake lively amp harrison ford i want to transcend time
-1	rt raine_thomas seeing double in neverland advance screening of the age of adaline review by fallon http t co btnaymi54z via bookin
-1	oh harrison ford s in age of adaline right he s the old guy r excuse me hes the handsome man with experience bosslady
-1	the age of adaline clip 3 http t co pvr0mqcdc4 movies http t co ir26ooa7po
-1	rt shedoesthecity rt 2 win dear shedoesthecity please send me to the age of adaline starring blake lively amp harrison ford i want to
-1	karls___barkley i ll see the age of adaline with you
-1	rt shedoesthecity rt 2 win dear shedoesthecity please send me to the age of adaline starring blake lively amp harrison ford i want to
-1	seeing double in neverland advance screening of the age of adaline review by fallon http t co btnaymi54z via bookinneverland
-1	rt styleblazer retweet for a chance to win an ageofadaline prize pack adaline more info here http t co hwr5tas8nf http t co scqgss
-1	the age of adaline was an amazing movie
-1	rt shedoesthecity rt 2 win dear shedoesthecity please send me to the age of adaline starring blake lively amp harrison ford i want to
-1	rt dnh_99 wanna see the age of adaline
-1	wanna see the age of adaline
-1	rt digi_surprise love is worth waiting a lifetime for discover the age of adaline starring blake lively in theaters 4 24 http t co m
-1	rt shedoesthecity rt 2 win dear shedoesthecity please send me to the age of adaline starring blake lively amp harrison ford i want to
-1	lifeon_cruz i wanna go see the age of adaline
-1	birmingham al win passes to ageofadaline http t co mzk7m3j4uh
-1	birmingham al win passes to ageofadaline http t co slz9sxedgx
-1	blake lively rocks her post baby body and fierce legs in a bright yellow dress see the photo http t co kqryni2o98
-1	dear shedoesthecity please send me to the age of adaline starring blake lively amp harrison ford i want to transcend time
-1	rt shedoesthecity rt 2 win dear shedoesthecity please send me to the age of adaline starring blake lively amp harrison ford i want to
-1	don t wait until dec to see harrisonford on the big screen see him in age of adaline on april 24 come to our movie party for free tix
-1	rt 2 win dear shedoesthecity please send me to the age of adaline starring blake lively amp harrison ford i want to transcend time
-1	should i see this ageofadaline dreamy or weepy needtoknow glasneronfilm richardcrouse http t co 025gcjedvw
-1	rt _valeria2015 i must see the age of adaline
-1	the age of adaline
-1	rt _valeria2015 i must see the age of adaline
-1	blake lively rocks her post baby body and fierce legs in a bright yellow dress see the photo http t co 0ym1aa8ynp
-1	blake lively rocks her post baby body and fierce legs in a bright yellow dress see the photo http t co qkfv3ij7xg
-1	really wanna watch the age of adaline
-1	blake lively rocks her post baby body and fierce legs in a bright yellow dress see the photo http t co uldb30ztvi
-1	blake lively rocks her post baby body and fierce legs in a bright yellow dress see the photo http t co 8lef99ny9h
-1	blake lively rocks her post baby body and fierce legs in a bright yellow dress see the photo http t co 3n20lzl152
-1	inside look of the age of adaline http t co dit4c3wjnl lgbt uk ireland belongtoyes
-1	i just entered to win an ageofadaline prize pack from wesonerdy adaline http t co o8wrkmzje2
-1	i won t stop aging like adaline but i ll look timeless with this ageofadaline prize pack from hashtagave adaline http t co lka0jfxeu9
-1	i just entered to win an ageofadaline prize pack from wesonerdy adaline http t co i3rr77ciag
-1	rt styleblazer retweet for a chance to win an ageofadaline prize pack adaline more info here http t co hwr5tas8nf http t co scqgss
-1	i need to watch the age of adaline
-1	rt shopeluxe check out myfashavenue blake lively s inspired style in our latest getthelook http t co wcejiqinb6 http t co sdwjrr8fvs
-1	13 reasons the age of adaline is totally charming http t co 1byvezlwvv adaline via ageofadaline once again blake lively is bae
-1	rt idthartefea the age of adaline izle http t co uoaxc64sex
-1	rt styleblazer retweet for a chance to win an ageofadaline prize pack adaline more info here http t co hwr5tas8nf http t co scqgss
-1	blake lively rocks her post baby body and fierce legs in a bright yellow dress see the photo http t co npuvv8lqr5
-1	check out the age of adaline moviefone http t co g66b73m1sb
-1	davidbhayter hey david age of adaline comes out soon you can see me in the trailer as the young harrison ford https t co mwykuhnmxa
-1	rt filmmusicsite lakeshore records will release on may 19th a soundtrack album for the age of adaline http t co pwrx8jvrvm http t c
-1	check out myfashavenue blake lively s inspired style in our latest getthelook http t co wcejiqinb6 http t co sdwjrr8fvs
-1	i wanna see the age of adaline
-1	i just entered to win an ageofadaline prize pack from wesonerdy adaline http t co xnykregxzv
-1	the next pick for the ryan jay movie club is the age of adaline if you re within the viewing audience of the http t co bhv4syucms
-1	can we talk about how lucky adaline was to be born in 1908 but have a pretty name like age of gertrude doesn t have the same ring to it
-1	rt kenna_dyann so excited for the age of adaline
-1	rt imaliwaller the age of adaline could be called look at blake lively in different outfits for 2 hours and i d still want to see i
-1	check out this leadership blog http t co h4hmjrne6u the age of adaline movie review please rt
-1	rt kenna_dyann so excited for the age of adaline
-1	the age of adaline comes out in one week
-1	rt lionsgatemovies live on periscope the age of adaline chicago screening https t co zkvwqflbal
-1	rt lionsgatemovies live on periscope the age of adaline reactions https t co 3eyfjimi4o
-1	rt ageofadaline true love 100 years in the making adaline http t co kegu63skl1
-1	kenna_dyann so excited for the age of adaline
-1	rt _valeria2015 i must see the age of adaline
-1	i need to see the longest ride and the age of adaline immediately
-1	rt _valeria2015 i must see the age of adaline
-1	yay gabrielleaplin salvation is on the trailer for age of adaline
-1	i must see the age of adaline
-1	rt instyle the age of michiel_huisman on why blakelively was always meant to be a mom http t co nr9yc1mf3h http t co rwvlgkqyxz
-1	leithmarshall megrayner in case either of you are wondering if it s just me here s what leighpaatsch thought http t co 3dhgp9zn63
-1	the age of adaline movie review http t co gzgnxaoezg leadership
-1	raleigh win passes to ageofadaline http t co mzk7m3j4uh
-1	retweet for a chance to win an ageofadaline prize pack adaline more info here http t co hwr5tas8nf http t co scqgssefjg
-1	raleigh win passes to ageofadaline http t co slz9sxedgx
-1	the age of adaline movie review http t co elkchils9x men
-1	im pretty excited to see the age of adaline
-1	the age of adaline movie review http t co rsyxjmu650
-1	true story and the age of adaline look so good
-1	i m looking forward to marvel s the avengers age of adaline ilove3dmovies
-1	the age of adaline movie review http t co snlj0fv33u
-1	i just entered to win an ageofadaline prize pack from wesonerdy adaline http t co ajdzro9rmy
-1	i liked a youtube video http t co fwyu2yul4g the age of adaline official trailer let go
-1	attended a q amp a with michiel huisman last night after a screening of the age of adaline https t co qd6af3wx9b
-1	bring the age of adaline to amc sunset place 24 demand it at eventful http t co aqtrkmyqos
-1	so excited for the age of adaline
-1	must see the age of adaline
-1	the age of adaline fucking unfollowed me
-1	the age of adaline giveaway https t co mwob2bhadg
-1	help me win passes to see an advanced screening of ageofadaline via thekengent adaline https t co mwob2bhadg
-1	film review the age of adaline http t co nrmbpgvpii
-1	i won t stop aging like adaline but i ll look timeless with this ageofadaline prize pack from hashtagave adaline http t co rv8v95k13a
-1	the age of adaline movie review http t co 4h6bpourse on bloglovin
-1	i wanna see the age of adaline so bad
-1	someone go see the age of adaline with me omg
-1	the age of adaline is being advertised all over london at the moment go and see it it s lovely i can t go as i cried a bit first time
-1	sidneyallenbulb i saw the age of adaline today i actually enjoyed it a lot that may go down well
-1	rt ageofadaline true love 100 years in the making adaline http t co kegu63skl1
-1	charlotte win passes to ageofadaline http t co slz9sxedgx
-1	charlotte win passes to ageofadaline http t co mzk7m3j4uh
-1	rt sophiadechard i just want to see the age of adaline already
-1	have you heard about the age of adaline yet it looks fantastic ic ad http t co hklc6l2ma2
-1	i m seeing the age of adaline on sunday so excited
-1	rt imaliwaller the age of adaline could be called look at blake lively in different outfits for 2 hours and i d still want to see i
-1	rt screenslam the age of adaline blake lively amp michiel huisman exclusive interview http t co khmnxxopwo via youtube
-1	i want to watch the age of adaline so bad i keep updating putlocker to see if they have it
-1	i want to see the age of adaline
-1	rt zoomermag age of adaline s michiel_huisman is here to speak with terihart about the film adaline http t co 8ezbtdkwes
-1	the age of adaline movie review http t co dy54yzregd
-1	the age of adaline looks v stupid
-1	bruce jenner story comes on april 24th and the age of adaline comes out yess
-1	greenville sc win passes to ageofadaline http t co slz9sxedgx
-1	greenville sc win passes to ageofadaline http t co mzk7m3j4uh
-1	if you re planning to catch a movie this weekend i suggest you avoid this big dud http t co rka7qsbi6v
-1	the age of adaline free movie tickets available for 04 21 15 in fort myers fl please follow http t co 20r0t2ccjp theageofadaline
-1	the age of adaline free movie tickets available for 04 21 15 in santa clara ca please follow http t co 6soypnyidj theageofadaline
-1	the age of adaline free movie tickets available for 04 21 15 in winter park fl please follow http t co w3expwfukl theageofadaline
-1	the age of adaline free movie tickets available for 04 21 15 in tampa fl please follow http t co e0j5jnlarq theageofadaline
-1	the age of adaline free movie tickets available for 04 21 15 in boca raton fl please follow http t co kvysyptl0m theageofadaline
-1	the age of adaline free movie tickets available for 04 21 15 in aventura fl please follow http t co ouhhzkc5at theageofadaline
-1	can t wait to see the age of adaline
-1	the age of adaline http t co zh71akkuty
-1	i won t stop aging like adaline but i ll look timeless with this ageofadaline prize pack from hashtagave adaline http t co ulf6l1lq8p
-1	i just entered to win an ageofadaline prize pack from wesonerdy adaline http t co xti4uoa6ff
