-1	tthosejetpackblues tarntino who in the fuck green lit the movie the duff designated ugly fat http t co bh7wrj7qos
-1	who has two thumbs and was the only person in the theatre who laughed at the spinal tap reference in the duff thisguy
-1	rt gaby_febles soph accidentally honked at the person in front of us woops
-1	rt musicnews_facts selena gomez amp hilary duff are the only disney channel stars to sell over 10m albums worldwide outside of disney http
-1	the duff full movie http t co 9ptkxalx9s
-1	rt pressprogress will harper repay taxpayers for his free powder puff from the ol duff http t co hia6bn9w1y cdnpoli canlab http t
-1	when you ve only just seen fast and furious seven for the first time but are about to watch the duff for the second time girlchoices
-1	rt musicnews_facts selena gomez amp hilary duff are the only disney channel stars to sell over 10m albums worldwide outside of disney http
-1	rt hunter_nicolee funnysayings omgrelatabie kierleecolt you watching the duff
-1	i swear the ice cream man thinks we re bff s he s just been telling me he s 50
-1	fucktyler do you have some good ideas with music videos for the album
-1	rt ayethisflower proud member of the i don t draw in my eyebrows club
-1	when you realize you re the duff in the group
-1	edhined no not miss duff the lib she was referring to in her original tweet jessiejaneduff ericbolling
-1	will stephen harper repay taxpayers for his free powder puff from the ol duff http t co xq8t1unq33 via pressprogress
-1	the duff is such a good film
-1	rt pressprogress will harper repay taxpayers for his free powder puff from the ol duff http t co hia6bn9w1y cdnpoli canlab http t
-1	why are all of my best friends so gorgeous and i look like a potato omg i am the duff
-1	the movie the duff wasn t like the book but
-1	rt musicnews_facts selena gomez amp hilary duff are the only disney channel stars to sell over 10m albums worldwide outside of disney http
-1	rt nickyscarzz i can t wait to see hilary duff win the presidential election
-1	rt jenna_jrhillman and i m officially the duff
-1	therealstylesp the game ain t trying to let you touch that diddy money unless you letting a nigga duff you
-1	rt hezster member the scotch vote on independence just found this http t co kbzqlt1r5v defendwallst duff_girl_ohyea optimusherb s
-1	rt musicnews_facts selena gomez amp hilary duff are the only disney channel stars to sell over 10m albums worldwide outside of disney http
-1	rt pressprogress will harper repay taxpayers for his free powder puff from the ol duff http t co hia6bn9w1y cdnpoli canlab http t
-1	rt musicnews_facts selena gomez amp hilary duff are the only disney channel stars to sell over 10m albums worldwide outside of disney http
-1	i m seeing the duff now to me
-1	rt musicnews_facts selena gomez amp hilary duff are the only disney channel stars to sell over 10m albums worldwide outside of disney http
-1	i m going to see the duff now
-1	watch the duff 2015 free hd movies online http t co xibxi7j769
-1	and i m officially the duff
-1	another one bites the duff s
-1	the importance of branding for youtube creators http t co s2ofnru7ts
-1	rt imlovesmith done watching the duff ang cool
-1	who s the duff out of my boys
-1	the duff was so good
-1	rt _thesamcook being the ugly friend is a full time job duff
-1	rt imlovesmith done watching the duff ang cool
-1	hey guys the duff is like legit awesomeeeee
-1	the duff was one good movie
-1	u dont dissapointed me lol the duff is the best theduff2015
-1	l b hilaryduff fashion hilary duff the girl can rock dvd 2004 forsale onsale http t co 8kqhiizakp
-1	rt erinngeee when u realize ur the duff
-1	musicnews_facts selena gomez amp hilary duff are the only disney channel stars to sell over 10m albums worldwide outside of disney
-1	rt andymilonakis duff_goldman have you had the al pastor at leos
-1	i m the duff in our decagon
-1	caravancunt spideslfc2 were throwin ma in back of the van aswell so ree can duff her up
-1	mum loving the duff theduff theduff theduffmovie http t co yhwpn4wkbm
-1	done watching the duff ang cool
-1	we ve got michael duff about give his thoughts on burnleyfc after the defeat to efc tune in to absoluteradio
-1	will stephen harper repay taxpayers for his free powder puff from the ol duff http t co unhz0pzbuw via pressprogress
-1	rt erinngeee when u realize ur the duff
-1	rt lucyymurdoch really want to see the duff
-1	the duff is actually such a good movie
-1	jess_jcb im basically the duff of our team
-1	cried at the duff because she is literally me except she ends up with a beaut of a boyf
-1	drscrilla8 blb_chiefs herrera gotta be close to the top duff moose 1 and 2
-1	l b hilaryduff buzz hilary duff the girl can rock dvd 2004 celebrity style http t co 0v6pgwlw2v
-1	watched theduff with a duff
-1	devindelight and the lemon pepper chicken life altering
-1	rt thewindsorstar heading into nhl draft lottery day the star s bob duff goes one on one with connor mcdavid http t co jiejh6cxw4 ht
-1	all about you hilary duff with the lovely hilary duff omg i just cried i love her so soo much https t co fjheu9trrr
-1	the duff
-1	movie date the duff with adel at cinema21 https t co u6qxdyg4pi
-1	really want to see the duff
-1	this thing called europe and why britain should leave the eu brian duff http t co cwvzqt5rtf
-1	look at this bellathorne the duff movie is coming soon in theaters indonesia can t wait to watching this movie http t co eoxx5xaeel
-1	ide na the duff
-1	heading into nhl draft lottery day the star s bob duff goes one on one with connor mcdavid http t co jiejh6cxw4 http t co wpngvuxxxb
-1	heading into nhl draft lottery day the star s bob duff goes one on one with connor mcdavid http t co buzpfdnt3e http t co g7j603wunx
-1	due to the blacksburg chocolate festival presentation of chocolat 7 pm timbuktu will now be shown tonight amp the duff will play 9 30 pm
-1	nandos amp the duff w ma main
-1	l b hilaryduff stuff hilary duff the girl can rock dvd 2004 celebs bargains http t co bqett2g6dd
-1	rt musicnews_facts selena gomez amp hilary duff are the only disney channel stars to sell over 10m albums worldwide outside of disney http
-1	steak n lemonade as soon as i touchdown in the city
-1	steven_duff aye if they lose on wednesday the gap is 4 points then if hibs and rangers win next week it ll be 4 points with 1 game left
-1	dinner watched the duff with moniqueetan and bddl320 https t co s8sgpycbkl
-1	when do i get to the episode of younger where sutton foster miriam shor and hilary duff all burst into song
-1	rt thereelfilmshow new high school comedy theduff is a star turn for maewhitman review http t co bh2zbuuxje http t co 7pczsfjwbl
-1	hilaryupdatesk hilary duff slovakia wanna secret to get 200itunes amp play store gift card check the secret trick on my bio profile
-1	the duff
-1	i am the duff designated ugly fat friend
-1	watching the duff with nana and sophia at cinema21 https t co kaywhkuz28
-1	going to watch the duff tonight looking forward to it duff cinema
-1	life is sad when you are the duff
-1	new high school comedy theduff is a star turn for maewhitman review http t co bh2zbuuxje http t co 7pczsfjwbl
-1	midnight movie the duff with alysa https t co z8w3atbtxa
-1	rt musicnews_facts selena gomez amp hilary duff are the only disney channel stars to sell over 10m albums worldwide outside of disney http
-1	member the scotch vote on independence just found this http t co kbzqlt1r5v defendwallst duff_girl_ohyea optimusherb soopermexican
-1	this nigga say i can t wait till the summer ima be on the beach smoking a blunt i m like nigga can you get a got damn job first
-1	the duff was so good now worrying about being a duff and thinking about all the groups of ppl in my school and their duffs omg
-1	rt susanhirasuna i laughed almost cried i thoroughly enjoyed the power of duff geffenplayhouse reminds me of sum1 i worked w jk ht
-1	steven_duff only 2 games to go the gap is 4 points right now so hibs lose on wednesday and rangers win next week they will be 2nd
-1	i think all the hillary duff and b witched resulted in brooke s demise
-1	and omg im the duff from my friends
-1	rt estellecocking the duff was actually a decent film
-1	rt estellecocking the duff was actually a decent film
-1	rt fangirlamy_ i m actually the duff but the twist is i don t get the guy in the end
-1	the duff was actually a decent film
-1	will stephen harper repay taxpayers for his free powder puff from the ol duff http t co wzooormfjf via pressprogress
-1	on page 203 of 343 of the duff by kody keplinger http t co ebhhoxzxul
-1	i actually loved duff
-1	the duff is shit
-1	sorry duff info it seems whoever left the most money in a brown envelope on his desk got the nod we have our arsenal back yippee
-1	is gandalf the elves duff hobbit
-1	rt _thesamcook being the ugly friend is a full time job duff
-1	okay the writer is in a debate with my grandmother should we go watch jupiter descending or the duff
-1	rt coupietaik congrats to hilary duff for being one of the few disney stars who hasn t turned crazy http t co scp6yg8o6c
-1	well it s time i got off my duff and did something after all it is saturday the day of chores what day isn t the day of chores eh
-1	look at this bellathorne the duff movie is coming soon in theaters indonesia can t wait to https t co 81vbfjqntu
-1	rt darienlibrary if senator duff thinks celebrating the environment is cool you know it has to be https t co fzm2rt7wqc
-1	the duff is literally my life with nathan except he doesn t fall in love with me i m so upset
-1	marked as to read the duff by kody keplinger http t co o9svhv0lrb
-1	rt nimakhalid ehda98 the wedding ringer the duff the interviwe
-1	if senator duff thinks celebrating the environment is cool you know it has to be https t co fzm2rt7wqc
-1	jailinskyy awkward cos i don t actually have pinterest it was a quote from the film the duff
-1	the duff is actually so good
-1	milesjai all brawn no brain the girl who laughed this is hilary duff this queen built disney channel http t co u2mvzude6q
-1	live stream me cooking the food of star wars sw_celebration swca in the verizonwireless cantina at 5pm est or you are rebel scum
-1	the duff is such a good film
-1	rt damnrealposts the most painful goodbyes are the ones that are never said or never explained
-1	rt musicnews_facts selena gomez amp hilary duff are the only disney channel stars to sell over 10m albums worldwide outside of disney http
-1	marc rush collins this is the pow wow i mentioned to you a few weeks ago in new mexico can t make it this year http t co y90okvpnzn
-1	i can t wait to see hilary duff win the presidential election
-1	cineworld we went to see 2 on friday we saw the duff and we saw a little chaos they was good
-1	watch the duff 2015 movie streaming online check out this url http t co m3cjpzgs8l
-1	ehda98 the wedding ringer the duff the interviwe
-1	bluejays what age do you consider kids is 37 ok to join the fun
-1	rt cass_watkins the duff
-1	l l hilaryduff buzz hilary duff the best of hilary duff celebrity style http t co pderbpqih3
-1	the duff
-1	rt musicnews_facts selena gomez amp hilary duff are the only disney channel stars to sell over 10m albums worldwide outside of disney http
-1	whittynovels i ve already read the duff
-1	am i the duff
-1	rt lauraellem consharknews sw_celebration head to the verizon cantina at 5pm today for a fun star wars themed cooking demo w duff_gold
-1	rt musicnews_facts selena gomez amp hilary duff are the only disney channel stars to sell over 10m albums worldwide outside of disney http
-1	rt syadaamzahh am i the duff
-1	i use hilary duff song references on the daily whynot
-1	consharknews sw_celebration head to the verizon cantina at 5pm today for a fun star wars themed cooking demo w duff_goldman
-1	mightazerie anything except the duff
-1	rt bakesale4nkh the best part of hosting a bake sale has been to witness firsthand the outpouring of support jackson s bakesale http
-1	rt licavelil the duff garden state plaza http t co rumkyg363t
-1	when you realize the kool aid man has the same catch phrase as duff man from the simpsons
-1	im the duff ahahaahah
-1	robbieamell is the best thing about theduff
-1	littlemisschat6 yeah i have my moments but much love as always x i like to mix good tweets with the odd duff one
-1	rt chiiiedvibes craving a road trip with the right people http t co dcxfpakcri
-1	rt vibrantics i never save numbers so when i m annoyed i can just delete the texts and have no temptation to text you back haha
-1	rt _thesamcook being the ugly friend is a full time job duff
-1	rt midsegments this summer has to be the best idc
-1	i just watched the duff best film ever
-1	rt theurbanslangs alcohol the cause of and solution to all life s problems
-1	late on this but barkley pen miss for efc surely a duff call from martinez the lad s a real talent but clearly not a penalty taker
-1	rt pressprogress icymi will harper repay taxpayers for free powder puff from the ol duff http t co hia6bmskcy duffy cdnpoli http
-1	the duff
-1	jamie duff shirts amp ties new single and video http t co iebqjso2o9
-1	jamie duff shirts amp ties new single and video http t co ycwudh9heu ireland
-1	rt cuteemergency bunny friends watching the clouds together http t co em5z4cahjm
-1	rt gazregan here s what elayne duff world renowned mixologist said about cocktails in the country http t co 8l5xupiadn
-1	the duff was so funny i am officially a designated ugly friend
-1	i can relate to the duff so much greatestmovieever
-1	when u search robbie amell the duff on google images all of them are just him shirtless ok nice
-1	rt musicnews_facts selena gomez amp hilary duff are the only disney channel stars to sell over 10m albums worldwide outside of disney http
-1	the duff
-1	the duff was fun just the break i needed
-1	the duff interview http t co qb62j2r9dw xperialounge
-1	watching the duff at cinema21 https t co 3xvrsuyuvy
-1	vincepalapal a_daley_dose markkelvinlops soooo who s the duff
-1	done watching the duff i need more movies like this please staying up late all night is what i live for i think sleep is a waste of time
-1	the duff i was a duff hd https t co otrv1ldxmu
-1	the duff was so good omfg
-1	im the duff one
-1	even the most progressive women have their very own duff christbewithyou prayforweduffs
-1	sleepover 2 the duff s crib patriciahariong yannabanana
-1	who wants to be my the duff date
-1	the generation above us always had a pocket knife in their pocket our generation carries around lighters
-1	rt musicnews_facts selena gomez amp hilary duff are the only disney channel stars to sell over 10m albums worldwide outside of disney http
-1	on page 180 of 343 of the duff by kody keplinger http t co w4kauce6xx
-1	rt mes200000 will stephen harper repay taxpayers for his free powder puff from the ol duff press progress http t co asmfj7puyo
-1	the flickering myth movie show 2 avengers age of ultron the duff f http t co r2ejx8vq6r http t co a6myuemhaf
-1	the flickering myth movie show 2 avengers age of ultron the duff f https t co 5mwshp149w via youtube fmtv
-1	holyqueenariana have u watch the duff
-1	going to see the duff again yaaaay
-1	watch the duff
-1	the duff was so good xamberjemsonx naomihuntx
-1	rt pressprogress icymi will harper repay taxpayers for free powder puff from the ol duff http t co hia6bmskcy duffy cdnpoli http
-1	rt pressprogress icymi will harper repay taxpayers for free powder puff from the ol duff http t co hia6bmskcy duffy cdnpoli http
-1	the flickering myth movie show 2 avengers age of ultron the duff f https t co ro5wejhfzm via youtube fmtv
-1	the duff
-1	darlingoxford the duff
-1	duff about the only outfield player looking arsed
-1	rt inearlygraves fall out boy was in the end credits of the duff omg
-1	i laughed almost cried i thoroughly enjoyed the power of duff geffenplayhouse reminds me of sum1 i worked w jk http t co ruvjxcpdnm
-1	rt harrygirl1111 went to the movies theduff
-1	rt harrygirl1111 went to the movies theduff
-1	i love the movie i love robbieamell theduff movie mustwatch trinoma https t co s2uvcx41rt
-1	the duff is awesomeeeee hahahaha damn funny omggg
-1	the duff amp comet for tonight s movie marathon
-1	the duff is the best film
-1	fall out boy was in the end credits of the duff omg
-1	the duff
-1	scott pilgrim vs the world old school or the duff
-1	only you can define yourself the duff duff movie
-1	full time pollok 0 v kirkintilloch rob roy 3 chris duff double and steven aitken gary mcmenamin sent off near the end
-1	there was a challenge between powell and duff inside the arlesey half the ball went forward at pace in the wind and mchale missed his kick
-1	will stephen harper repay taxpayers for his free powder puff from the ol duff press progress http t co wwdinnou3j
-1	rt kjmarriott57 plenty of confusion over the scorer for arleseytownfc some saying it was a craig duff own goal some say martel powell
-1	plenty of confusion over the scorer for arleseytownfc some saying it was a craig duff own goal some say martel powell
-1	was having so much fun watching the duff until i realized that i was the duff
-1	when you re the duff family af maceydufff allydufff johannahduff http t co u4nlk9vxag
-1	l l l hilaryduff fashion hilary duff the girl can rock dvd 2004 forsale onsale http t co jut3tmbeky
-1	review the duff http t co esz1zadwjj
-1	rt pressprogress icymi will harper repay taxpayers for free powder puff from the ol duff http t co hia6bmskcy duffy cdnpoli http
-1	rt pressprogress icymi will harper repay taxpayers for free powder puff from the ol duff http t co hia6bmskcy duffy cdnpoli http
-1	rt pressprogress icymi will harper repay taxpayers for free powder puff from the ol duff http t co hia6bmskcy duffy cdnpoli http
-1	rt pressprogress icymi will harper repay taxpayers for free powder puff from the ol duff http t co hia6bmskcy duffy cdnpoli http
-1	rt pressprogress icymi will harper repay taxpayers for free powder puff from the ol duff http t co hia6bmskcy duffy cdnpoli http
-1	rt pressprogress icymi will harper repay taxpayers for free powder puff from the ol duff http t co hia6bmskcy duffy cdnpoli http
-1	went to the movies theduff
-1	snoitatulas lauraccentric ive missed the series finale of lost along with a sex in the city rip off starring hilary duff
-1	i m 100 the duff
-1	i want to go see the duff again
-1	l l l hilaryduff buzz hilary duff the girl can rock dvd 2004 celebrity style http t co owim8mvg33
-1	the duff was funnier than expected cute
-1	rt musicnews_facts selena gomez amp hilary duff are the only disney channel stars to sell over 10m albums worldwide outside of disney http
-1	last night i requested come clean by hilary duff and the dj was even shocked by how many people went wild to it djbj
-1	rt pressprogress icymi will harper repay taxpayers for free powder puff from the ol duff http t co hia6bmskcy duffy cdnpoli http
-1	walmart is playing hillary duff 9 year old me is fucking raging on the inside
-1	rt rapsheet georgia rb todd gurley acl who had medical rechecks yesterday amp today checked out fine source said viewed as good to g
-1	rt pressprogress icymi will harper repay taxpayers for free powder puff from the ol duff http t co hia6bmskcy duffy cdnpoli http
-1	l l l hilaryduff stuff hilary duff the girl can rock dvd 2004 celebs bargains http t co pokliixfvn
-1	41 minkone s movement is causing trouble for shackell and duff in this first half while the forward hasn t had http t co pkuvmquvuq
-1	rt normand50564 hilary duff gives us the 411 on her mermaid inspired hair
-1	tonyvenutishow hitler would cross the street to avoid john hagee gordon duff editor of veterans today
-1	from the archives cooking in haylie duff s kitchen with kelli ellis http t co tyyfmkkfp0 nutrition
-1	rt musicnews_facts selena gomez amp hilary duff are the only disney channel stars to sell over 10m albums worldwide outside of disney http
-1	rt mes200000 will stephen harper repay taxpayers for his free powder puff from the ol duff press progress http t co asmfj7puyo
-1	rt musicnews_facts selena gomez amp hilary duff are the only disney channel stars to sell over 10m albums worldwide outside of disney http
-1	the duff was amazing as in cant stol laughing so loud i thought im gonna choke with popcorn
-1	rt itsconmongirl hilary duff s secret to a fit amp toned body exposed this pill is putting the gym to shame http t co vrhh9roxwh http
-1	no kids should have been in that movie last night what the hell did i saw duff movie funny amp raunchy
-1	rt itsconmongirl hilary duff s secret to a fit amp toned body exposed this pill is putting the gym to shame http t co vrhh9roxwh http
-1	rt itsconmongirl hilary duff s secret to a fit amp toned body exposed this pill is putting the gym to shame http t co vrhh9roxwh http
-1	photon tanaw ta the duff sa tuesday d
-1	rt canadiancynic if we could stop referring to mike duffy as the ol duff and start calling him the ol fraud that d be great
-1	the women who talk about how they love being single are the same ones who later on don t shut the fuck up about their relationship
-1	rt itsconmongirl hilary duff s secret to a fit amp toned body exposed this pill is putting the gym to shame http t co vrhh9roxwh http
-1	rt itsconmongirl hilary duff s secret to a fit amp toned body exposed this pill is putting the gym to shame http t co vrhh9roxwh http
-1	friends and fiends of the duff http t co dpg3lx5ilf
-1	the duff is a good movie
-1	alibaba alleviate in consideration of duff yet way fanny the planetary hard bargain be found rehabilitated yedz
-1	anyways the duff is a stellar movie x
-1	rt erinngeee when u realize ur the duff
-1	will stephen harper repay taxpayers for his free powder puff from the ol duff press progress http t co asmfj7puyo
-1	duff_goldman 5pm la should be 1am here then may the force be with me
-1	going to see the duff today
-1	the duff movie is the best waaaaaa robbie amell
-1	rt fllrtationshlp relationships end too soon because people stop putting the same effort to keep you as they did to win you
-1	i still need to see f7 and the duff inlovejauregui
-1	going to the cinema so excited cinema theduff follobackforfolloback
-1	l l d hilaryduff fashion hilary duff the girl can rock dvd 2004 forsale onsale http t co h6wnlwjcq1
-1	watching the duff https t co oezocfnd0v
-1	what s on at the stneots cineworld this week the duff 12a http t co c802sgzcjg cineworldstneot http t co pvvg9qvvms
-1	the duff was such an on point movie i really liked it
-1	cinema gonna watch the duff
-1	watch a video interview with the author of the duff http t co 8xn1qvelhj then check out the book from the library http t co ahmuvi9lhz
-1	duff_goldman wow fab you get all the cool jobs love it x
-1	funnysayings omgrelatabie kierleecolt you watching the duff
-1	you either know one you have one or you are one the duff https t co nms0uhbbuu
-1	lolly_knickers i have done that before but it was to save me carrying a duff set downstairs for the rubbish o
-1	rt musicnews_facts selena gomez amp hilary duff are the only disney channel stars to sell over 10m albums worldwide outside of disney http
-1	duff base hit bolander safe on 2 with the error duff to 3 hammond safe on fc duff scores bolander to 3 patrick running
-1	adubbsssss good morning let s start the day https t co 05p4ovfuk4
-1	rt musicnews_facts selena gomez amp hilary duff are the only disney channel stars to sell over 10m albums worldwide outside of disney http
-1	movie review the duff theduff maewhitman robbieamell maebirdwing robbieamell http t co k2x3camlaq via moviepilotnews
-1	rt libraterms one of the hardest things for libra in life is watching the person they love love someone else
-1	i love you robbieamell u made me drool as i watch the duff again and again btw i love ur dancing boobies lol
-1	notmuchtosee83 i m happy for him sorry dude you can t pick your parents obviously up the duff at a young age i m sure your not easy
-1	did the duff dethrone mean girls as the best high school movie so far of this century here s my review https t co aqceyj4bqq
-1	rt musicnews_facts selena gomez amp hilary duff are the only disney channel stars to sell over 10m albums worldwide outside of disney http
-1	i m so stoked i ll be behind the cantina serving up some starwars inspired food at swca today at 5pm http t co yfdjkckrlo
-1	rt musicnews_facts selena gomez amp hilary duff are the only disney channel stars to sell over 10m albums worldwide outside of disney http
-1	rt manslifefacts hilary duff s secret to a fit amp toned body exposed this pill is putting the gym to shame http t co ppybfas5v6 http
-1	rt satcquotes carrie miranda was a huge fan of the yankees i was a huge fan of being anywhere you could smoke and drink at two in the a
-1	rt manslifefacts hilary duff s secret to a fit amp toned body exposed this pill is putting the gym to shame http t co ppybfas5v6 http
-1	rt manslifefacts hilary duff s secret to a fit amp toned body exposed this pill is putting the gym to shame http t co ppybfas5v6 http
-1	rt manslifefacts hilary duff s secret to a fit amp toned body exposed this pill is putting the gym to shame http t co ppybfas5v6 http
-1	rt manslifefacts hilary duff s secret to a fit amp toned body exposed this pill is putting the gym to shame http t co ppybfas5v6 http
-1	rt manslifefacts hilary duff s secret to a fit amp toned body exposed this pill is putting the gym to shame http t co ppybfas5v6 http
-1	showing na yung the duff leggo watch itsqueencamille damnitslouise
-1	just realised that i am the duff
-1	the flickering myth movie show 2 avengers age of ultron the duff fast and furious 7 fmtv http t co hzaeltottt
-1	surgeon lavatory least i hope you and his friends changes a lizard in the gwen stefani hilary duff friday the 13th dog poo
-1	rt daninierenberg an 1882 law enacted to keep chinese out of the u s created a unique amp loved cuisine http t co 4hgd0vavcp nprfood h
-1	i didnt realise favourtie record by fob was in the credits for the duff omg
-1	if a man wanted to see a movie this evening and his options were cinderella the duff or insurgent what would the people of twitter advise
-1	the duff hahaha quite awkward to watch with your boyfriend haha
-1	rt musicnews_facts selena gomez amp hilary duff are the only disney channel stars to sell over 10m albums worldwide outside of disney http
-1	l hilaryduff buzz hilary duff the best of hilary duff celebrity style http t co uy5kqc2lor
-1	the duff was a crap movie tbh
-1	the duff
-1	youtube http t co sivsigrfnt brandon duff sings skinny love the voice australia 2014
-1	i m the duff
-1	a lotta good movies showing right now the longest ride and the duff wanna watch that
-1	rt itsconmongirl hilary duff s secret to a fit amp toned body exposed this pill is putting the gym to shame http t co vrhh9roxwh http
-1	duff the reality http t co ikag675cng
-1	unfriended or the duff
-1	rt canadiancynic if we could stop referring to mike duffy as the ol duff and start calling him the ol fraud that d be great
-1	rt musicnews_facts selena gomez amp hilary duff are the only disney channel stars to sell over 10m albums worldwide outside of disney http
-1	aha just seen the trailer for theduff hehe emzstephenson we need to go see it in cinema when you get back xx
-1	charduck also had no idea how you were up the duff congrats
-1	i m the duff
-1	the duff is amazing
-1	gon watch the duff wif andimonfort we are sitting on the floor bc cool yo http t co frjpfzsnbm
-1	the duff audiobook http t co eps5h6ymki
-1	rt musicnews_facts selena gomez amp hilary duff are the only disney channel stars to sell over 10m albums worldwide outside of disney http
-1	plercedlip duehe you you are im not im ur duff im liek the gum on your shoe sjskdhskdh
-1	the duff
-1	he y i just got home and i just watched duff go watch that or read the books its awesome
-1	if we could stop referring to mike duffy as the ol duff and start calling him the ol fraud that d be great
-1	rt lucyfact hilary duff s secret to a fit amp toned body exposed this pill is putting the gym to shame http t co pghmxqsrx2 http t
-1	watching the duff
-1	rt paraconformity rt pressprogress icymi will harper repay taxpayers for free powder puff from the ol duff http t co zkwdhookhm
-1	duff_girl_ohyea funny that the image is actually a tiny salticid
-1	rt roguff17 hilaryduff when are you going to release the music video of this amazing song http t co 0mkilbe1gd
-1	rt manslifefacts hilary duff s secret to a fit amp toned body exposed this pill is putting the gym to shame http t co ppybfas5v6 http
-1	rt manslifefacts hilary duff s secret to a fit amp toned body exposed this pill is putting the gym to shame http t co ppybfas5v6 http
-1	rt manslifefacts hilary duff s secret to a fit amp toned body exposed this pill is putting the gym to shame http t co ppybfas5v6 http
-1	rt manslifefacts hilary duff s secret to a fit amp toned body exposed this pill is putting the gym to shame http t co ppybfas5v6 http
-1	rt manslifefacts hilary duff s secret to a fit amp toned body exposed this pill is putting the gym to shame http t co ppybfas5v6 http
-1	rt manslifefacts hilary duff s secret to a fit amp toned body exposed this pill is putting the gym to shame http t co ppybfas5v6 http
-1	rt manslifefacts hilary duff s secret to a fit amp toned body exposed this pill is putting the gym to shame http t co ppybfas5v6 http
-1	rt manslifefacts hilary duff s secret to a fit amp toned body exposed this pill is putting the gym to shame http t co ppybfas5v6 http
-1	rt randpaul the only time they ever thank god in dc is when congress is not in session
-1	rt lovefacts53 hilary duff s secret to a fit amp toned body exposed this pill is putting the gym to shame http t co n5r44ie6dm http
-1	rt lovefacts53 hilary duff s secret to a fit amp toned body exposed this pill is putting the gym to shame http t co n5r44ie6dm http
-1	based on teej s many tweets last night i think he may be a bit bitter that he s the king of the friendzone teej_haggard
-1	the duff
-1	rt greetlandafc having gone a goal down its 1 1 here at goldfields jamie duff with the finish comeonthegreetland
-1	the duff was okay the only problem it had was too many random making out scenes like they overused it which i did not think was possible
-1	saw the duff last night new favourite film
-1	hallock beats out the throw for the base hit stole 2 duff ground out 2b 9 2 rc
-1	thefamous_duffy duff wanna get iphone6 for free i d like to offer you a chance check my bio for the link
-1	duff_girl_ohyea nostradamnisuck ha i would somehow put those sheets on in the morning
-1	having gone a goal down its 1 1 here at goldfields jamie duff with the finish comeonthegreetland
-1	rt xdanilouise i m the duff in my friend group
-1	i m the duff in my friend group
-1	rt pressprogress icymi will harper repay taxpayers for free powder puff from the ol duff http t co hia6bmskcy duffy cdnpoli http
-1	rt tylerrobertsox i am the duff
-1	rt xetagohobo the duff house in scotland http t co ylni4rqbxm
-1	i am the duff
-1	rt lucyfact hilary duff s secret to a fit amp toned body exposed this pill is putting the gym to shame http t co pghmxqsrx2 http t
-1	rt lucyfact hilary duff s secret to a fit amp toned body exposed this pill is putting the gym to shame http t co pghmxqsrx2 http t
-1	rt lucyfact hilary duff s secret to a fit amp toned body exposed this pill is putting the gym to shame http t co pghmxqsrx2 http t
-1	rt love_fall25 hilary duff s secret to a fit amp toned body exposed this pill is putting the gym to shame http t co qvo1egzcjf http
-1	rt lucyfact hilary duff s secret to a fit amp toned body exposed this pill is putting the gym to shame http t co pghmxqsrx2 http t
-1	rt lucyfact hilary duff s secret to a fit amp toned body exposed this pill is putting the gym to shame http t co pghmxqsrx2 http t
-1	rt lucyfact hilary duff s secret to a fit amp toned body exposed this pill is putting the gym to shame http t co pghmxqsrx2 http t
-1	rt lucyfact hilary duff s secret to a fit amp toned body exposed this pill is putting the gym to shame http t co pghmxqsrx2 http t
-1	dvnroberts the fuck is this shit
-1	rt lucyfact hilary duff s secret to a fit amp toned body exposed this pill is putting the gym to shame http t co pghmxqsrx2 http t
-1	rt love_fall25 hilary duff s secret to a fit amp toned body exposed this pill is putting the gym to shame http t co qvo1egzcjf http
-1	rt lucyfact hilary duff s secret to a fit amp toned body exposed this pill is putting the gym to shame http t co pghmxqsrx2 http t
-1	rt love_fall25 hilary duff s secret to a fit amp toned body exposed this pill is putting the gym to shame http t co qvo1egzcjf http
-1	rt love_fall25 hilary duff s secret to a fit amp toned body exposed this pill is putting the gym to shame http t co qvo1egzcjf http
-1	rt love_fall25 hilary duff s secret to a fit amp toned body exposed this pill is putting the gym to shame http t co qvo1egzcjf http
-1	rt love_fall25 hilary duff s secret to a fit amp toned body exposed this pill is putting the gym to shame http t co qvo1egzcjf http
-1	rt love_fall25 hilary duff s secret to a fit amp toned body exposed this pill is putting the gym to shame http t co qvo1egzcjf http
-1	rt love_fall25 hilary duff s secret to a fit amp toned body exposed this pill is putting the gym to shame http t co qvo1egzcjf http
-1	seems bistrot is supporting the gunners today chrisgalvin8 galvin_brothers comeonthevilla http t co hyhougw1jm
-1	rt jessicaxx___ hilary duff s secret to a fit amp toned body exposed this pill is putting the gym to shame http t co ugoc7wf3kw http
-1	saw the duff hilarious yet amazing theduff
-1	rt musicnews_facts selena gomez amp hilary duff are the only disney channel stars to sell over 10m albums worldwide outside of disney http
-1	rt musicnews_facts selena gomez amp hilary duff are the only disney channel stars to sell over 10m albums worldwide outside of disney http
-1	the duff
-1	rt musicnews_facts selena gomez amp hilary duff are the only disney channel stars to sell over 10m albums worldwide outside of disney http
-1	causticbob except men are the ones who really suffer
-1	goal pollok 0 v kirkintilloch rob roy 1 chris duff with the goal
-1	http t co odexl3dwd2 shut up omg shut up
-1	late lunch the duff at gb ramosnicolee http t co 4boqd6ceag
-1	will stephen harper repay taxpayers for his free powder puff from the ol duff http t co ruc71gdb2f via pressprogress
-1	dennis quaid the perfect man head over heels in good company bilingual actors hilary duff marg helgenberge http t co k14ggxy8cw
-1	vyeone will harper repay taxpayers for his free powder puff from the ol duff http t co ch5jxiozha via press progress
-1	isabelleanima awwww hahaha when will the duff happen to me lord pls
-1	rt musicnews_facts selena gomez amp hilary duff are the only disney channel stars to sell over 10m albums worldwide outside of disney http
-1	rt sgigreens will stephen harper repay taxpayers for his free powder puff from the ol duff press progress http t co srqin7tby7
-1	i coming back from cinema yet it was incredible i m so happy the movie is theduff it s fantastic i love it d
-1	can t wait to see the duff later
-1	just saw the duff and you know what it was a pretty frigging great movie
-1	rt coupietaik congrats to hilary duff for being one of the few disney stars who hasn t turned crazy http t co scp6yg8o6c
-1	rt musicnews_facts selena gomez amp hilary duff are the only disney channel stars to sell over 10m albums worldwide outside of disney http
-1	will stephen harper repay taxpayers for his free powder puff from the ol duff press progress http t co srqin7tby7
-1	musicnews_facts selena gomez amp hilary duff are the only disney channel stars to sell over 10m albums worldwide outside of disney lies
-1	robbieamell maebirdwing finally saw the duff you guys absolutely killed it
-1	nw the duff
-1	rt musicnews_facts selena gomez amp hilary duff are the only disney channel stars to sell over 10m albums worldwide outside of disney http
-1	ngl i really want bella thorne to break out thanks to the duff the way emma stone did thanks to easy a
-1	yeah im the duff you too the duff with mylah https t co jxd9ahisly
-1	wanna see the duff but its still not came out here
-1	nw the duff
-1	rt musicnews_facts selena gomez amp hilary duff are the only disney channel stars to sell over 10m albums worldwide outside of disney http
-1	rt idiotolympics when your barber knows the exponential growth and decay formula http t co xzaukusazw
-1	rt musicnews_facts selena gomez amp hilary duff are the only disney channel stars to sell over 10m albums worldwide outside of disney http
-1	the duff quotev http t co zhjdfehyzy
-1	cinema w babes watching the duff
-1	rt musicnews_facts selena gomez amp hilary duff are the only disney channel stars to sell over 10m albums worldwide outside of disney http
-1	rt pressprogress icymi will harper repay taxpayers for free powder puff from the ol duff http t co hia6bmskcy duffy cdnpoli http
-1	rt musicnews_facts selena gomez amp hilary duff are the only disney channel stars to sell over 10m albums worldwide outside of disney http
-1	shang gonna watch the duff
-1	l l hilaryduff fashion hilary duff the girl can rock dvd 2004 forsale onsale http t co qu6w7brfzb
-1	justinemarbella sige may the duff ka na movie
-1	kristenwarner reading the duff love that this isn t some virginal obsessed crap for once
-1	all i could say about the duff movie amazeballlllllsss
-1	rt culturemonster power of duff at the geffen news sports weather and prayer at 11 http t co ifiozohvir
-1	finally nag play na yung the duff
-1	l l hilaryduff buzz hilary duff the girl can rock dvd 2004 celebrity style http t co rdp6mirg9k
-1	trailers are longgggg afternoon at the pictures seeing the duff
-1	that dude from the duff is hottttt
-1	thinking all about me but i am all about you turn the lights down and show you all about you by hilary duff https t co ooqnmsibhm
-1	l l hilaryduff stuff hilary duff the girl can rock dvd 2004 celebs bargains http t co nwdvwx3d2b
-1	rt erinngeee when u realize ur the duff
-1	watching the duff brb
-1	the duff
-1	the duff super nice movie
-1	the duff was such a good movie omgggg
-1	rt pressprogress icymi will harper repay taxpayers for free powder puff from the ol duff http t co hia6bmskcy duffy cdnpoli http
-1	rt mirrorfootball burnley heaton trippier duff shackell myself and i boyd arfield jones and noble vokes lord of the http t c
-1	rt pressprogress icymi will harper repay taxpayers for free powder puff from the ol duff http t co hia6bmskcy duffy cdnpoli http
-1	guys i wemt to see duff and somebody to u plaued at the end
-1	went and watched theduffmovie theduff bendigocinemas with the girls cute predictable teenage flick
-1	failoutboob the duff
-1	we re seeing the duff
-1	burnley heaton trippier duff shackell myself and i boyd arfield jones and noble vokes lord of the http t co 1gm9ouufaj
-1	duff time
-1	rt coupietaik congrats to hilary duff for being one of the few disney stars who hasn t turned crazy http t co scp6yg8o6c
-1	i wanna watch the duff
-1	rt pressprogress icymi will harper repay taxpayers for free powder puff from the ol duff http t co zkwdhookhm duffy cdnpoli pic t
-1	u were right the duff did try amp expense make up earlier amp was refused then plan b http t co jntxo5rpll politicalcog bevazevedo
-1	icymi will harper repay taxpayers for free powder puff from the ol duff http t co hia6bmskcy duffy cdnpoli http t co bc35pwznld
-1	rt fangirlamy_ i m actually the duff but the twist is i don t get the guy in the end
-1	i m actually the duff but the twist is i don t get the guy in the end
-1	rt vyeone will harper repay taxpayers for his free powder puff from the ol duff http t co jntxo5rpll via press progress
-1	the flickering myth movie show 2 avengers age of ultron the duff f https t co 8e9dllumex via youtube fmtv
-1	l d hilaryduff fashion hilary duff the girl can rock dvd 2004 forsale onsale http t co rrbh1kvlhx
-1	the duff with my self
-1	rt azraayesha azraa y aren t there any cute guys in got azraa u hv to explain to me everythng bout got i rasa i m the duff la azraa
-1	will harper repay taxpayers for his free powder puff from the ol duff http t co jntxo5rpll via press progress
-1	rt coupietaik congrats to hilary duff for being one of the few disney stars who hasn t turned crazy http t co scp6yg8o6c
-1	rt musicnews_facts selena gomez amp hilary duff are the only disney channel stars to sell over 10m albums worldwide outside of disney http
-1	cooneys the duff
-1	azraa y aren t there any cute guys in got azraa u hv to explain to me everythng bout got i rasa i m the duff la azraa guess who guys
-1	rt coupietaik congrats to hilary duff for being one of the few disney stars who hasn t turned crazy http t co scp6yg8o6c
-1	am i the duff in the squad
-1	the winner of my theduff giveaway with hodderchildrens is mundanesundays congratulations dm me your address http t co xgnuoraedx
-1	rt fan_hilaryduff hilaryduff buzz hilary duff the best of hilary duff http t co rpzgtvdvsz celebrity style
-1	rt fan_hilaryduff hilaryduff fashion hilary duff the best of hilary duff http t co azuprjhfll forsale onsale
-1	hilaryduff fashion hilary duff the best of hilary duff http t co azuprjhfll forsale onsale
-1	hilaryduff buzz hilary duff the best of hilary duff http t co rpzgtvdvsz celebrity style
-1	hilaryduff stuff hilary duff the best of hilary duff http t co jqhhtuxftq celebs bargains
-1	the first winner rafflecopter chose randomly for theduff giveaway was disqualified for not completing the task we do check these things
-1	think i cracked a rib laughing so hard watching the duff fantastic movie robbieamell maebirdwing
-1	just watched the duff and i think i am the you are the one
-1	tamarapalmerx i m the duff
-1	movingpxctures but i m the duff in this friendship sooo
-1	the duff is the best film ever i am bianca piper and i m hella ok with it look what she wins in the end
-1	rt celebrity_extra interview actress singer haylieduff tells me all about the new season of the real girl s kitchen http t co nlkhsxy
-1	rt aeron_amell watching the duff over and over and over and over and over again theduff http t co y3vdqimhyb
-1	imalexaagustin the duff or the longest ride
-1	paintandpuddles the duff
-1	free ebay sniping rt http t co z7uxo2z2lg the duff madison bella thorne hero movie costume please favorite amp share
-1	watches the duff a while ago
-1	rt curlystagramm i m totally the duff
-1	watching the duff over and over and over and over and over again theduff http t co y3vdqimhyb
-1	the duff is legit the best film i ve ever seen
-1	rt coupietaik congrats to hilary duff for being one of the few disney stars who hasn t turned crazy http t co scp6yg8o6c
-1	200 sure im the duff of my friend group
-1	congrats to hilary duff for being one of the few disney stars who hasn t turned crazy http t co scp6yg8o6c
-1	never forget that the only two songs grover can play on reed pipes are mozart s 12th symphony and hilary duff s so yesterday
-1	the duff is such a good movie and i love the book as well
-1	bellathorne i already watched the duff but i m gonna watch it again for you http t co mt4hdwar5k
-1	me wants to watch the duff wesleyyyyyy
-1	trulov1d ide dzis na the duff hsbsgshhs
-1	i m actually the duff yet i don t get the guy in the end
-1	i want to watch the duff again
-1	l hilaryduff fashion hilary duff the girl can rock dvd 2004 forsale onsale http t co tfhhiwrphb
-1	rt musicnews_facts selena gomez amp hilary duff are the only disney channel stars to sell over 10m albums worldwide outside of disney http
-1	i just watched the duff
-1	ataraxism kalkikanmani 1 grant duff a british historian said many of the advances in the sciences that v consider today to have been made
-1	on page 103 of 343 of the duff by kody keplinger http t co m0vfi3fdpj
-1	rt musicnews_facts selena gomez amp hilary duff are the only disney channel stars to sell over 10m albums worldwide outside of disney http
-1	watching the duff
-1	rt bellathorne hey uk be the first to see the duff tonight at odeon s preview screenings book your tickets here http t co kroxcyftsx
-1	showing na yung the duff let s watch ching please jeashanelle
-1	the duff garden state plaza http t co rumkyg363t
-1	dafina_zeqiri be a man its the tittle of the album duff
-1	l hilaryduff buzz hilary duff the girl can rock dvd 2004 celebrity style http t co esnijx2hf8
-1	rt bellathorne hey uk be the first to see the duff tonight at odeon s preview screenings book your tickets here http t co kroxcyftsx
-1	the standard of street performers in liverpool gets worse and worse every week
-1	the duff is a dumb movie
-1	rt bellathorne the new trailer for theduff movie maebirdwing robbieamell skylersamuels bianca00alexa nickeversman kenjeong https
-1	i want to see the duff but a i have no one to see it with and b all the links online start in japanese
-1	is wish i could be in the mess i was last night every time i m onit keep thinking how damage it was
-1	evelynduffy1 ev duff wanna get iphone6 for free join the giveaway right now link on my profile
-1	robbieamell totally going to watch the duff aaaah
-1	l hilaryduff stuff hilary duff the girl can rock dvd 2004 celebs bargains http t co sgqk0k1ldj
-1	the duff book is seriously mindblowing like woah
-1	the duff means the designated ugly fat friend
-1	in the latest bit of a life increasingly lived enjoying places things with duff reputations today i am taking my first greyhound bus
-1	rt ruckusharry would recommend the duff
-1	rt ruckusharry would recommend the duff
-1	today i watched the duff so i m thinking am i the duff
-1	gahaha the duff was such a laugh water spa next kay candicedlvg tinananabatman tata_patata ahoymaetey
-1	man i m not fucking with duff and them when i gotta work the next morning
-1	rt ruckusharry would recommend the duff
-1	you are listening to chasing the sun hilary duff
-1	the duff was ok aside from whitman it was all a little standard it tried really hard to remind us the internet existed at every turn
-1	the duff is seriously my film
-1	the duff tomo yas yas yaassss
-1	rt musicnews_facts selena gomez amp hilary duff are the only disney channel stars to sell over 10m albums worldwide outside of disney http
-1	omfg the duff
-1	velvetgh0st i m going to the cinema to see the duff
-1	rt marisitacarmen weekendwonders what to watch the duff new teen flick on at cinemas everywhere rating 12a bbcnickcarter bbccambs
-1	if i learnt anything from watching the duff it s that you shouldn t let others label you
-1	misa___dance i m so desperate to watch the duff
-1	going to see the duff
-1	i liked a youtube video http t co 7snl4cvlpe the duff official trailer trailer review beyond the trailer
-1	the duff with some of the moondrakes
-1	itsconmongirl hilary duff s secret to a fit amp toned body exposed this pill is putting the gym to shame http t co db3d0wh2bn kay
-1	going to see the duff bye
-1	the duff is
-1	new high school comedy theduff is a star turn for maewhitman review http t co bh2zbuuxje http t co knd13lvuru
-1	rt cjeaglesbb offensively tonight duffy 3rbi hoendorf 2 hits and 1 rbi amp sb richard 2 hits with one 2b rbi amp sb barhorst 2 hits amp 3
-1	rt musicnews_facts selena gomez amp hilary duff are the only disney channel stars to sell over 10m albums worldwide outside of disney http
-1	chelsfergo get up the duff
-1	rt huffpostuk what will the election mean for britain s place in europe andrewduffeu blogs http t co bqmjgtr30p http t co yzmpx3nncd
-1	rt musicnews_facts selena gomez amp hilary duff are the only disney channel stars to sell over 10m albums worldwide outside of disney http
-1	oh wow so they made huge changes to the story of the duff
-1	l l c hilaryduff fashion hilary duff the girl can rock dvd 2004 forsale onsale http t co euuu2aioqa
-1	ruckusharry i thought you were asking if i would recommend the duff omg i was about to reply yes
-1	rt itsconmongirl hilary duff s secret to a fit amp toned body exposed this pill is putting the gym to shame http t co vrhh9roxwh http
-1	rt musicnews_facts selena gomez amp hilary duff are the only disney channel stars to sell over 10m albums worldwide outside of disney http
-1	you are listening to chasing the sun hilary duff
-1	sedatedbiebers its just about a girl who finds out that shes the duff and goes cray
-1	shaunkennedy_ even the taxi too liquid was funny as fuck
-1	rt musicnews_facts selena gomez amp hilary duff are the only disney channel stars to sell over 10m albums worldwide outside of disney http
-1	would recommend the duff
-1	the blonde girl from the duff aint she gigi from wowp
-1	at home im so upset i didn t get to go into town with my friends i so wanted to see the duff theduffmovie
-1	we re watching the duff illegally now
-1	win a theduff movie goody bag courtesy of hodder and entertainment one at pentopaperblog ends 23rd april http t co vjdch8886l
-1	the duff is such a good movie omgogm
-1	going to watch the duff again today
-1	just watched the duff and am officially insulted that people say i remind them of the film
-1	field trip cancelled watched the duff aicaloka ianaabarquez corpuzcjs cathmacalintal migelhernandezz http t co 6rpjcoycjj
-1	why is the duff rated high on imdb it s mostly cringeworthy
-1	lyricwtf its like saying hilary duff s so yesterday was the pop punk tune of 2003
-1	rt itsconmongirl hilary duff s secret to a fit amp toned body exposed this pill is putting the gym to shame http t co vrhh9roxwh http
-1	rt itsconmongirl hilary duff s secret to a fit amp toned body exposed this pill is putting the gym to shame http t co vrhh9roxwh http
-1	rt itsconmongirl hilary duff s secret to a fit amp toned body exposed this pill is putting the gym to shame http t co vrhh9roxwh http
-1	rt itsconmongirl hilary duff s secret to a fit amp toned body exposed this pill is putting the gym to shame http t co vrhh9roxwh http
-1	rt itsconmongirl hilary duff s secret to a fit amp toned body exposed this pill is putting the gym to shame http t co vrhh9roxwh http
-1	rt itsconmongirl hilary duff s secret to a fit amp toned body exposed this pill is putting the gym to shame http t co vrhh9roxwh http
-1	rt itsconmongirl hilary duff s secret to a fit amp toned body exposed this pill is putting the gym to shame http t co vrhh9roxwh http
-1	sport randwick with the duff sky thoroughbred central s ron dufficy reviews the final day of the sydney http t co raldznu9vl
-1	rt itsconmongirl hilary duff s secret to a fit amp toned body exposed this pill is putting the gym to shame http t co vrhh9roxwh http
-1	sport randwick with the duff sky thoroughbred central s ron dufficy reviews the final day of the sydney http t co gecuma6hcl
-1	i want to see the duff only because ann from arrested development is the lead role her
-1	hilary duff s secret to a fit amp toned body exposed this pill is putting the gym to shame http t co vrhh9roxwh http t co cgfbpya9pp
-1	is the duff a good movie
-1	charlesadler nationalpost the duff who is alleged to not get enough
-1	time to watch the duff yayyyy
-1	rt musicnews_facts selena gomez amp hilary duff are the only disney channel stars to sell over 10m albums worldwide outside of disney http
-1	the duff
-1	rt musicnews_facts selena gomez amp hilary duff are the only disney channel stars to sell over 10m albums worldwide outside of disney http
-1	oreillyredmond how does a wasteful wash duff the complacent literature
-1	rubyredsperform easy on the plum duff
-1	as you see we ve changed the name of our page from duff mckagan pl crew on guns n roses pl crew merlernfnr http t co wodlgc4msy
-1	red fm the duff movie online free 2015 http t co snhoiysyi4 infowars alexjones
-1	rt musicnews_facts selena gomez amp hilary duff are the only disney channel stars to sell over 10m albums worldwide outside of disney http
-1	with myduff robbieamell theduff best movie of all time theduff i am duff only you can https t co vewgwclj1p
-1	watching the duff https t co 9xujd1ymlp
-1	fantastic decide to buy gta v from g2a_com and the key is duff have to wait up to 3 days before the seller even looks at it annoying
-1	rt craigwilliams4 calumsleslie the news awakens sundaygms starwars billwhiteford http t co rorxduyrys sheer bliss
-1	the duff was pretty good mostly because robbie amell is beautiful
-1	rt musicnews_facts selena gomez amp hilary duff are the only disney channel stars to sell over 10m albums worldwide outside of disney http
-1	i want to watch duff and laugh and eat all the food that i want
-1	cheers for all the drinks last night and happy birthdays was damage and still helfy fucked so yaptaeee
-1	i m totally the duff
-1	the duff http t co vjdbpxp2vq
-1	this dog got the best present ever now watch what he does with it the end is funny http t co o5nory4tow http t co osnl18wrqy
-1	well time too get the drink out round2
-1	edlynenessa nopeee x de movie best ada satu ni nmpk mcm best the duff waych la the trailer
-1	the duff book wiki http t co sqykeiz3e0
-1	rt sydneysamantha it sucks being the duff
-1	hilary duff s sister lived in hilary s limelight for long enough that she got a show on the food channel seriously can anyone get one
-1	rt musicnews_facts selena gomez amp hilary duff are the only disney channel stars to sell over 10m albums worldwide outside of disney http
-1	rt kathrynjennifer following robbieamell after watching the duff thanks for putting their twitter accounts in the credits so i didn t
-1	rt musicnews_facts selena gomez amp hilary duff are the only disney channel stars to sell over 10m albums worldwide outside of disney http
-1	another amazing movie watching the duff at hoyts australia watergardens http t co 1efod2t12e
-1	nah didn t like the duff
-1	the duff
-1	following robbieamell after watching the duff thanks for putting their twitter accounts in the credits so i didn t have to google stalk
-1	london 2015 chanida_duff the big gherkin https t co clk0rn2t3h
-1	rt kayneiwest congrats to hilary duff for being one of the few disney stars who hasn t turned crazy http t co q6r4kqoyuk
-1	which one of us is really the duff though
-1	rt musicnews_facts selena gomez amp hilary duff are the only disney channel stars to sell over 10m albums worldwide outside of disney http
-1	does every group of friends have a duff theduff
-1	rt musicnews_facts selena gomez amp hilary duff are the only disney channel stars to sell over 10m albums worldwide outside of disney http
-1	the duff was so good
-1	that thing where you go to the returns counter having forgotten to actually put the duff item back in its box that
-1	daily duff health and fitness on the agenda fitness http t co 8pcq42bgjv
-1	daily duff health and fitness on the agenda fitness http t co jdzbghrykq
-1	i am the legitimate duff in my friendship group
-1	rt musicnews_facts selena gomez amp hilary duff are the only disney channel stars to sell over 10m albums worldwide outside of disney http
-1	the duff is such a good movie
-1	the duff book wikipedia http t co alm3h56c8j
-1	win the duff movie merchandise entertainment focus http t co rqraivfd6c przez sharethis
-1	rt musicnews_facts selena gomez amp hilary duff are the only disney channel stars to sell over 10m albums worldwide outside of disney http
-1	rt musicnews_facts selena gomez amp hilary duff are the only disney channel stars to sell over 10m albums worldwide outside of disney http
-1	spewed on the liquid bar again last night hahahah yaptaeee got away with it this time though someburfday
-1	the duff with amanda_paris_ jelaborja http t co i5meupgqla
-1	watching the duff right now lol love it
-1	jcousy3 jordandawes hahah your still on that duff hype she might get a 6th man of the year award solid off the bench
-1	15 the duff tfios peter pan if i stay and bugs life
-1	we ve changed our avatar to show off the newly restored sign pub duffield derbyshire
-1	rewatching the duff
-1	jaelanuza biancasarol medj im the only duff in the barkada
-1	i want to watch the duff
-1	l b hilaryduff buzz hilary duff the girl can rock dvd the concert new celebrity style http t co kuowpsge8p
-1	the duff
-1	nw the duff
-1	the duff
-1	rt xojessilynna im the duff in my friends
-1	hilaryduff fashion hilary duff the girl can rock dvd 2004 http t co nmkphsytik forsale onsale
-1	hilaryduff buzz hilary duff the girl can rock dvd 2004 http t co 9kekcmmkmj celebrity style
-1	hilaryduff stuff hilary duff the girl can rock dvd 2004 http t co zp2zryatms celebs bargains
-1	im the duff in my friends
-1	eynon_duff no they all taste the same
-1	on page 34 of 343 of the duff by kody keplinger http t co sxobxgges8
-1	the duff nw
-1	rt lizalov21 hilary duff s secret to a fit amp toned body exposed this pill is putting the gym to shame http t co zh6zi32cyl http
-1	the duff 15 a sandel kind of petty but still pretty appealing
-1	rt jonah_fromtonga what did the ghost say to the bees boo bees
-1	rt musicnews_facts selena gomez amp hilary duff are the only disney channel stars to sell over 10m albums worldwide outside of disney http
-1	rt jonah_fromtonga i love seeing rangas burn in the summer
-1	amanierohaizat the duff
-1	rt abaonline win theduff goodies simply follow us rt amp tell us why it s awesome to just be yourself http t co zc0ufrydgo http t c
-1	rt jedangel tamarapalmerx you the duff http t co uo4bd6fz3a
-1	in desperate need of a haircut amp every barbers in the toon is packed
-1	when you realised that you re the duff https t co tglnlaxwjf
-1	the duff is such a brilliant film
-1	bangingbunnies from the duff http t co rrztnjgru3
-1	the duff nw
-1	rt musicnews_facts selena gomez amp hilary duff are the only disney channel stars to sell over 10m albums worldwide outside of disney http
-1	vmevon join us next time to find out who is gonna get up the duff
-1	rt taylorswift13 here s a pic of hilary duff quoting my lyrics on instagram and generally just being the cutest person in history http
-1	rt musicnews_facts selena gomez amp hilary duff are the only disney channel stars to sell over 10m albums worldwide outside of disney http
-1	rt superracing raceday review randwick with dufficyron http t co 3uund4rkpm superracing
-1	idk if i should go see the duff today
-1	rt jedangel tamarapalmerx you the duff http t co uo4bd6fz3a
-1	tamarapalmerx you the duff http t co uo4bd6fz3a
-1	l c hilaryduff fashion hilary duff the girl can rock dvd 2004 forsale onsale http t co leiwwqqj3q
-1	rt musicnews_facts selena gomez amp hilary duff are the only disney channel stars to sell over 10m albums worldwide outside of disney http
-1	kaninozhatzadeh the duff hahaha
-1	passage to egypt the life of lucie duff gordon frank katherine hardcover http t co krrr8qxnmn http t co uqavtlodos
-1	watching the duff https t co sksko012yd
-1	fmtv the flickering myth movie show 2 avengers age of ultron the duff f http t co r2ejx8vq6r http t co faypag9n3k
-1	bellathorne just watched the duff amazing film
-1	passage to egypt the life of lucie duff gordon frank katherine hardcover http t co vpv6nue0md http t co rnwzdcqoup
-1	passage to egypt the life of lucie duff gordon frank katherine hardcover http t co k1dv4kmbmm http t co w3mk2fqxdx
-1	the duff was actually such a good film
-1	rt musicnews_facts selena gomez amp hilary duff are the only disney channel stars to sell over 10m albums worldwide outside of disney http
-1	fmtv the flickering myth movie show 2 avengers age of ultron the duff f https t co ijtkz2l6oz via youtube
-1	the duff official trailer 4 2015 bella thorne mae whitman comedy hd http t co hwsrj3hnrk staged http t co alpafdnuc6
-1	rt musicnews_facts selena gomez amp hilary duff are the only disney channel stars to sell over 10m albums worldwide outside of disney http
-1	randwick with the duff sky thoroughbred central s ron dufficy reviews the final day of the sydney autumn carnival
-1	rt musicnews_facts selena gomez amp hilary duff are the only disney channel stars to sell over 10m albums worldwide outside of disney http
-1	rt musicnews_facts selena gomez amp hilary duff are the only disney channel stars to sell over 10m albums worldwide outside of disney http
-1	had a gud night on thursday dominic kirwan and mary duff at the pravillion theatre in rhyl worth going to see
-1	the big band plays the horse amp stables nr waterloo at 7 30 sadly i m bristol so just go and imagine my quota of duff notes instead
-1	of course i wake up because of thunder amp immediately think someones banging on the garage again i m gonna die coz i m too tired to care
-1	rt musicnews_facts selena gomez amp hilary duff are the only disney channel stars to sell over 10m albums worldwide outside of disney http
-1	the duff was surprisingly good
-1	rt marisitacarmen weekendwonders what to watch the duff new teen flick on at cinemas everywhere rating 12a bbcnickcarter bbccambs
-1	raceday review randwick with dufficyron http t co 3uund4rkpm superracing
-1	watching the duff and gt
-1	banktopbrewery randomblast reminded of that episode of the simpsons at the duff brewery
-1	vax your vacuum cleaners are rubbish in my opinion on our 2nd a replacement cos the first one was duff dyson where are yoooo
-1	randwick with the duff http t co 66vypi9wm6
-1	rt musicnews_facts selena gomez amp hilary duff are the only disney channel stars to sell over 10m albums worldwide outside of disney http
-1	the duff
-1	rt hilaryduff_uk the edm remix of sparks has just blasted me right through that gym session cheers hil https t co vklujfzxuj
-1	okay i ll watch the duff atm
-1	rt sclenagcmex turn the lights down low and kiss me in the dark cuz when you re touching me baby i feel sparks you make my heart goooo
-1	randwick with the duff http t co z1t3hbknwz http t co 7cgx2htctl
-1	rt echmontpellier this is the schedule for the finals todays event finals at 14h30 mag fx ph sr wag vt ub echmontpellier http
-1	the duff soundtrack http t co e6rcyytsmx
-1	rt hilaryduff_uk the edm remix of sparks has just blasted me right through that gym session cheers hil https t co vklujfzxuj
-1	top video the duff online free2015 http t co iilq696arx infowars alexjones
-1	rereading the duff
-1	randwick with the duff http t co dpcll1tmrn
-1	the duff is worth to watch
-1	somebody to you by the vamps came up on the duff ianajaa
-1	the duff https t co n1mjqq8uoc
-1	the downfall from living alone means you have nobody to fake tan your back girlproblems
-1	rt musicnews_facts selena gomez amp hilary duff are the only disney channel stars to sell over 10m albums worldwide outside of disney http
-1	these 15 animals playing in snow for the first time will melt your heart http t co hcxfl8ccyy http t co irtdwb3syk
-1	sport randwick with the duff http t co gsaa5nevhc
-1	rt erinngeee when u realize ur the duff
-1	randwick with the duff http t co gopyirnono
-1	randwick with the duff http t co bsufhlljt4
-1	makemyfamous the duff
-1	when you watch the duff and it s your life story
-1	rt theduff every duff has their day watch the new theduff trailer now maebirdwing robbieamell bellathorne https t co fjcmn6xfih
-1	wikipedia cliffs notes for the universe except physics and math which is ironically more confusing great duff s device article though
-1	jacobsftandrea the duff
-1	rt bellathorne the new trailer for theduff movie maebirdwing robbieamell skylersamuels bianca00alexa nickeversman kenjeong https
-1	anisaryssagoh19 the duff
-1	rt erinngeee when u realize ur the duff
-1	reaaaalllly wanna see the duff
-1	i watched the duff designated ugly fat friend yesterday and quite enjoyed it a very positive tackling of teen bullying and body issues
-1	only two left at the club fitness in the park 845am strength45 w christine duff free open to the public non members welcome
-1	nw the duff
-1	hilary duff had to fix a chip in her tooth the day of her wedding
-1	l l l hilaryduff buzz hilary duff the girl can rock dvd the concert new celebrity style http t co hz7tf4qshv
-1	guys i m the duff
-1	hahaha watched the duff lol
-1	rt sarahzahidi hello can i have a hottie neighbour like the one in duff
-1	the flickering myth movie show 2 avengers age of ultron the duff f https t co sgtqs4522t via youtube fmtv
-1	turn the lights down low and kiss me in the dark cuz when you re touching me baby i feel sparks you make my heart goooo hilary duff
-1	going to see the duff today
-1	i m the duff in my friend circle
-1	what frustrates me the most is that we used to be friends or was it just bc i was the duff ok
-1	l l l hilaryduff stuff hilary duff the girl can rock dvd the concert new celebs bargains http t co mxrn92wnwn
-1	will stephen harper repay taxpayers for his free powder puff from the ol duff http t co maxkzd2bkr via pressprogress cdnpoli
-1	i wanna watch the duff and the longest ride rn
-1	my top 3 lastfm artists britney spears 50 hilary duff 23 amp the pretty reckless 17 http t co aqu2cw1o6v
-1	nw the duff
-1	cronindayl so jealous well i m seeing the duff for the 3rd time be jealous dayl
-1	nw the duff
-1	the duff
-1	had some me time with a trip to the movies and seattles best javakulas just because 3 the duff was https t co kzfpxek992
-1	need to go and see the duff and i need someone to come with me
-1	rt jezzabirdxox i need to go and see the duff
-1	sonyaosborne11 awarded best presentation at pnaq2015 for her paper on the history of the acorn standards acorn_org acorn_standards
-1	so she s atiya and she s the duff possibly https t co zrbptmjxkf
-1	the duff is so shit
-1	is the duff worth seeing
-1	watched the duff absolutely brilliant
-1	congratulations to the new pnaq president emma babao pnaq2015 http t co whli58cm2r
-1	the duff nw
-1	the duff hollywood 20 http t co 2dklbcdxel
-1	nw the duff
-1	rt sarahzahidi hello can i have a hottie neighbour like the one in duff
-1	rt musicnews_facts selena gomez amp hilary duff are the only disney channel stars to sell over 10m albums worldwide outside of disney http
-1	when you realize you really are the duff in all of your friendships
-1	the duff is so jsbskbsjsbis
-1	movie spoiler for the film the duff http t co dre52msphx
-1	the duff vodlocker http t co 6brpihk35n
-1	feeling like the duff lmao
-1	win a theduff movie goody bag courtesy of hodder and entertainment one at pentopaperblog ends 23rd april http t co qsq9poiakc
-1	saccharinescorpion superhighschoolleveldoujinauthor what the hell is the duff uh uhhh uhhhhh are you http t co eqelzypfhm
-1	l l b hilaryduff fashion hilary duff the girl can rock dvd 2004 forsale onsale http t co ubzk29whwj
-1	being the ugly friend is a full time job duff
-1	will stephen harper repay taxpayers for his free powder puff from the ol duff http t co qvo3dftxag via pressprogress
-1	there s now an old doco on illegitimacy paul holmes is playing a guy who gets a girl up the duff
-1	gormlessly don t be ogling nubile birds when your poor wife is up the duff
-1	want to go and see the duff again
-1	i was the duff for so long i just automatically assume everyone thinks i m ugly until i m told otherwise
-1	the duff so wanted to be this season s mean girls or easy a but ended up an easy d minus instead
-1	will stephen harper repay taxpayers for his free powder puff from the ol duff http t co qvo3dfbwii via pressprogress
-1	photoset lady of the valley duff mckagan photographed by ross halfin http t co z9bxh8znv6
-1	rt sarahzahidi hello can i have a hottie neighbour like the one in duff
-1	rt iqoluducih the duff twitter http t co qtk2wyyceb
-1	the duff watch full movie http t co o7aqz0rp9h
-1	v excited to see the duff today
-1	i m deff the duff
-1	maebirdwing thelaurengraham getting married in a week so celebrating by going to see the duff
-1	leeh_nostromo the fact he s pals rivals with lex adds another dimension lana s a bit duff but lois spot on for annoying likable bossy
-1	rt imlizziem if the light is off then it isn t on hilary duff philosopher
-1	rt bellathorne i am here at glamourmaguk lets get the twitter party started theduff http t co dksuro6qhz
-1	a movie that describes me is the duff i swear
-1	going to the cinema with ma friends to watch the duff theduff
-1	rt musicnews_facts selena gomez amp hilary duff are the only disney channel stars to sell over 10m albums worldwide outside of disney http
-1	really want to see the duff
-1	rt musicnews_facts selena gomez amp hilary duff are the only disney channel stars to sell over 10m albums worldwide outside of disney http
-1	cannot wait to see the duff been excited about it all week long
-1	the duff was too funny last night
-1	rt sarahzahidi hello can i have a hottie neighbour like the one in duff
-1	hello can i have a hottie neighbour like the one in duff
-1	watching the duff https t co 7rewzldzin
-1	watching the duff
-1	rt xmare_ i m the duff
-1	now watching the duff http t co rtyeh73glc
-1	rt musicnews_facts selena gomez amp hilary duff are the only disney channel stars to sell over 10m albums worldwide outside of disney http
-1	nw the duff
-1	the duff was such a cute movie
-1	rt silverforce77 now sw_insider panel many star wars writers on stage amp in the audience jasoncfry darth_duff jedinews2010 jdog_wil
-1	rt musicnews_facts selena gomez amp hilary duff are the only disney channel stars to sell over 10m albums worldwide outside of disney http
-1	the duff official trailer 1 2015 bella thorne mae whitman comedy hd http t co 3p3ac5lbde
-1	i love music check out the joeyduffrocks artist page on amazon tx you rock http t co tpkxiq0dnp
-1	the duff nw
-1	rt bellathorne i am here at glamourmaguk lets get the twitter party started theduff http t co dksuro6qhz
-1	the weekend is here and so is the movie the duff designated ugly fat friend a comedy movie telling the story http t co ke5vqetaaw
-1	my favorite part about working at walmart hillary duff and the jonas brothers playing on repeat definitely
-1	rt sydneysamantha it sucks being the duff
-1	rt quitiofreestor the duff facebook http t co mjfocgbr9p
-1	rt imlizziem if the light is off then it isn t on hilary duff philosopher
-1	watching the duff
-1	got a really exciting day planned today going to see the duff with my friends for my birthday
-1	rt erinngeee when u realize ur the duff
-1	rt musicnews_facts selena gomez amp hilary duff are the only disney channel stars to sell over 10m albums worldwide outside of disney http
-1	omglifefactt hilary duff s secret to a fit amp toned body exposed this pill is putting the gym to shame http t co jrgqbidmzl kay
-1	the duff full movie on megashare http t co fmfb7dfh09
-1	rt musicnews_facts selena gomez amp hilary duff are the only disney channel stars to sell over 10m albums worldwide outside of disney http
-1	i m the duff maaaaaan
-1	rt mmahistorytoday jason miller approached jake shields during the post fight interview the infamous nashville brawl then ensued http
-1	rt musicnews_facts selena gomez amp hilary duff are the only disney channel stars to sell over 10m albums worldwide outside of disney http
-1	cinderella goes bald for a 5 year old girl the reason i m in tears http t co ukl7wcixk7 http t co iwrijvr5kk
-1	rt musicnews_facts selena gomez amp hilary duff are the only disney channel stars to sell over 10m albums worldwide outside of disney http
-1	looking forward to watching the duff tonight
-1	rt omglifefactt hilary duff s secret to a fit amp toned body exposed this pill is putting the gym to shame http t co cwt0nibhak http
-1	rt omglifefactt hilary duff s secret to a fit amp toned body exposed this pill is putting the gym to shame http t co cwt0nibhak http
-1	rt musicnews_facts selena gomez amp hilary duff are the only disney channel stars to sell over 10m albums worldwide outside of disney http
-1	robbieamell the duff was so good think i m going to watch it again any chance for a rt or follow
-1	rt dustteacorkons the duff the book http t co 9wyhxmercm
-1	rt robbieamell cool rt heartbeat_gleek robbieamell theduff promoting the duff in dublin http t co cqug1sj0im
-1	rt musicnews_facts selena gomez amp hilary duff are the only disney channel stars to sell over 10m albums worldwide outside of disney http
-1	l l hilaryduff buzz hilary duff the girl can rock dvd the concert new celebrity style http t co al8xw4ytqy
-1	i need to go and see the duff
-1	the jock with the duff
-1	weekendwonders what to watch the duff new teen flick on at cinemas everywhere rating 12a bbcnickcarter bbccambs djchrisberrow
-1	otranimal are you watching the duff
-1	i m the duff
-1	rt musicnews_facts selena gomez amp hilary duff are the only disney channel stars to sell over 10m albums worldwide outside of disney http
-1	l l hilaryduff stuff hilary duff the girl can rock dvd the concert new celebs bargains http t co k45hwi2h91
-1	watching the duff https t co zufb7wpswp
-1	the duff sent by 21 cineplex for ios http t co skzr35huwe http t co jjygglqfam
-1	brb gotta watch the duff
-1	rt erinngeee when u realize ur the duff
-1	so surprised my brothers agreed to watch the duff with me
-1	the duff
-1	when your the duff out of your group of friends
-1	kathleen and i had our movie night the duff is a good movie i want it
-1	http t co 9oe2yj0dne hilary duff chasing the sun http t co za5zb4q7sc chasing duff hilary vevo
-1	rt saegriff saw the duff tonight with my best ladies and we laughed and mostly cried and it was much needed love nights like these
-1	rt sydneysamantha it sucks being the duff
-1	rt erinngeee when u realize ur the duff
-1	so i seen the duff today
-1	rt erinngeee when u realize ur the duff
-1	rt erinngeee when u realize ur the duff
-1	rt erinngeee when u realize ur the duff
-1	the duff movie please
-1	i m a duff theduff
-1	rt erinngeee when u realize ur the duff
-1	rt erinngeee when u realize ur the duff
-1	rt erinngeee when u realize ur the duff
-1	rt erinngeee when u realize ur the duff
-1	rt erinngeee when u realize ur the duff
-1	when u realize ur the duff
-1	rt lifefactt hilary duff s secret to a fit amp toned body exposed this pill is putting the gym to shame http t co dhn4k1xctu http t
-1	rt katemase23 watching the duff just for the soundtrack thevampsband thevampstristan thevampscon thevampsjames thevampsbrad
-1	rt musicnews_facts selena gomez amp hilary duff are the only disney channel stars to sell over 10m albums worldwide outside of disney http
-1	duff plays through pain barrier its like the school of hard knocks keeping elgin city on the http t co vnaixtwz1f
-1	it sucks being the duff
-1	when you realise you re a duff while watching the duff
-1	rt kiki_karahalios when you re the duff of the friend group http t co maf5ff0vhh
-1	rt lifefactt hilary duff s secret to a fit amp toned body exposed this pill is putting the gym to shame http t co dhn4k1xctu http t
-1	rt lifefactt hilary duff s secret to a fit amp toned body exposed this pill is putting the gym to shame http t co dhn4k1xctu http t
-1	the duff with ayeltots and nornornono
-1	the duff wesley and bianca http t co qxb5k1exmq
-1	burnley defender michael duff believes sean dyches success at turf moor could help him become england manager in the future
-1	rt omgfunnytweetzz hilary duff s secret to a fit amp toned body exposed this pill is putting the gym to shame http t co npyllnyxzu ht
-1	rt omgfunnytweetzz hilary duff s secret to a fit amp toned body exposed this pill is putting the gym to shame http t co npyllnyxzu ht
-1	rt omgfunnytweetzz hilary duff s secret to a fit amp toned body exposed this pill is putting the gym to shame http t co npyllnyxzu ht
-1	rt omgfunnytweetzz hilary duff s secret to a fit amp toned body exposed this pill is putting the gym to shame http t co npyllnyxzu ht
-1	rt omgfunnytweetzz hilary duff s secret to a fit amp toned body exposed this pill is putting the gym to shame http t co npyllnyxzu ht
-1	rt omgfunnytweetzz hilary duff s secret to a fit amp toned body exposed this pill is putting the gym to shame http t co npyllnyxzu ht
-1	rt omgfunnytweetzz hilary duff s secret to a fit amp toned body exposed this pill is putting the gym to shame http t co npyllnyxzu ht
-1	rt omgfunnytweetzz hilary duff s secret to a fit amp toned body exposed this pill is putting the gym to shame http t co npyllnyxzu ht
-1	rt 0143maria hilary duff s secret to a fit amp toned body exposed this pill is putting the gym to shame http t co ogauvoh074 http t
-1	rt 0143maria hilary duff s secret to a fit amp toned body exposed this pill is putting the gym to shame http t co ogauvoh074 http t
-1	rt 0143maria hilary duff s secret to a fit amp toned body exposed this pill is putting the gym to shame http t co ogauvoh074 http t
-1	rt 0143maria hilary duff s secret to a fit amp toned body exposed this pill is putting the gym to shame http t co ogauvoh074 http t
-1	rt 0143maria hilary duff s secret to a fit amp toned body exposed this pill is putting the gym to shame http t co ogauvoh074 http t
-1	rt 0143maria hilary duff s secret to a fit amp toned body exposed this pill is putting the gym to shame http t co ogauvoh074 http t
-1	rt 0143maria hilary duff s secret to a fit amp toned body exposed this pill is putting the gym to shame http t co ogauvoh074 http t
-1	rt 0143maria hilary duff s secret to a fit amp toned body exposed this pill is putting the gym to shame http t co ogauvoh074 http t
-1	theduff its kinda crazy movie with you going back an forth the body lol
-1	rt musicnews_facts selena gomez amp hilary duff are the only disney channel stars to sell over 10m albums worldwide outside of disney http
-1	rt omglifefacts1 hilary duff s secret to a fit amp toned body exposed this pill is putting the gym to shame http t co iik0nrek7f http
-1	rt omglifefacts1 hilary duff s secret to a fit amp toned body exposed this pill is putting the gym to shame http t co iik0nrek7f http
-1	lucyfact hilary duff s secret to a fit amp toned body exposed this pill is putting the gym to shame http t co wgk0rop6er kay
-1	just watched the duff movie ha story of my life imaduff
-1	rt huffpostuk what will the election mean for britain s place in europe andrewduffeu blogs http t co bqmjgtr30p http t co yzmpx3nncd
-1	rt lucyfact hilary duff s secret to a fit amp toned body exposed this pill is putting the gym to shame http t co pghmxqsrx2 http t
-1	rt lucyfact hilary duff s secret to a fit amp toned body exposed this pill is putting the gym to shame http t co pghmxqsrx2 http t
-1	rt lucyfact hilary duff s secret to a fit amp toned body exposed this pill is putting the gym to shame http t co pghmxqsrx2 http t
-1	rt lucyfact hilary duff s secret to a fit amp toned body exposed this pill is putting the gym to shame http t co pghmxqsrx2 http t
-1	rt lucyfact hilary duff s secret to a fit amp toned body exposed this pill is putting the gym to shame http t co pghmxqsrx2 http t
-1	rt lucyfact hilary duff s secret to a fit amp toned body exposed this pill is putting the gym to shame http t co pghmxqsrx2 http t
-1	duff was cheesing on the low
-1	rt lucyfact hilary duff s secret to a fit amp toned body exposed this pill is putting the gym to shame http t co pghmxqsrx2 http t
-1	l b hilaryduff fashion hilary duff the girl can rock dvd 2004 forsale onsale http t co kfhxbsdyjq
-1	the duff with ulala ammarsabriulala
-1	if you have never seen m_normandin sing come clean by hilary duff in the back of a taxi then i don t know if you have lived
-1	saw the duff tonight with my best ladies and we laughed and mostly cried and it was much needed love nights like these
-1	rt musicnews_facts selena gomez amp hilary duff are the only disney channel stars to sell over 10m albums worldwide outside of disney http
-1	great moment when you realize you re the duff
-1	rt musicnews_facts selena gomez amp hilary duff are the only disney channel stars to sell over 10m albums worldwide outside of disney http
-1	abandoned the duff after 45 pages because annoying main character amateur writing ain t my style
-1	gatorade is obviously the duff of the ade drinks natalie juarez igotpoweradetoday
-1	hilary duff chasing the sun barbwires hits urban pop music http t co zzyme4qybp
-1	i tried to convince my friends to see the duff but they re bein lil shits
-1	tries to watch the duff online can only find it in another language
-1	owen keeps throwing me under the bus
-1	the power of duff was amazing
-1	rt pantyhosemilfs new fappening pics of kate upton blake lively adrianne curry amp olivia munn http t co 6cl47fhycy http t co 1ccth
-1	rt pantyhosemilfs a tribute to the canary of the arrow http t co oe81ieiaoj caitylotz canary blackcanary sexy hot humpday http
-1	rt pantyhosemilfs rosie huntington whiteley is sexy and we have the pics to prove it http t co ldn2dgebcd sexy hot http t co 80urp
-1	rt pantyhosemilfs taylor swift was in lingerie at the victoria s secret fashion show http t co 8ibpphnmca lingerie sexy hot http
-1	2 58 hilary duff the one and only
-1	rt capcycom taylor swift was in lingerie at the victoria s secret fashion show http t co qlxrpqvxnv lingerie sexy hot http t co j
-1	kinda just freaked out in the cinema when thevampsband song came on in the theduff lt 3
-1	oops missed the first screening of duff guess no movie for today else will miss the anticipated mass
-1	rt christiegolden obi wan and anakin react to the book cover perhaps my fave pic so far http t co bnxoj3ufu7
-1	rt musicnews_facts selena gomez amp hilary duff are the only disney channel stars to sell over 10m albums worldwide outside of disney http
-1	rt medinazaini ziezy bought the duff book and im jealous af
-1	rt capcycom the cubs have finally called superstar to be kris bryant up to the http t co cruqnbgrem baseball breakingnews http t c
-1	im always the duff sucksss but okkk
-1	nw the duff
-1	duffmckagan hey duff whats the name of this logo i have the no fear one but i dont know what is this face http t co nswqjq1zlf
-1	the duff fave part kilig https t co kbxbzw7rvd
-1	lizalov21 hilary duff s secret to a fit amp toned body exposed this pill is putting the gym to shame http t co lghy6aqkmj kay
-1	ziezy bought the duff book and im jealous af
-1	rt lizalov21 hilary duff s secret to a fit amp toned body exposed this pill is putting the gym to shame http t co zh6zi32cyl http
-1	rt lizalov21 hilary duff s secret to a fit amp toned body exposed this pill is putting the gym to shame http t co zh6zi32cyl http
-1	rt lizalov21 hilary duff s secret to a fit amp toned body exposed this pill is putting the gym to shame http t co zh6zi32cyl http
-1	rt lizalov21 hilary duff s secret to a fit amp toned body exposed this pill is putting the gym to shame http t co zh6zi32cyl http
-1	rt lizalov21 hilary duff s secret to a fit amp toned body exposed this pill is putting the gym to shame http t co zh6zi32cyl http
-1	rt lizalov21 hilary duff s secret to a fit amp toned body exposed this pill is putting the gym to shame http t co zh6zi32cyl http
-1	rt lizalov21 hilary duff s secret to a fit amp toned body exposed this pill is putting the gym to shame http t co zh6zi32cyl http
-1	rt lizalov21 hilary duff s secret to a fit amp toned body exposed this pill is putting the gym to shame http t co zh6zi32cyl http
-1	l hilaryduff buzz hilary duff the girl can rock dvd the concert new celebrity style http t co drybhvpxez
-1	rt musicnews_facts selena gomez amp hilary duff are the only disney channel stars to sell over 10m albums worldwide outside of disney http
-1	swear i will always be the duff of my friends
-1	rt manslifefacts hilary duff s secret to a fit amp toned body exposed this pill is putting the gym to shame http t co ppybfas5v6 htt
-1	rt manslifefacts hilary duff s secret to a fit amp toned body exposed this pill is putting the gym to shame http t co ppybfas5v6 htt
-1	rt manslifefacts hilary duff s secret to a fit amp toned body exposed this pill is putting the gym to shame http t co ppybfas5v6 htt
-1	rt manslifefacts hilary duff s secret to a fit amp toned body exposed this pill is putting the gym to shame http t co ppybfas5v6 htt
-1	rt manslifefacts hilary duff s secret to a fit amp toned body exposed this pill is putting the gym to shame http t co ppybfas5v6 htt
-1	rt manslifefacts hilary duff s secret to a fit amp toned body exposed this pill is putting the gym to shame http t co ppybfas5v6 htt
-1	rt manslifefacts hilary duff s secret to a fit amp toned body exposed this pill is putting the gym to shame http t co ppybfas5v6 htt
-1	rbgamer422 darth_duff i said the same thing on tonight s podcast gonna watch again after celebration
-1	ahaha me af when you re the duff http t co op6i1tmxbr
-1	l hilaryduff stuff hilary duff the girl can rock dvd the concert new celebs bargains http t co pzjoqlekrw
-1	to the ones who fight day in day out for what amp who they believe in i duff my hat to you takes a whole lot god bless your hearts
-1	i wanna watch the duff bc dude my baby mae whitman hsjsshshsh
-1	lilcoyotesreign you and i are the same person i swear if her shelley hilary duff or any tw cast did that i d do the same
-1	all my friends have boyfs fulfilling the life as the duff
-1	rt musicnews_facts selena gomez amp hilary duff are the only disney channel stars to sell over 10m albums worldwide outside of disney http
-1	weekend movie the duff https t co upnuc0qmla
-1	rt duffscakemix our own duff_goldman was the icing on the cake at the annual stxfoodandwine http t co krqxb2cvpq stxfwe
-1	so proud of the group of young men coach meyer shawn and i get to go into battle with on the https t co khiufw29ms
-1	rbgamer422 steveglosson neither was i and on the heels of that amazing tfa trailer too
-1	rt jennyhinderer hilary duff s secret to a fit amp toned body exposed this pill is putting the gym to shame http t co 1dyrfe329b http
-1	rt lizalov21 hilary duff s secret to a fit amp toned body exposed this pill is putting the gym to shame http t co zh6zi32cyl http t
-1	the same thing also happened in second grade at the hilary duff concert
-1	jennyhinderer hilary duff s secret to a fit amp toned body exposed this pill is putting the gym to shame http t co 001oinkkci kay
-1	followmehumor hilary duff s secret to a fit amp toned body exposed this pill is putting the gym to shame http t co fm0wx1ugcx kay
-1	rt followmehumor hilary duff s secret to a fit amp toned body exposed this pill is putting the gym to shame http t co o8mcyfdt7g http
-1	rt 0143maria hilary duff s secret to a fit amp toned body exposed this pill is putting the gym to shame http t co ogauvoh074 http t
-1	rt jennyhinderer hilary duff s secret to a fit amp toned body exposed this pill is putting the gym to shame http t co 1dyrfe329b http
-1	rt jennyhinderer hilary duff s secret to a fit amp toned body exposed this pill is putting the gym to shame http t co 1dyrfe329b http
-1	rt jennyhinderer hilary duff s secret to a fit amp toned body exposed this pill is putting the gym to shame http t co 1dyrfe329b http
-1	rt jennyhinderer hilary duff s secret to a fit amp toned body exposed this pill is putting the gym to shame http t co 1dyrfe329b http
-1	rt jennyhinderer hilary duff s secret to a fit amp toned body exposed this pill is putting the gym to shame http t co 1dyrfe329b http
-1	rt jennyhinderer hilary duff s secret to a fit amp toned body exposed this pill is putting the gym to shame http t co 1dyrfe329b http
-1	rt jennyhinderer hilary duff s secret to a fit amp toned body exposed this pill is putting the gym to shame http t co 1dyrfe329b http
-1	rt jennyhinderer hilary duff s secret to a fit amp toned body exposed this pill is putting the gym to shame http t co 1dyrfe329b http
-1	the duff nw
-1	rt followmehumor hilary duff s secret to a fit amp toned body exposed this pill is putting the gym to shame http t co o8mcyfdt7g http
-1	rt musicnews_facts selena gomez amp hilary duff are the only disney channel stars to sell over 10m albums worldwide outside of disney http
-1	rt followmehumor hilary duff s secret to a fit amp toned body exposed this pill is putting the gym to shame http t co o8mcyfdt7g http
-1	rt lizalov21 hilary duff s secret to a fit amp toned body exposed this pill is putting the gym to shame http t co zh6zi32cyl http t
-1	rt followmehumor hilary duff s secret to a fit amp toned body exposed this pill is putting the gym to shame http t co o8mcyfdt7g http
-1	rt followmehumor hilary duff s secret to a fit amp toned body exposed this pill is putting the gym to shame http t co o8mcyfdt7g http
-1	rt followmehumor hilary duff s secret to a fit amp toned body exposed this pill is putting the gym to shame http t co o8mcyfdt7g http
-1	rt followmehumor hilary duff s secret to a fit amp toned body exposed this pill is putting the gym to shame http t co o8mcyfdt7g http
-1	rt followmehumor hilary duff s secret to a fit amp toned body exposed this pill is putting the gym to shame http t co o8mcyfdt7g http
-1	rt followmehumor hilary duff s secret to a fit amp toned body exposed this pill is putting the gym to shame http t co o8mcyfdt7g http
-1	rt followmehumor hilary duff s secret to a fit amp toned body exposed this pill is putting the gym to shame http t co o8mcyfdt7g http
-1	nw the duff
-1	rt lizalov21 hilary duff s secret to a fit amp toned body exposed this pill is putting the gym to shame http t co zh6zi32cyl http t
-1	the duff
-1	i m most likely the duff
-1	rt lizalov21 hilary duff s secret to a fit amp toned body exposed this pill is putting the gym to shame http t co zh6zi32cyl http t
-1	rt lizalov21 hilary duff s secret to a fit amp toned body exposed this pill is putting the gym to shame http t co zh6zi32cyl http t
-1	rt lizalov21 hilary duff s secret to a fit amp toned body exposed this pill is putting the gym to shame http t co zh6zi32cyl http t
