-1	just getting up about to roll up trainwreck
-1	the trainwreck on the hill holly fletcher s interviews with hospital leaders hollyfletcher drmikestthomas http t co 7r4et84brd
-1	back to the original time trainwreck tickets are here http t co tdq9grp512
-1	rt 30secondscene trainwreck is lowkey gonna be a classic https t co yjzrfoe7s3
-1	rt cakes4u tps_guy timhortons tsn1260 please hockeygods not the leafs trainwreck
-1	zavvi the only good thing about this trainwreck of a movie is tara reid
-1	trainwreck_34 hi i just got back
-1	rt cakes4u tps_guy timhortons tsn1260 please hockeygods not the leafs trainwreck
-1	maggies_kid well neither actually he s an asshole she s ridiculous ravenel is such a trainwreck though
-1	tps_guy timhortons tsn1260 please hockeygods not the leafs trainwreck
-1	i m blowing on the blueberry trainwreck
-1	restless yesterday s training was a trainwreck sweetscience
-1	rt 30secondscene trainwreck is lowkey gonna be a classic https t co yjzrfoe7s3
-1	airkaka87 ginad129 utahmomslife darci_cole it s a complete trainwreck
-1	lmaoo my snapchat story goes more and more trainwreck each picture
-1	you re a trainwreck but i wouldn t love you if you change
-1	goodmorning im going to delete all of my trainwreck tweets im sorry im such a mess
-1	was a trainwreck i don t know it sucks
-1	omar epps playing willie mays hayes is a trainwreck
-1	in this week s lisa s desk episode lisa talks about a recent incident involving trainwreck actress amy schumer who is a size 6
-1	tabftmgc i love it so much and i just watched the trailer while trying to watch the movie and i am a trainwreck
-1	rt bdazzle2233 sometimes people put up walls not to keep people away but to see who cares enough to tear those walls down http t c
-1	in honor of my birthday party tonight here s a 21st bday photo the phones the water the trainwreck enjoy http t co 3m2srxy2hf
-1	rt otreehill i wanted you to fight for me i wanted you to say that i m the one you want to be with and that you d rather be alone than
-1	pls sing trainwreck ddlovato
-1	rt otreehill one of the best quotes from one tree hill http t co go73w3isto
-1	dmregister iowacubs and the concession stands were a trainwreck
-1	rt dlsneymemories simba but you re not scared of anything mufasa i was today i thought i might lose you the lion king
-1	nafsnep 210darryl because malcolm subban was a trainwreck in net
-1	wtf is this trainwreck of a counterfeit http t co rqti9t3qin
-1	on air trainwreck 1979 by death from above 1979 http t co vizbybzyx2 nowplaying chom
-1	this season finale was just one big trainwreck like wow broadchurch
-1	itsunriel he will be in rva soon
-1	hacklasalle stevesignore acmilan7 markywolf compybaby retrobooking bpyles84 that s quite a long time before she was a trainwreck
-1	hidden treasure trainwreck http t co uwoxlcjep9 2steelgirls http t co hkoyk4ulja kickassmusic playitforward
-1	rt 3amfeels my feelings are a fucking trainwreck im worried sick or i dont care at all im a total sweetheart while also being an asshol
-1	firmbets he is a top 5 weirdo on here absolute trainwreck
-1	ctrent it s a trainwreck and walt has to step down the moves recently are puzzling
-1	theunlvbigguy wvsparkscasino i swear everything in sparks is a trainwreck that s where i lived in 05
-1	rt lastgangent exclusive for recordstoreday cdn label amp band for cdns only dfa1979 trainwreck 1979 10 picture disc for rsd15 http
-1	rt 30secondscene trainwreck is lowkey gonna be a classic https t co yjzrfoe7s3
-1	rt 30secondscene trainwreck is lowkey gonna be a classic https t co yjzrfoe7s3
-1	rt whooperstyles horans_gxrl ur layout reminds me of weed i love weed jk trainwreck demi lovato
-1	rt guardian sofi oksanen we know about british colonialism russian colonialism is not well known http t co 8wvnttjpgf
-1	horans_gxrl ur layout reminds me of weed i love weed jk trainwreck demi lovato
-1	nowplaying death from above 1979 trainwreck 1979 tune in http t co qspqswknnx
-1	this reminds me that my layout is currently an embarassing trainwreck
-1	rt ronsupportsyou ronsupportsyou mt fukeith trainwreck has an amazing lineup 8pm wednesday a http t co tpewdbgioo kremlintroll
-1	is out of a crisis now defined as moving from trainwreck to abject mediocrity some litmus test adz77 rossoneriblog
-1	mt fukeith trainwreck has an amazing lineup 8pm wednesday at the producers club https t co 0pywgeikak newyorkcity comedy
-1	where do i sign up for america s next top trainwreck
-1	so shelby_cyrus boyfriend is coming over and i look like a trainwreck dontevencare
-1	so excited for that lineup to drop monday
-1	now playing trainwreck 1979 by death from above 1979 http t co zgpzxcjsqh theedge
-1	death from above 1979 trainwreck 1979 http t co lvjroxksrh nowplaying listenlive
-1	just heard i m ready playing in the trailer of the new movie trainwreck coming out this summer didnt freak out or anything ajrbrothers
-1	exclusive for recordstoreday cdn label amp band for cdns only dfa1979 trainwreck 1979 10 picture disc for rsd15 http t co n13grouxzf
-1	april 18 2015 at 6 41 am trainwreck 1979 by death from above 1979
-1	rt jnellbg scrolls twitter funny rt awwww star eewwww block tits scroll vag joke scroll bahaha follow trainwreck follow and anot
-1	templesmith but have you seen the trailer for trainwreck
-1	rt bigxnose if someone picks up brand new d j entendu death from above 1979 trainwreck and the prodigy ibiza for me i ll pay you
-1	rt the_edge_music now playing trainwreck 1979 by death from above 1979 http t co zgpzxcjsqh theedge
-1	rt al3xwa5muht trainwreck 1979 death from above 1979
-1	rt thezoneplaylist april 17 2015 at 1 41 pm trainwreck 1979 by death from above 1979
-1	rt the_edge_music now playing trainwreck 1979 by death from above 1979 http t co zgpzxcjsqh theedge
-1	rt kaoifm death from above 1979 trainwreck 1979 http t co iajvtxq1dk nowplaying mauiradio
-1	rt corrosive_radio nowplaying death from above 1979 trainwreck 1979 tune in http t co qspqswslzn
-1	rt aveuaskew long distance relationships because everyone in your town knows you re a trainwreck
-1	rt radio1017 now playing trainwreck 1979 by death from above 1979
-1	rt 989thedrivetrax now playing trainwreck 1979 by death from above 197 http t co xzz8qkuqrq 989thedrive essentialalternative
-1	rt capitalaslash death from above 1979 trainwreck 1979 official audio https t co 0glurcvdtq via youtube
-1	rt kusatheeagle death from above 1979 trainwreck 1979 http t co zzrxztsk5t nowplaying listenlive
-1	rt 89xmusic now playing trainwreck 1979 by death from above 1979 http t co 7pqs4rshhb 89x
-1	rt titowrestling that superman vs batman film is going to be a total trainwreck marvel took years building avengers amp yet dc wants just
-1	this is a trainwreck
-1	i had trainwreck last night disgusting taste but i was 9 for a few hours
-1	rt cuddleholmes the brian quinn tag on tumblr is a trainwreck http t co py2tdwkvje
-1	watched a pre screening of trainwreck at ohio state last night kingjames i think you have a future in acting
-1	in this week s lisa s desk episode lisa talks about a recent incident involving trainwreck actress amy schumer who is a size 6
-1	rt cuddleholmes the brian quinn tag on tumblr is a trainwreck http t co py2tdwkvje
-1	the brian quinn tag on tumblr is a trainwreck http t co py2tdwkvje
-1	i had trainwreck last night disgusting taste but i was 9 for a few hours http t co u4slnbttq5
-1	rt burkvest buckhollywood ever addressed the trainwreck that is tidal tidalfornone http t co msao0clmha
-1	always end up a trainwreck when i drink in the sun lol lets av it x
-1	meghan trainwreck is stuck in the 15th century
-1	a whopping 25 of brits will be heading to the cinema to catch amyschumer in action in trainwreck vuecinemas http t co h8zll4jusw
-1	rt herzschlaege nowplaying trainwreck 1979 death from above 1979 http t co ydsfsou3up
-1	nowplaying trainwreck 1979 death from above 1979 http t co ydsfsou3up
-1	last night was a trainwreck of the highest degree though it started out well i need a handler
-1	rt deagesedes trainwreck demi lovato lyrics http t co ctlnkqbr5v
-1	what a knightmare ryanatlfpress has conjured voodoo blackmagic an all knights team of mapleleafs would be a trainwreck go hawks
-1	ursibae this movie is gonna be a fuckin trainwreck a trainwreck that makes millions
-1	birdkeiji a beautiful trainwreck
-1	faisalkamal 1jtking i thought j left brit he got rid of her oh amp kfed s big dick helped her she became a trainwreck thanks to the big dick
-1	i am an actual trainwreck im so fucfkeedf up
-1	emmalinebelle oh yeah well on a genderpolitical level it s a flaming trainwreck nightmare fair enough
-1	this is why i quit working in law i couldn t handle that anymore yet here i am watching this shit lmao i m a trainwreck
-1	kelan showing ng trainwreck sa phils
-1	rt morganastra gosh nothing like porting code to clojure to make you realize how much of a trainwreck ruby s library ecosystem is
-1	trainwreck 1979 on clammr clammrapp http t co c9fusfeyhc
-1	rt trainwreckmovie i m just a modern chick who does what she wants amyschumer stars in trainwreck in theaters july 17 https t c
-1	now playing trainwreck 1979 by death from above 1979 http t co 7pqs4rshhb 89x
-1	a bit of a trainwreck kind of series actually i need explanations o
-1	kurtzgallahad mecha_fish shit i meant waggles what a trainwreck
-1	trainwreck
-1	try to stop this trainwreck carcrashlander where to swim
-1	trainwreck official trailer hd https t co rteapihy8g
-1	gmehn tudorstuart thefingersofgod yup ditto there s a trainwreck fascination to it but got too much too quickly
-1	borderlands 2 all missions let the trainwreck begin http t co dtfse0ci8q
-1	rt morganastra gosh nothing like porting code to clojure to make you realize how much of a trainwreck ruby s library ecosystem is
-1	detectivehyde oh i do it s like a trainwreck you can t look away from also i have an erection for some reason
-1	cableracing111 me amp jay_trainwreck will hold you to that 2 sugars in mine
-1	trainwreck official trailer hd https t co rteapihy8g
-1	nowplaying death from above 1979 trainwreck 1979 tune in http t co qspqswslzn
-1	trainwreck by demi lovato
-1	now playing trainwreck 1979 by death from above 1979 http t co zgpzxcjsqh theedge
-1	leonidragozin he s been found according to varlamov https t co qdrcfskyuk
-1	death from above 1979 trainwreck 1979 http t co zzrxztsk5t nowplaying listenlive
-1	rt aveuaskew long distance relationships because everyone in your town knows you re a trainwreck
-1	might have to see trainwreck just for that john cena cameo lmao
-1	they cost like 400 for the vip 4 package but i worked all summer its so worth it im honesly an emtoinaly trainwreck
-1	rt remewinma trainwreck power transformer http t co 2chjdbe0jd
-1	death from above 1979 trainwreck 1979 official audio https t co 0glurcvdtq via youtube
-1	doing the 11 6 30 shift today with 4 hours sleep then we ve got trainwreck to go to tonight
-1	since nettie at coachella she will be probably hanging with the trainwreck tomorrow
-1	nowplaying death from above 1979 trainwreck 1979 on nacho radio s planet alt
-1	hxrmonia knarkse ahhhyes that trainwreck of an adventure good times
-1	trainwreck official trailer hd https t co rteapihy8g
-1	rt morganastra gosh nothing like porting code to clojure to make you realize how much of a trainwreck ruby s library ecosystem is
-1	rt san_frances amyschumer trainwreckthemovie made us all feel like being a trainwreck is sometimes ok greatmovie
-1	now playing trainwreck 1979 by death from above 197 http t co xzz8qkuqrq 989thedrive essentialalternative
-1	the weed i found was called trainwreck amp it s actually good 9 10 would recommend
-1	wanna go watch trainwreck
-1	rt rocdiphylbou trainwreck veg time http t co yqyk2idizt
-1	i am amyschumer in trainwreck expect i don t get laid truestory
-1	well folks this trainwreck is going to go walk it off take a shower and then chug a liter of cough syrup y all have a lovely night
-1	drunk watching inside amyschumer and wondering why she isn t coming to iowa state for the trainwreck tour
-1	quesozero yeah its a big trainwreck to me imo
-1	trainwreck official trailer hd http t co p4zdnyxiae
-1	thestanchion the whole scene was definitely entertaining i m not biased i called hartley a trainwreck earlier in several tweets
-1	trainwreck is hella smooth
-1	jkohlmann to be fair imap is a complete and unmitigated trainwreck but yeah i d say you re right about that and it s a bummer
-1	trainwreck
-1	rt remewinma trainwreck power transformer http t co 2chjdbe0jd
-1	i liked a youtube video http t co uvjkx18vne trainwreck official trailer 1 2015 lebron james bill hader movie hd
-1	amyschumer trainwreck and the college tour is the only reason i am 28 and regret not going to college can i enroll for a day
-1	i was born on a highway in a trainwreck
-1	rocksmoulder bb6mac k_r_y_s_7_a_l truefloridian biglohiphop what a fucking trainwreck down to 1 viewer how long does it take to reset
-1	phoebz4 i never dared i know it s a trainwreck let s not give it a chance to mesmerize me
-1	rt 30secondscene trainwreck is lowkey gonna be a classic https t co yjzrfoe7s3
-1	today was a trainwreck well yesterday see what i mean everything is colliding together and isn t making sense
-1	sat 02 22 trainwreck 1979 by deathfromabove1979 http t co eb6kz6ltee
-1	rt pornccountant watching the guru w themysticajadex and let me tell you how horrible it is and how we cannot look away trainwreck
-1	watching the guru w themysticajadex and let me tell you how horrible it is and how we cannot look away trainwreck winefriday
-1	nowplaying in the treehouse buffy replay of the trainwreck from 16 april tune in at http t co 9n5dbxqp9e
-1	nowplaying replay of the trainwreck with buffylive1968 http t co kfzpcrm6k8 or via our free apple app in appstore thradio
-1	rt morganastra gosh nothing like porting code to clojure to make you realize how much of a trainwreck ruby s library ecosystem is
-1	ur a trainwreck but i wouldnt love u if u change
-1	calgaryexpo help please desperate to find a pam true blood funk pop for her to sign do you happen to know if any booths have them
-1	ur a trainwreck but i wont love u if u change is this even correct
-1	neg_ative truth like i said i try to pretend it was a nightmare trainwreck
-1	kingjames is hilarious in trainwreck
-1	pretty_arrogant guh fuck that im an emotional trainwreck
-1	to call that stream a trainwreck is kind of unfair to trainwrecks i decided to leave the vod up but like probably don t watch it
-1	rt morganastra gosh nothing like porting code to clojure to make you realize how much of a trainwreck ruby s library ecosystem is
-1	wowemoncemore that whole episode is just the most amazing trainwreck
-1	rt 30secondscene trainwreck is lowkey gonna be a classic https t co yjzrfoe7s3
-1	my son is literally a trainwreck http t co lmpgkyfuhw
-1	trainwreck looks like it s gonna be a good movie
-1	rt slvrhwks super early review of the movie trainwreck http t co erslwvw5ks cinelinx trainwreckmovie
-1	can i go home now that this has been a trainwreck
-1	bill hader amp amy schumer are set to team up for trainwreckmovie amp here is a brand new clip http t co x8fxeoznro trainwreck movies
-1	rt morganastra gosh nothing like porting code to clojure to make you realize how much of a trainwreck ruby s library ecosystem is
-1	saw an advanced screening of trainwreck and i have to say it has become one of my favorite movies https t co dcgrpk717a
-1	super early review of the movie trainwreck http t co erslwvw5ks cinelinx trainwreckmovie
-1	super early review of the movie trainwreck http t co yn5ponhlie cinelinx trainwreckmovie
-1	babip_god lol fuck gallardo that d be a trainwreck like when we traded for jarrod washburn and our playoff spot evaporated
-1	rt morganastra gosh nothing like porting code to clojure to make you realize how much of a trainwreck ruby s library ecosystem is
-1	trainwreck
-1	rt morganastra gosh nothing like porting code to clojure to make you realize how much of a trainwreck ruby s library ecosystem is
-1	sara and i are a trainwreck i cannot stop laughing
-1	rt morganastra gosh nothing like porting code to clojure to make you realize how much of a trainwreck ruby s library ecosystem is
-1	gosh nothing like porting code to clojure to make you realize how much of a trainwreck ruby s library ecosystem is
-1	amyschumer just cn the trailer 4 trainwreck looks fucking amazing plz keep making us laugh u r the best thank u http t co kv8hso70qd
-1	rt nfl ziggy ansah jason jones haloti ngata all lions now this guy good luck blocking them http t co mvduratxaw http t co jw
-1	sixsecondcov the music https t co gyoizvdrs1 willborg_tori oh help me oh mah gawd
-1	wow the pre screening for trainwreck was so funny it s a must see
-1	rt sixsecondcov rt to bless your timeline https t co ulnpfcqgy3
-1	treehouse_radio these shows aren t archived i m interested particularly in the trainwreck
-1	trainwreck express clone for sale http t co ecniy62vgf
-1	sixsecondcov i want you oo ooooo https t co s4l85voz8u willborg_tori help
-1	tomorrow is supersize saturday come get 4 5g for the price of 3 5g for these strains blue widow trainwreck royal empress kibu kush
-1	wowfactz sometimes you have to do what s best for you and your life not what s best for everyone else
-1	well that was a trainwreck hawks
-1	vancanucks tell lack to stay in the crease and he won t get run over should of took his head off trainwreck
-1	kendallrichelle it s that whole trainwreck effect i know it well
-1	slickhawk12 you and zunino both trainwreck
-1	bamesjishop ahead of the game once again
-1	_missdesha this show sounds like a trainwreck which is why i wanna see a lil bit of the coonery
-1	ugh im going to sleep i got shit to do tomorrow to watch this trainwreck
-1	what a trainwreck
-1	just saw amyschumer trainwreck and it totally epitomizes my life as a mess i ve never laughed so hard in my life
-1	i missed trainwreck thursday this week
-1	just saw trainwreck and hands down the funniest movie i ve seen in a long time amazing job amyschumer i will be seeing this 100 times
-1	amyschumer killing it in trainwreck osu loves you
-1	trainwreck aaron calls amy clip official amy schumer bill hader http t co bovdjdhouu http t co t001d47emr
-1	galactaq oh yeah also turn 10 is working on forza 6 and i m interested to see how that turns out after the trainwreck that was forza 5
-1	nowplaying death from above 1979 trainwreck 1979 tune in http t co qspqswslzn
-1	rt treehouse_radio thismorning s replays from the top of the hour instant requests at the movies amp the trainwreck http t co kfzpcrm6
-1	thismorning s replays from the top of the hour instant requests at the movies amp the trainwreck http t co kfzpcrm6k8 thradio
-1	trainwreck
-1	rt itshvrdwoodtho stoked to watch kingmannyiv trainwreck on the decks like usual and then watch prodicvl actually dj a good set
-1	a_trainwreck already wearin em bruh
-1	rt bigdaddymerinar jeffculhane kbulg27 megbulger4 allow me to cut in uninvited and say that kate you re a trainwreck friendlyfatty
-1	kryptic minds trainwreck mix and some kush nostalgia
-1	trainwreck by demi lovato
-1	trainwreck crumbleeee
-1	rt aveuaskew long distance relationships because everyone in your town knows you re a trainwreck
-1	90scxlifornia yesss cant wait for this trainwreck to make it
-1	trainwreck was amazing and i m not just saying that because i want to marry colin quinn thanks for coming amyschumer
-1	rt _andimtamia my new favorite show
-1	waitin4thebeast haha will thanks bae but that doesn t mean i ll stop trying nobody can stop this trainwreck
-1	xanderdash folks tune in for the trainwreck then begin tuning out in droves
-1	do you enjoy bad fanfics i do enjoy traumatizing myself by reading the occasional trainwreck of a fic but i p http t co ckizyshdk6
-1	rt fucktvler when you start growing up http t co opgvipimal
-1	jgavillena i need your help hello
-1	bamesjishop where s the condoms for the groupies bruh
-1	i liked a youtube video http t co elod2l5ttf trainwreck official trailer hd
-1	im about to smoke trainwreck alien og and some 303 headband and cookies for your boy berner and corey wilson
-1	such a shame i wasn t born in like 1970 or something so i could have grown up listening to madonna looking at her now is like a trainwreck
-1	stoked to watch kingmannyiv trainwreck on the decks like usual and then watch prodicvl actually dj a good set
-1	agentmuke trainwreck j lt 3 http t co 5dn9lthkux
-1	the1975ftbea this whole week was a trainwreck i literally hate myself help
-1	jgavillena johhhhnnnn
-1	lostpoetb24 i d just rather be in heaven where i don t have to be an emotional wreck than on this earth where i m nothing but a trainwreck
-1	trainwreck okay it s gonna train wreck my mind
-1	there really should be a dumpster fire emoji maybe one for trainwreck too
-1	rt comedyandtruth i want my music so loud that i can t hear my life crashing and burning
-1	jgavillena john i need to message you
-1	rt cepmuluri trainwreck youtube http t co 6s4w6g4lff
-1	i thought i d get used to it by now but nope this new espn com site layout is a trainwreck
-1	rt waneasas youre a trainwreck
-1	rt aveuaskew long distance relationships because everyone in your town knows you re a trainwreck
-1	ethanmay4 haha yes he was a trainwreck jmark russell was a monstrosity and honestly i say bradford is in that category too thus far
-1	what trainwreck spawned that arm http t co whwuaugfly
-1	jkillinger no way i can dispute that trainwreck
-1	their relationship must have been a trainwreck
-1	train wreck elliott yamin http t co 57clpkkgna itunes iphone trainwreck
-1	now playing trainwreck 1979 by death from above 1979 http t co zgpzxcjsqh theedge
-1	that sentence was a trainwreck
-1	introvertpizza i saw paulblart mallcop2 it makes it spat look like citizen kane but it s so lackluster it s not a grownups2 trainwreck
-1	today was just a trainwreck
-1	sizzlerkistler i m interested in the potential mockability of the trainwreck
-1	demi lovato trainwreck
-1	demi lovato trainwreck
-1	demi lovato trainwreck http t co o7szg5ilrj
-1	deathtocardio trainwreck
-1	jaybeemcc i can t wait the whole justice league franchise is going to be a trainwreck unlike anything we ve seen before
-1	cant wait for trainwreck to come out biggest crush on amyschumer lesbianforamyschumer
-1	i wanna watch trainwreck the day it comes out
-1	jesus the leafs trainwreck of a season is just making me an asshole towards every other nhl team
-1	demi lovato trainwreck
-1	demi lovato trainwreck
-1	demi lovato trainwreck
-1	rt ddscouser nata_117 fuckyea same high five waits for inevitable trainwreck
-1	real friends don t let you go in public looking like a trainwreck unless they re doing it with you
-1	nata_117 fuckyea same high five waits for inevitable trainwreck
-1	ravepire or as much of a trainwreck as he is i have a feeling he would be really mad if anyone he cared about impaled themselves and shit
-1	rt profemothflat trainwreck vs blue dream http t co mrzfv7yj9s
-1	oh dear this could either be a trainwreck of full of awesome or both at the same time https t co wkye0habem nightflight
-1	we have some cheerleaders here anjelahjohnson amyschumer powerwomen comedy trainwreck https t co bwnszbdhkp
-1	he just gave me a lil sun sunnnm to get me right trainwreck
-1	school i ve been an emotional trainwreck don t get me wrong there have been tons of laughs and enjoyable moments between you and me
-1	amek kau rim 4 bengkok abes how the hell did i drive this trainwreck of a car repeatedly across the malacca kl highway i cannot fathom
-1	hollablackgirl ugh i am so sorry can i send you pictures of cute otters to distract you from that trainwreck of nasty racism
-1	rt gingbestgolme trainwreck or train wreck http t co 15cm74z8b2
-1	trainwreck yes trippyniggas
-1	omg the reds are a total trainwreck reds
-1	don t miss taking part in the trainwreckcollegetour amyschumer is hilarious talented and wears great shoes thanks ouab trainwreck
-1	so jealous of all the ouababes that got to see amyschumer s trainwreck today miss u undergrad
-1	this post is a trainwreck http t co 9f4nv3qmmm
-1	rt shadahasnolife i have hust been told that aizen from bleachis still fucking alive and i m glad i got out of that trainwreck
-1	i have hust been told that aizen from bleachis still fucking alive and i m glad i got out of that trainwreck
-1	the indians are my new favorite team what a trainwreck the browns are not the funniest team in cleveland
-1	trainwreck is such a great movie amyschumer is so funny thanks ouab for a great event trainwreckcollegetour trainwreck noregrets
-1	tired af
-1	amyschumer is basically my soulmate and i just want to be best friends with her trainwreckcollegetour trainwreckedmovie trainwreck
-1	rt slutprobiems if u can t handle me at my worst then leave because i don t have a best i m literally always a trainwreck
-1	now playing trainwreck 1979 by death from above 1979
-1	rt san_frances amyschumer trainwreckthemovie made us all feel like being a trainwreck is sometimes ok greatmovie
-1	rt aveuaskew long distance relationships because everyone in your town knows you re a trainwreck
-1	amyschumer btw shout out to billhader for his role in trainwreck
-1	dude amyschumer i saw trainwreck half an hour ago and i m still dying hahahahahahahaha
-1	thanks for coming to osu amyschumer we loved trainwreck can t wait to see it again this summer http t co rwbjti2izt
-1	rt san_frances amyschumer trainwreckthemovie made us all feel like being a trainwreck is sometimes ok greatmovie
-1	amyschumer said trainwreck is 40 her life well it s like 90 my life omg so funny could not stop laughing def gonna see it again
-1	nashville music city is doing this trainwreck of the national anthem again blake shelton not available blackhawks nhl nhlplayoffs
-1	i don t want to be a know it all or anything but kevin gausman is a fucking trainwreck as a middle reliever eraofinfinity
-1	thank you amyschumer for letting us all know it s ok to be a trainwreck i was laughing non stop during your movie bc i m also a trainwreck
-1	amyschumer how many colleges are you visiting to promote trainwreck trainwreckcollegetour
-1	rt san_frances amyschumer trainwreckthemovie made us all feel like being a trainwreck is sometimes ok greatmovie
-1	amyschumer are you coming to minnesota to show trainwreck i really want to see it
-1	trainwreck city bravo brewers
-1	rt aveuaskew long distance relationships because everyone in your town knows you re a trainwreck
-1	amyschumer once again you re my kate upton trainwreck
-1	trainwreck such a great movie amyschumer i love you you re amazing
-1	rt san_frances amyschumer trainwreckthemovie made us all feel like being a trainwreck is sometimes ok greatmovie
-1	rt san_frances amyschumer trainwreckthemovie made us all feel like being a trainwreck is sometimes ok greatmovie
-1	rt san_frances amyschumer trainwreckthemovie made us all feel like being a trainwreck is sometimes ok greatmovie
-1	this pic trainwreck not always pretty but funny as hell amp the perf party trick thank u amyschumer trainwreckmovie http t co 3zf6l2zokm
-1	trainwreck is hilariously funny and true that s my fuckin life amyschumer
-1	amyschumer trainwreckmovie trainwreck killed it p s i m the one who asked u where you went for dinner
-1	rt aveuaskew long distance relationships because everyone in your town knows you re a trainwreck
-1	amyschumer congrats on trainwreck you crushed it so funny so well done blending in the serious elements and absurdist bits loved it
-1	i literally died laughing trainwreck osu ouab
-1	honestly one of the best movies i ve ever seen incredible job amyschumer trainwreck
-1	also kingjames was fucking hilarious trainwreck trainwreckmovie
-1	i love amyschumer more than i love councilman jamm amp lebron trainwreck
-1	rt aveuaskew long distance relationships because everyone in your town knows you re a trainwreck
-1	deep sweet and fucking hilarious trainwreck trainwreckcollegetour trainwreckmovie amyschumer is amazing
-1	amyschumer trainwreckthemovie made us all feel like being a trainwreck is sometimes ok greatmovie
-1	jeffculhane kbulg27 megbulger4 allow me to cut in uninvited and say that kate you re a trainwreck friendlyfatty
-1	rt aveuaskew long distance relationships because everyone in your town knows you re a trainwreck
-1	hey amyschumer you killed it in trainwreck spiritanimal
-1	this hits me like a fucking trainwreck into my face damn
-1	rt aveuaskew long distance relationships because everyone in your town knows you re a trainwreck
-1	rt aveuaskew long distance relationships because everyone in your town knows you re a trainwreck
-1	rt aveuaskew long distance relationships because everyone in your town knows you re a trainwreck
-1	rt aveuaskew long distance relationships because everyone in your town knows you re a trainwreck
-1	i know we re not everlasting we re a trainwreck waiting to happen
-1	rt trashnightvideo this tuesday steel yourself and submit to cgi animated trainwreck foodfight https t co so4jy6oftl https t co u
-1	rt kevinlandreth it s friday night almost time to put the funk back in dysfunction beringseagold trainwreck
-1	rt aveuaskew long distance relationships because everyone in your town knows you re a trainwreck
-1	donstugots trainwreck inside out and ted2 mad max it s going to be a busy summer
-1	poetryphan basically everyone would be a physical and emotional trainwreck
-1	there s a band playing at gibbys and they actually named themselves trainwreck
-1	me is sobbing and a trainwreck i feel so hgreat
-1	rt onlyjoshane trainwreck haha panaad fest with joshane a keyper s promise
-1	rt oddlyerin ok so minus the shitty title trainwreck it s cool to see a romantic comedy where the female lead is someone who has casual
-1	rt iamsimplychique onlyjoshane trainwreck haha panaad fest with joshane a keyper s promise
-1	rt wutevasocavy check out this exclusive scene from the new amy schumer movie trainwreck
-1	juddapatow if trainwreck is under 2hrs i ll be disappointed amp if the unrated blu ray version isn t at least 131mins i m flipping out
-1	rt trashnightvideo this tuesday steel yourself and submit to cgi animated trainwreck foodfight https t co so4jy6oftl https t co u
-1	rt trashnightvideo this tuesday steel yourself and submit to cgi animated trainwreck foodfight https t co so4jy6oftl https t co u
-1	tittyforman if we can only do audio then its fine i look like a trainwreck
-1	rt trashnightvideo this tuesday steel yourself and submit to cgi animated trainwreck foodfight https t co so4jy6oftl https t co u
-1	this tuesday steel yourself and submit to cgi animated trainwreck foodfight https t co so4jy6oftl https t co u5h4xpaujo
-1	nofilter trainwreck x lavender jones w the shatter blunt 4 20 in denver canarycheez https t co yzcawooesd
-1	rt onlyjoshane trainwreck haha panaad fest with joshane a keyper s promise
-1	marina amp the diamonds deserves megan trainwreck s fame and sales if we re being honest
-1	need to see the movie trainwreck
-1	onlyjoshane trainwreck haha panaad fest with joshane a keyper s promise
-1	well this movie is one trainwreck after another
-1	dlmchallenge 2 paul blart mall cop 2 8wordsorless so lackluster it s not even a riffable trainwreck dougbenson
-1	trainwreck haha panaad fest with joshane a keyper s promise
-1	it s friday night almost time to put the funk back in dysfunction beringseagold trainwreck
-1	ok so minus the shitty title trainwreck it s cool to see a romantic comedy where the female lead is someone who has casual sex instead
-1	trainwreck looks so good
-1	a woman that doesn t know what she wants and bonds with a man by going to sports games count me the fuck out formanyreasons trainwreck
-1	on air trainwreck 1979 by death from above 1979 http t co vizbybzyx2 nowplaying chom
-1	the movie train wreck looks so funny lol trainwreck
-1	if you think i m not gonna see trainwreck then you re very wrong my friend
-1	rt slutprobiems if u can t handle me at my worst then leave because i don t have a best i m literally always a trainwreck
-1	trainwreck ohmygosh i must see this movie sorelateble
-1	josukes quick find an old trainwreck
-1	youre so fucking weak its pathetic im glad youred out of my life cus im not watching that trainwreck again
-1	i think the next season of inside amy shumer will be outstanding i do however hope trainwreck is much better than its trailer
-1	rt slutprobiems if u can t handle me at my worst then leave because i don t have a best i m literally always a trainwreck
-1	trainwreck youtube http t co 6s4w6g4lff
-1	hidden treasure trainwreck http t co uwoxlcjep9 2steelgirls http t co hkoyk4ulja kickassmusic playitforward
-1	hindu kush afghan kush sour purp green crack blue dream trainwreck gscookies northern lights kush silver ha http t co kbxbkoswyb
-1	rt inhalexbieber38 jadabianchi and i make some awkward eye contact sometimes i forget to smile so then i probably look angry honestly s
-1	bisexualrobot thatonepersonot stares at trainwreck
-1	rt freakingtrue life goal feel as much inner peace as this chihuahua feels with his sombrero http t co evwk3m1iie
-1	in this week s lisa s desk episode lisa talks about a recent incident involving trainwreck actress amy schumer who is a size 6
-1	nowplaying death from above 1979 trainwreck 1979 tune in http t co qspqswslzn
-1	taeko_ludenberg hey lil miss muffet i am home now so whenever u wanna watch that trainwreck lemme know
-1	hi to all first post so high slh trainwreck thc bomb forum introduce yourself posted by blinkybill http t co w4h2rh4m1p
-1	rt trainwreckmovie i m just a modern chick who does what she wants amyschumer stars in trainwreck in theaters july 17 https t c
-1	rt 30secondscene trainwreck is lowkey gonna be a classic https t co yjzrfoe7s3
-1	grasscity wax strain suggestions hey iv been smoking some pretty decent wax made from trainwreck i m loo http t co pz2hoetqfd
-1	newsok baralheia govmaryfallin oh i can t wait for this trainwreck invests heavily in popcorn stocks
-1	death from above 1979 trainwreck 1979 http t co iajvtxq1dk nowplaying mauiradio
-1	you re a trainwreck but i wouldn t love you if you changed
-1	i want dawnofjustice to be good so badly but i can t shake the feeling it will be a trainwreck prove me wrong please
-1	rt jpughmi rob_flaherty going to be a trainwreck of epic proportions
-1	purple trainwreck feminised seeds purple trainwreck de humboldt seeds comes from the cro http t co lhxbtpkd38 marijuana cannabis
-1	photo clairtycounts with this afw afghan trainwreck highsociety medicalsupplies denver http t co vhrnhbd51w
-1	rt daisybuddysmom nefariousnewt i watched it it was a bit of a sad trainwreck i thought turns out the taser is strapped to the chest
-1	rt dottiedexx megalonyx_ yeah it was a trainwreck i made my first two videos they were bought and then passed along to people i
-1	megalonyx_ yeah it was a trainwreck i made my first two videos they were bought and then passed along to people i was pretty down
-1	chanyaciqueen its a trainwreck
-1	for the morbidly curious i ll be attempting ludumdare this weekend watch the trainwreck at https t co duysclybsm
-1	this is both awesome and a trainwreck at the same time https t co j02mov9vys
-1	you re a trainwreck but i wouldn t love you if you change
-1	brosofarty kavsdick vodjak omfgfgdjsj i ll bang your pipe if you know what i mean
-1	rt daisybuddysmom nefariousnewt i watched it it was a bit of a sad trainwreck i thought turns out the taser is strapped to the chest
-1	new kayne type beat trainwreck produced by thatsdopemusic https t co nmkm5z1p1s via youtube
-1	trainwreck a most solid if predictable comedy this is the summer comedy to see http t co jz87ntstoo
-1	rt reflectivity keleka24 chaseglorfield rivalsjeremy into a big sky assistant gig maybe ooh or the next vandal trainwreck
-1	now playing trainwreck 1979 by death from above 1979 http t co zgpzxcjsqh theedge
-1	rt trainwreckmovie i m just a modern chick who does what she wants amyschumer stars in trainwreck in theaters july 17 https t c
-1	train wreck elliott yamin http t co w0allldnkt itunes iphone trainwreck
-1	trainwreck og sativa thc 20 6 cannabinoids 25 3 terpenoids 1 5 happy 420 weekend from goe https t co qtpplmn2ca
-1	why is jauz so good
-1	just got into international falls for gig w trainwreck so far off the map i m in roaming
-1	batman v superman is either going to be a trainwreck or something great
-1	quick q amp a with those at the 7pm pre screening of amyschumer s new movie trainwreck trainwreckcollegetour http t co d04hnpbwul
-1	you re a trainwreck but i wouldn t love you if you changed
-1	rt bayliminer29 amyschumer is the funniest and most down to earth person so in love with her movie trainwreck and can t wait to see it
-1	rt reflectivity keleka24 chaseglorfield rivalsjeremy into a big sky assistant gig maybe ooh or the next vandal trainwreck
-1	what a trainwreck paulblartmallcop2
-1	keleka24 chaseglorfield rivalsjeremy into a big sky assistant gig maybe ooh or the next vandal trainwreck
-1	and i ve got work 9 till half 6 then trainwreck after
-1	rob_flaherty going to be a trainwreck of epic proportions
-1	also one of the few things i ve seen by deen that wasn t a giant trainwreck there was some noticable quality compared to first season tho
-1	jadabianchi and i make some awkward eye contact sometimes i forget to smile so then i probably look angry honestly such a trainwreck
-1	trainwreck this note is life https t co gdquf30wbt
-1	watching the ken burns thing on the roosevelts i want to patent a super energetic sativa strain called super teddy trainwreck og
-1	justin_fenton sounds like the prosecutors really vetted this case well what a trainwreck
-1	i m glad cooler heads prevailed and everyone in the ott mtl series said the right things but now i want the game to be a total trainwreck
-1	twodogszk i like that they re a trainwreck
-1	why the fuck do people like trainwreck so much
-1	rt teflontoven jrocloudz got some lambs bread killer queen mountain thunderfuck and purple trainwreck for now lls
-1	jrocloudz got some lambs bread killer queen mountain thunderfuck and purple trainwreck for now lls
-1	i am watching a trainwreck of a movie on netflix this is hilarious
-1	rt slutprobiems if u can t handle me at my worst then leave because i don t have a best i m literally always a trainwreck
-1	yasss her trainwreck story is getting old https t co xrjlinllfa
-1	amy schumer s trainwreck college tour http t co nbldtqz28h college
-1	just followed britt mchenry excited to watch the trainwreck this is going to be brittmchenry antitowtruck whodatblonde thatblondedoe
-1	rt slutprobiems if u can t handle me at my worst then leave because i don t have a best i m literally always a trainwreck
-1	being a nurse is a full time job when you live with your grandma trainwreck
-1	gamingandpandas calgaryexpo it was pretty awesome to see this trainwreck it started out well too with a post in kia
-1	people are so mad because they know their fave could never write songs like catch me and trainwreck at the age of 15 16
-1	trainwreck veg time http t co yqyk2idizt
-1	amyschumer trainwreck super hilarious i couldn t stop laughing the whole time i was watching my abs are sore help love from asu
-1	my sit down with the wonderful amyschumer this past week when she visited promoting her new movie trainwreck http t co po7yonhaza
-1	i met amyschumer today what did you do trainwreck https t co e31xwbar5e
-1	rt bluray365 amyschumer getting trouble maker tatted on my ass thanks a schu trainwreck
-1	rt daisybuddysmom nefariousnewt i watched it it was a bit of a sad trainwreck i thought turns out the taser is strapped to the chest
-1	my allergies have turned me into an emotional trainwreck and now i m just crying in frustration from not being able to stop sneezing
-1	quick but lovely meet up with amyschumer before a pre screening of trainwreck very cool day https t co eqg5per66o
-1	richardroeper ouch from the looks of it paulblartmallcop2 looks to be a trainwreck of a disaster eh
-1	rt bluray365 amyschumer getting trouble maker tatted on my ass thanks a schu trainwreck
-1	amyschumer getting trouble maker tatted on my ass thanks a schu trainwreck
-1	we love amy whatshername amyschumer trainwreck https t co wlbye1l81c
-1	diplo confirms that cl s upcoming album will include surefire trainwreck dr pepper http t co a0oq01v3ve http t co 0ailmnxolv
-1	lydiamulvey toodlescripts debbiebmoon scraphamster the idea has a trainwreck sort of horror fascination cantlookaway
-1	chaddukes we are a trainwreck society rubbernecking our way through life if it doesn t bleed their is no need cdvtw
-1	if you enjoy trainwreck humour you can play bingo with alex_woodukip twits mark a spot on every different racial slur he uses
-1	fun fact the scenes in the commercial for trainwreck are not in the actual movie like how is that allowed
-1	condolences to the unlucky sap dumb enough to stick his penis up your filthy cunt you trainwreck piece of shit luckily it aint me anymore
-1	season 6 of tvd is such a trainwreck smh
-1	runrunchilly we see her in person and that relationship is a trainwreck but for the facebook crowd it s a match made in heaven
-1	bring on the trainwreck i can t wait until cubs nation is crushed in spectacular fashion again https t co e0b0cp5nvw
-1	rt n8sutcliffe brad pitt is older than nigel farage let that sink in
-1	episode 85 was an emotional trainwreck hoooly shit
-1	actual footage from kris bryant s debut http t co xqqgjdpaf1
-1	silly_wally megan trainwreck and abigail breathstinks fucking brilliant i love it
-1	rt aveuaskew long distance relationships because everyone in your town knows you re a trainwreck
-1	marijuana medicinal and with names like trainwreck
-1	how do ppl just skip important classes im a trainwreck if i miss 1 day
-1	rt aveuaskew long distance relationships because everyone in your town knows you re a trainwreck
-1	you re a trainwreck but i wouldn t love you if you changed
-1	where there s a trainwreck sit on back and watch me crash kipmoore
-1	sean young is mad because she wasn t cast in blade runner 2 shit she dodged a bullet its gonna be a trainwreck
-1	trainwreck
-1	rt daisybuddysmom nefariousnewt i watched it it was a bit of a sad trainwreck i thought turns out the taser is strapped to the chest
-1	this carrie fisher panel is a trainwreck in the best possible way
-1	buehrlecat somehow they re a bigger trainwreck than the bears right now
-1	jump_this_ship you have no right to be ashamed when my comments are such a trainwreck
-1	rt aveuaskew long distance relationships because everyone in your town knows you re a trainwreck
-1	chunkeymonkey81 trainwreck
-1	i liked a youtube video http t co 0xsn8uayol lorrie morgan trainwreck of emotion
-1	april 17 2015 at 1 41 pm trainwreck 1979 by death from above 1979
-1	trainwreck official trailer 1 2015 lebron james bill hader movie hd http t co wp1satvdyj
-1	abcfamily stepping away from trashtalking trainwreck reality to focus on aspirational http t co vsjs3m5nrz immersiveyouth
-1	jryan_tweets i m about to go to a meet and greet with her tonight and then see her movie trainwreck
-1	i have to see this movie amyschumer we all know one trainwreck http t co szwisswesx
-1	rt trainwreckmovie i m just a modern chick who does what she wants amyschumer stars in trainwreck in theaters july 17 https t c
-1	rt the_cui we sat down with amyschumer comedian and star of the new trainwreckmovie http t co ovd1hhz2kp trainwreck http t co uq
-1	we sat down with amyschumer comedian and star of the new trainwreckmovie http t co ovd1hhz2kp trainwreck http t co uqtkmxjn1p
-1	i feel like it ll be a trainwreck but i want to karaoke noraebang with everyone
-1	so many good looking movies in the coming months the visit the gift sinister 2 insidious 3 poltergeist reboot trainwreck ptchperft 2
-1	not this fat bloated self harming trainwreck of a whale thinking he s better than me because he beat me in literature by one mark
-1	cl is gonna collab with og maco and riff raff the train hasn t even left the station and we ve already got a trainwreck happening
-1	angienugget lmao what a trainwreck
-1	i m coming out today i fell in love with amyschumer and i m gonna watch the hell out of trainwreck i bow to thee bold comedy genius
-1	little_kelfie trainwreck 4 gt
-1	rt trainwreckmovie i m just a modern chick who does what she wants amyschumer stars in trainwreck in theaters july 17 https t c
-1	back on got some trainwreck 10 a g fwm
-1	hindu kush afghan kush sour purp green crack blue dream trainwreck gscookies northern lights kush silver ha http t co lfrk0joegf
-1	omg the show botched is crazy so hard to look at but so hard to look away plasticsurgery trainwreck havemercy wtf
-1	the trainwreck tickets are almost gone come to the diner to get yours
-1	but i can t help it some days i feel fine but others are a real trainwreck and today is one of them
-1	trainwreck 1979 death from above 1979 crossonair nowplaying http t co 1jz20hvaml
-1	come to the north campus diner to grab some free trainwreck tickets
-1	ikari_gendo as someone said in that trainwreck of a forum thread they ve got a lot of cleaning to do if they want to enforce that
-1	tonight may be a hot mess yeah this may be really fun or just a trainwreck
-1	always said could do maxims talk w o slides almost had to could should have realized didn t want to ouch gremlins panic trainwreck
-1	rt aveuaskew long distance relationships because everyone in your town knows you re a trainwreck
-1	captainsparx dammit sparx this is a trainwreck
-1	rt aveuaskew long distance relationships because everyone in your town knows you re a trainwreck
-1	medreleafcanada most wanted strains jack herer god bud joftheislands silver haze trainwreck skunk 1 sensi seeds ak 47
-1	rt vote4wallace seanhannity we are generally allergic to reform yet favor traditional solutions however this leftist trainwreck n
-1	seanhannity we are generally allergic to reform yet favor traditional solutions however this leftist trainwreck now begs for reform
-1	geri50nico 750commentator and then they let you drive the golf cart about trainwreck
-1	man deadpool movie is aiming to be the either amazing or the most glorious trainwreck
-1	you re a trainwreck but i wouldn t love you if you changed
-1	rt xogiguvuzipi trainwreck the movie http t co 7aco8jz21m
-1	dear kellyann_wargo you are a genius and as you know i m just a trainwreck
-1	cripps_caroline trainwreck describes me perfectly
-1	cripps_caroline gots me some fruity pebbles and trainwreck
-1	trainwreck de judd apatow nouvel extrait lbdc http t co islbii4w1c
-1	that batmanvsuperman trailer i would just like the ensuing conversation to be about how we redeem the damage of a franchise trainwreck
-1	you motherfuckers can t be us or see us we motherfuckin thug life riders westside til we die hitemup
-1	beamiller trainwreck x demi lovato
-1	trainwreck 1979 death from above 1979
-1	lorischmidt he will be johnny football johnny clipboard or johnny trainwreck in 2 yrs hope its one of the first two
-1	kavsdick vodjak yes good i can see it omg lee is like why is this why is this happening this is soooo but he does it anyway
-1	hanslanda0351 jet79 people love a trainwreck
-1	julsburke literally season one was so bomb it totally took me by surprise and now it s like a slow motion trainwreck
-1	live now dj trainwreck all aboard dnb trance dubstep dutch nowplaying djs http t co 1t2d3ydlam virtualdjradio4
-1	fat ass trainwreck blunt stressreliefin4words
-1	this wig is a trainwreck and i don t know shit about hair cutting keeps chopping off hair anyway
-1	indianapolis starjuly movie preview terminator returnsindianapolis starstars drink up trainwreck bulk up sou channingtatum
-1	i just need to talk to someone about this episode of house hunters bc it was a trainwreck disaster
-1	tfwjonghyun not even that or lee hyun woo could save that trainwreck
-1	s o to my friends for keeping up with my trainwreck self yo
-1	is it me or are lunch interviews tacky i feel like i m watching a trainwreck as i m waiting for pork chili
-1	having taken a macabre interest in the bfc trainwreck for several months it is heartening to see the reaction to the oystonout campaign
-1	now playing trainwreck 1979 by death from above 1979 http t co zgpzxcjsqh theedge
-1	rhogossip what a surprise to hear about trainwreck i m sure she will try to blame someone else besides herself
-1	c_dubiel44 good lord please no dnw toronto south team s a trainwreck enough as is
-1	5 05 2014 demon resurrection reviewed on the bi weekly trainwreck podcast http t co dtpvuozkdm http t co sj1r3zjxs9
-1	i found episodes of rockoflove ondemand i am soooo happy about this trainwreck
-1	purple trainwreck http t co iargqqc1ft
-1	skepticalray ya i dont blame you its mind numbing but also entertaining in a trainwreck kind of way
-1	are we a trainwreck yes we are emilyostermann http t co gk5bgcdy8t
-1	rt joshtpm lawyers really need to have affirmative responsibility to zealously protect clients from trainwreck tv interviews http t co
-1	ff trainwreck fukeith henrycruz101 comedywreck times square nyc
-1	see the trainwreck of the week on walk of shame shuttle see the trainwreck of the week on walk of shame shuttl http t co rjcynkz6d9
-1	amyschumer is the university of oklahoma on your campus tour i can t wait for trainwreck
-1	purple trainwreck feminised seeds http t co bwetk7etgp http t co hbgymhlztc
-1	it s just amy schumer doesn t need to lose weight to star in her own movie http t co rruiggcwxa via takepart
-1	gryking i say good luck with that gonna look that trainwreck from far way while sipping my tea will you join me lol kennymack1971
-1	it s funny you said we d never make it and look how far we ve come you re a trainwreck but with you i m in love
-1	the things you say made me fall harder each day you re a trainwreck but i wouldn t love you if you changed
-1	depressiomeridi except the construction tool girls one its such a trainwreck that i nearly pissed myself laughing
-1	stcatron35 pie was a trainwreck though jeesh
-1	rt ditchtv amyschumer can t wait for trainwreck movie ditchtv https t co r24qsuvrgp insideamyschumer lyao tildaswinton https t
-1	amyschumer but like seriously though see trainwreck
-1	buzzyossarian i aim to please kind of disappointed you won t be reporting back on this trainwreck
-1	newageinsiders addean12 then 10 years later tna sign most of the old wcw talent amp their an even bigger trainwreck
-1	hilarious the baloteli won lfc player of the year award the person in charge of lfc s pr has to be a mufc fan their pr is a trainwreck
-1	rosiemarx that whole thing is a massive trainwreck
-1	rt mstiffany_jane family bonding cousins joints rolling raw papers wakenbake cali trainwreck http t co fyjw89fgvb
-1	trainwreck vs blue dream http t co mrzfv7yj9s
-1	rt melliemunchkin trainwreck so dude
-1	watch trainwreck trailer amy schumer stars in outrageous new comedy http t co vl56hi7cx6
-1	trainwreck so dude
-1	rt yonoaf suit ideat trainwreck wratchet party suit you only see out in public for 5 mins at night amp then in the morning in srs need
-1	thmwy right cause he s kinda crucial to their civil war situation if they re still following ultimate s lead still trainwreck lol
-1	janeb_soapfan splashdpow b amp b made the same mistake with taylor from heroine to trainwreck she lost her fanbase now off the show
-1	emilyostermann we re a trainwreck
-1	thmwy we all do like this spider man situation is about to be a trainwreck a beautiful trainwreck haha
-1	rt trainwreckmovie i m just a modern chick who does what she wants amyschumer stars in trainwreck in theaters july 17 https t c
-1	if someone picks up brand new d j entendu death from above 1979 trainwreck and the prodigy ibiza for me i ll pay you back
-1	rt jen_to_go trainwreckmovie was so good amyschumer and bill hader were simply perfection i can t wait to see it again thanks gofob
-1	that epic moment when you recognize trainwreck as mexican sativa only to find out its a mexi cross
-1	rt pjstrikeforce whyimnotvotingforhillary hillary laws vs american law she follows no laws she s just another obamacare trainwreck htt
-1	realized today that i m basically amyschumer only less blonde boobs and sex trainwreck twins
-1	http t co koydrutbkv 8 reasons why hillary s campaign will be a train wreck
-1	coopersws_ you don t think it it s enough all in for another four years of trainwreck
-1	and batman v s superman continues to look like a trainwreck
-1	you re a trainwreck but i wouldn t love you if you changed
-1	trainwreck demi lovato
-1	when you watch the first episode of owari no seraph you kno the whole series is gonna be a trainwreck
-1	big summer movies i care about most mad max m i 5 trainwreck inside out
-1	star wars bvs i m re watching the trailer for amy schumer s trainwreck
-1	this is just a mini trainwreck
-1	rt railwaygazette japan s maglev train hits world record 590 kilometers per hour japan real time wsj http t co sfhur1cw6x
-1	trainspo i hope it s not concrete cement maybe
-1	rt ouresderec trainwreck in westport plaza http t co jpq0udvrjn
-1	blames social media for feelings of detachment friend posts honest weakness whoa what a trainwreck i wonder what s on youtube
-1	trainwreckmovie was so good amyschumer and bill hader were simply perfection i can t wait to see it again thanks gofobo trainwreck
-1	rt amyschumer here is the trailer for trainwreckmovie trainwreck we are very proud i hope you like it https t co sla2xmbgw2
-1	now playing trainwreck 1979 by death from above 197 http t co xzz8qkuqrq 989thedrive essentialalternative
-1	suit ideat trainwreck wratchet party suit you only see out in public for 5 mins at night amp then in the morning in srs need of a brushing
-1	gotta get down on friday
-1	in this week s lisa s desk episode lisa talks about a recent incident involving trainwreck actress amy schumer who is a size 6
-1	this is a trainwreck
-1	why the he ll am i getting notifications when patrickstump tweets whievenishe trainwreck
-1	trainwreck official trailer 1 2015 lebron james bill hader movie hd cfoxtyler http t co 6is0wuypte
-1	rt retrosynths hi volume retrosynths trainwreck original mix rich groove records by rich groove records http t co yliq2b82p1 on
-1	hi volume retrosynths trainwreck original mix rich groove records by rich groove records http t co yliq2b82p1 on soundcloud
-1	i liked a youtube video http t co 237kluvlrz trainwreck official trailer 1 2015 lebron james bill hader movie hd
-1	nowplaying death from above 1979 trainwreck 1979 tune in http t co qspqswslzn
-1	my mans kingjames is in a movie trainwreck multitalented
-1	sargon_of_akkad check this out for your next this week in stupid http t co b9hijf6i3d what a trainwreck
-1	from rihanna to the sound of music trainwreck faithfullyrandominfullforce
-1	amyschumer hosted the mtv movie awards now she s hosting you at a free screening of trainwreck with a q amp a http t co m2g1pd35ba
-1	kavsdick vodjak omg what a cute auuuu so who would be who is what i wanna know
-1	rt joshtpm lawyers really need to have affirmative responsibility to zealously protect clients from trainwreck tv interviews http t co
-1	as of right now the gop primary would be a total trainwreck the truncated schedule is the chief cause of that
-1	beaggalengold rebekkadunlap i forgot the title of the one where a lady is in a trainwreck with amnesia and can t remember her husband
-1	rt arsarophy trainwreck virginia http t co eeoejmtlel
-1	kouyuu_ yep that s also why we become an emotional trainwreck when having our periods we know that we re losing money
-1	rt aveuaskew long distance relationships because everyone in your town knows you re a trainwreck
-1	amyschumer ohiostate trainwreckmovie come see trainwreck pet a small pony
-1	rt aveuaskew long distance relationships because everyone in your town knows you re a trainwreck
-1	rt universalpicumd come out to the north campus diner at 3 30 to grab your trainwreck tickets we ll be there until they re all gone or
-1	come out to the north campus diner at 3 30 to grab your trainwreck tickets we ll be there until they re all gone or until 5
-1	when i get back from this cruise i might be living at the movie theater avengers and trainwreck
-1	rt miss_keeleyy trainwreck was indeed the funniest movie i ve seen lately lol i laughed the whole movie
-1	gooberzilla annzac i m kind of excited just to see how much of a trainwreck it ll be over under on it being worse than green lantern
-1	rt aveuaskew long distance relationships because everyone in your town knows you re a trainwreck
-1	rt aveuaskew long distance relationships because everyone in your town knows you re a trainwreck
-1	kylepinion well thanks to the trailer we know we re in for at least one trainwreck
-1	rt aveuaskew long distance relationships because everyone in your town knows you re a trainwreck
-1	trainwreck demi lovato lyrics http t co ctlnkqbr5v
-1	inthewoods2014 blownsp i m sure it will end well amp they ll live happily ever after they have lrh marriage tech trainwreck
-1	mouvvves i actually do want to see it for that reason or how off the mark it really is basically i want to see this trainwreck
-1	trainwreck was indeed the funniest movie i ve seen lately lol i laughed the whole movie
-1	johncena wweuniverse i m also looking forward to seeing your new movie trainwreck in july then i ll be seeing you sprintcenter raw kcmo
-1	hindu kush afghan kush sour purp green crack blue dream trainwreck gscookies northern lights kush silver ha http t co hqu35eo2ja
-1	wellllll this botched show is an interesting trainwreck to watch
-1	shuttuptanya that valentines was a trainwreck lmao
-1	rt joshtpm lawyers really need to have affirmative responsibility to zealously protect clients from trainwreck tv interviews http t co
-1	lawyers really need to have affirmative responsibility to zealously protect clients from trainwreck tv interviews http t co lcbv33a56i
-1	actoncomics1 i expect an utter bore at best a trainwreck at worst
-1	superherofeed is it ironic that when edgar wright left ant man everyone thought it would be a trainwreck then trailer 2 has a train wreck
-1	ugh today i feel like a trainwreck can t we just skip to happy hour
-1	it was almost a https t co jg1f7oucka except for hilarity a presentation i won t forget with too many people in the boardroom tgif
-1	my trainwreck cubicle mate is out today so i really have no reason to live today
-1	nefariousnewt i watched it it was a bit of a sad trainwreck i thought turns out the taser is strapped to the chest the gun to the hip 1
-1	rt 30secondscene trainwreck is lowkey gonna be a classic https t co yjzrfoe7s3
-1	http t co vfzmlh2ylc amyschumer trainwreck sets amy schumer on fast track 38
-1	friday sale hindu kush afghan kush sour purp green crack blue dream trainwreck gscookies northern http t co i4fbwpulsc
-1	i gave rhomelbourne a really good shot but would rather jam an ice pick in my skull it def has the trainwreck factor 0 aside from that
-1	rt concfolipa trainwreck amp clone http t co dhwhtcb7hd
-1	dumb dumb trainwreck
-1	now playing death from above 1979 trainwreck 1979 on all hits station
-1	rowbrinababes if you re a disaster i m a trainwreck
-1	rt blishy wow 25btls btlsradio this tuddle trainwreck radio is awesome
-1	heymynameiswill iron man 3 was supposed to be fun that movie was a trainwreck
-1	rt ouab trainwreck amyschumer s new movie http t co iziegxfc44 bill hader was on campus last year she ll be here tmrw http t co
-1	has itunes been drinking from the same punch bowl which gave us skype s ux trainwreck almost as bad as the photos app
-1	eeadele eveningexpress waste a vote on the lib dems to keep salmond out that s a cracking policy libdems trainwreck
-1	i want to see trainwreck
-1	this thing on toucherandrich has trainwreck written all over it fredtoucher kengriffeyrules
-1	rt klmastroianni i am a trainwreck
-1	wow 25btls btlsradio this tuddle trainwreck radio is awesome
-1	i am a trainwreck
-1	holy shit that one movie looks like a trainwreck
-1	michaelwhitney easily my favorite whole thing is a trainwreck http t co 28ixsuocae
-1	batman v superman looks like a trainwreck and aquaman and wonder woman are supposed to be in it too too dark to handle that much goof
-1	maueresspee man the browns reeeeeally mishandled manziel lel theyre like a trainwreck just cant stop watching
-1	on the outside asian suited up might as well be in stern on the inside still drunk from last night going to mun for 8hrs trainwreck
-1	i hear the trainwreck coming the batman v superman dawn of justice trailer has leaked http t co wbsczuuc4m via voxdotcom
-1	rt dharmicx dallas_penn combat_jack do you like gotham the wheels fell off on that trainwreck about 5 6 episodes in and never recover
-1	dallas_penn combat_jack do you like gotham the wheels fell off on that trainwreck about 5 6 episodes in and never recovered
-1	http t co dm6kfmtbnk trainwreck sets amy schumer on fast track 100 http t co cofsyzu9w0
-1	rt itsohsodemi demi lovato at the brisbane convention centre australia april 17th demiworldtour 34 http t co cxwuyjxatg
-1	the hillary trainwreck chugga chugga choo choo zonation http t co sjnspfit4m
-1	trainwreck music video david hasselhoff sings the theme of his new kung fu movie true survivor https t co mxwl3pc6y7
-1	i kinda know it will be a bit of a trainwreck because zack snider but we will see
-1	rt usacsmret 8 reasons hillary clinton s campaign will be a trainwreck http t co qyhprzde0l
-1	i think licking bbq sauce out of my hair is a new low even for me trainwreck
-1	8 reasons hillary clinton s campaign will be a trainwreck http t co qyhprzde0l
-1	my day has been a trainwreck and it s only 8am
-1	rt slutprobiems if u can t handle me at my worst then leave because i don t have a best i m literally always a trainwreck
-1	if wet tshirt contest is as much of a trainwreck in real life as they are on twitter then this is gonna be a breeze
-1	rt slutprobiems if u can t handle me at my worst then leave because i don t have a best i m literally always a trainwreck
-1	rt livegreenordie lust amp debauchery rule republicans led us house of representatives http t co nz6d8ie4ww pittsburghpg foxflashb
-1	xthefeistygeekx hopefully she s a trainwreck but she s also my mom
-1	it s funny you said we d never make it and look how far we ve come you re with a trainwreck but with you i m in love 2 2
-1	reading ew and getting so e cited for all the summer movies vacation entourage trainwreck
-1	adamschefter you re telling me jerry jones has control of the teams twitter too trainwreck
-1	i m an emotional trainwreck
-1	april 17 2015 at 4 36 am trainwreck 1979 by death from above 1979
-1	rt ytandtvfangirl dreamdadyesyesyesfinale baslexforever trainwreck
-1	rt independent 18th century sex toy found in polish toilet http t co absrlhpyat http t co tnerucfhs7
-1	dreamdadyesyesyesfinale baslexforever trainwreck
-1	rt uabatmsu tickets just came in pick up your tickets to the free advanced screening of trainwreck on april 23 in the uab office http
-1	rt begrudginglygf trainwreck made me laugh until i cried it also made me cry in general hilarious and smart thank you amyschumer for
-1	today is picture day in my school and i literally look like a freaking trainwreck hahahahaha
-1	marika_sophie decade the show is a narrative trainwreck decade the person is weird decade the rider is pretty cool
-1	trainwreck x headband http t co bgwrsvzift
-1	avatarjedi i didn t say the movie was a trainwreck but look at production wonder woman s director has walked man of steel was a disaster
-1	nick_gallacher trainwreck hahaha the movie hasn t even come out yet lol keep trying to justify your hate idiot haha
-1	avatarjedi happening now is a trainwreck
-1	now playing trainwreck 1979 by death from above 1979 http t co zgpzxcjsqh theedge
-1	bolverkgtm bleh i m just thankful i didn t hear of this trainwreck until you brought it up
-1	rt garovyketeny in this week s lisa s desk episode lisa talks about a recent incident involving trainwreck actress amy schumer who is
-1	thatkevinsmith finally watched tusk a testament to pure absurd whimsy following utterly ridiculous a precisely steered trainwreck bravo
-1	puta those pants are a trainwreck
-1	poetryphan so i m really sorry of you thought we had somethig going on but just talk to me and ahh idek i am a trainwreck
-1	rt ninksefordo haze trainwreck ultra http t co rhrktrl8vi
-1	you know beside the 2 month trainwreck i call jonas i ve been single for 3 4 years and idk it s not like i need someone
-1	gassymexican as fun as it was let s try to avoid making trainwreck thursday a regular thing
-1	brando_jt we have to see trainwreck from amyschumer like for realza balk status
-1	abeautifulnoire ive never seen such a trainwreck in my life
-1	i hope they put the actors in their costumes soon because i wanna see how much of a trainwreck this dialovers play is
-1	basically a trainwreck from the beginning instead of a rv like he wanted niall is met with a small rental car umm we can look back
-1	basically a trainwreck
-1	haze trainwreck ultra http t co rhrktrl8vi
-1	trainwreck is still ian and mickey by the way
-1	trainwreck virginia http t co eeoejmtlel
-1	can you believe she wrote trainwreck at the age of 15 or 16
-1	popoalu ur not invited to see this trainwreck
-1	death from above 1979 trainwreck 1979 http t co lvjroxksrh nowplaying listenlive
-1	christ this is terrible trainwreck of a game dk64
-1	rt ouab trainwreck amyschumer s new movie http t co iziegxfc44 bill hader was on campus last year she ll be here tmrw http t co
-1	digdis death from above 1979 trainwreck 1979 http t co nidbhohn4y nowplaying http t co mzjodgzdtf
-1	what a trainwreck http t co k3qkkoxijl
-1	rt derekobrosey this is the most accurate horoscope i ve ever gotten gemini funny loud and annoying emotional trainwreck that hides i
-1	oh god people actually consider that trainwreck waifu material http t co gntc5zd03q
-1	cannot wait to see amyschumer in trainwreck
-1	let s be clear i think these people can help with personal death closure but this is just a trainwreck murderedparents
-1	demizao vevodemil eu nao gosto de trainwreck
-1	almightyboob the mariners are a trainwreck right now but april is always fucked up
-1	i find the dumbest things funny
-1	kiyuiking this week was just a trainwreck tbh x x hold me wagfriend
-1	now playing trainwreck 1979 by death from above 1979 http t co zgpzxcjsqh theedge
-1	amyschumer saw the trailer for trainwreck it looks hilarious i almost fell out of my seat laughing congrats to you and all your success
-1	amyschumer today was amazing can t wait to see trainwreck again on july 17th so funny so much heart http t co dbqvcfqnrq
-1	finally saw the trailer for trainwreck amp i almost fell out my chair laughing hysterically congrats amyschumer i can t wait to see it
-1	maxchalmers90 what a completely predictable trainwreck that thread is
-1	gggiants yep he said that tomas could play 3b no problem haha he s a complete trainwreck at third below avg rf
-1	amyschumer 140 not enough characters to list the people who absolutely killed it in trainwreck so fucking good top to bottom well done
-1	amyschumer fyi i just watched ur movie trailer amp fell off my chair laughing didnt know that was possible thank you trainwreck worthit
-1	april 16 2015 at 10 39 pm trainwreck 1979 by death from above 1979
-1	trainwreck was amazing you re honestly such an inspiration amyschumer
-1	just saw trainwreck margogo_
-1	wow just saw amyschumer at an early showing of trainwreck great movie plus i got to ask her a question at the end awesome night
-1	i want to watch trainwreck when it comes out
-1	saw amyschumer s new film trainwreck and it was hilarious go see it this summer asu trainwreckcollegetour
-1	ugh why is sentai filmworks still dubbing anime that super sonico dub is gonna be a trainwreck with jesicca nigri being the mian
-1	palmpaii my face is a trainwreck
-1	trainwreck power transformer http t co 2chjdbe0jd
-1	rt rat_detail toshanshuinla he wrote the sriracha trainwreck it s his magnum opus
-1	toshanshuinla he wrote the sriracha trainwreck it s his magnum opus
-1	trainwreck og sativa thc 20 6 cannabinoids 25 3 terpenoids 1 5 goe https t co zrd6qfraly
-1	troylerkilos when tylers hair wasnt a trainwreck and troye looked 9 and a half
-1	rt triswelte katie_messner13 xgr33nx trainwreck
-1	katie_messner13 xgr33nx trainwreck
-1	rt xogiguvuzipi trainwreck the movie http t co 7aco8jz21m
-1	imsledgren you got him 2 out of 3 with sub zero niceee
-1	queenmadalena lmao season 6 was such a trainwreck i kinda wished dan would just lock everyone up in a building at the end and set the
-1	film114 trainwreck post a picture please lol
-1	didn t think i could fall in love with amyschumer more but after watching trainwreck and a q amp a with my favorite professor at asu i have
-1	thefilmrenegado at this point i d rather watch the infamous kevin smith jon peters superman film cuz that would be trainwreck hilarious
-1	amyschumer amazing job with trainwreck u r such an amazing person and i m so happy i got to hear u share ur thoughts and experiences
-1	rt cocotropila got to see the trainwreck movie premiere starring amyschumer with a q amp a hilarious go see this summer
-1	amyschumer can t wait for trainwreck oh no just had a premature decoupling trainwreck
-1	amyschumer is crashing my favorite comedians list trainwreck was fantastic and so relatable
-1	only watching trainwreck would have made this an amazing night but then amy schumer favorited my https t co fy1ltqjmzr
-1	audreyhacker it s so black amp white and so heavy on religious symbolism it s a trainwreck
-1	met amyschumer today saw her movie trainwreck its absolutely hilarious go see it lovedthegameofthronesreferences http t co 8penyaszao
-1	amyschumer is such an inspiration so glad i got to see her new movie trainwreck and laugh my ass off tonight lt 3
-1	ddlovato hi demi i hope you ll sing trainwreck when you come here in the philippines love you
-1	can t wait to watch trainwreck 1 000 more times when it comes out amyschumer is hilarious and sweet and gorgeous stillfangirling
-1	rt wesleykarlin trainwreck was even more perfect than i ever imagined shoutout to amyschumer for everything tonight trainwreckcollege
-1	rt bayliminer29 amyschumer is the funniest and most down to earth person so in love with her movie trainwreck and can t wait to see it
-1	rt emlaubster trainwreck by amyschumer was almost too perfect scary relatable and super on point i was laughing and crying in the sam
-1	rt myohmyitsrhy amyschumer s trainwreck was fantabulous http t co wdtwkiwd2r
-1	rt wesleykarlin trainwreck was even more perfect than i ever imagined shoutout to amyschumer for everything tonight trainwreckcollege
-1	trainwreck was even more perfect than i ever imagined shoutout to amyschumer for everything tonight trainwreckcollegetour
-1	just say trainwreck such a hilarious movie amyschumer http t co rabobjmapm
-1	amyschumer s trainwreck was fantabulous http t co wdtwkiwd2r
-1	akiracomplex really tho looking back the whole movie was a trainwreck and who the hell thought an animated movie of it was a good idea
-1	imsledgren twitch aye use my fav sub zero in this next one
-1	you was there when the money gone you ll be there when the money come
-1	trainwreck by amyschumer was almost too perfect scary relatable and super on point i was laughing and crying in the same five minutes
-1	allisonraybar whether civil war was an out of character trainwreck or the best crossover event ever
-1	amyschumer trainwreck was amazing it pretty much summed up how i feel right now thank you
-1	amyschumer is the funniest and most down to earth person so in love with her movie trainwreck and can t wait to see it again
-1	got to see the trainwreck movie premiere starring amyschumer with a q amp a hilarious go see this summer
-1	this is the cough film critic that criticized amyschumer s looks and weight jeez http t co f1hwjn7myq http t co absnouenks
-1	now playing trainwreck 1979 by death from above 1979 http t co 1infqtxuxk everythingthatrocks cjay92
-1	i learned about purple trainwreck
-1	indianapolis starjuly movie preview terminator returnsindianapolis starstars drink up trainwreck bulk up sou channingtatum
-1	trainwreck private screening funny movie amyschumer is f n hilarious she s a funny person in real life too http t co jurhivfpl4
-1	assnuglet wait fuck i thought this said attractive this is a trainwreck
-1	copywrite beautiful trainwreck
-1	uselessmoron like this is a goddamn trainwreck make no mistake
-1	can she skip let it go and thriller or swap them for trainwreck in case or fix a heart
-1	ayo nathankress remember me hmu son so we can smash on some hoes bruh http t co stlf2evpcd
-1	rt titowrestling that superman vs batman film is going to be a total trainwreck marvel took years building avengers amp yet dc wants just
-1	michalpruchnik we ve come full circle since this whole trainwreck started with oreos mic654 mrjallen15 leahrboss shaephoenix
-1	rt reaganlindy our prom group text is like a trainwreck on crack
-1	well brittmchenry you re famous now is it everything you dreamed it would be trainwreck futurerealitystar espn
-1	talespun that movie s gonna be a trainwreck they re trying to do too much with too little
-1	this is like watching a trainwreck made of bad american idol auditions and shame xmushito emiko_wisp sloshedtrain2 mochinegun
-1	rt devanhangsat711 dleifragoreos that video is a trainwreck
-1	my presentation has gone from being on one thing to another thing to both things to a huge mess all in one night trainwreck
-1	dleifragoreos that video is a trainwreck
-1	batman v superman is going to be the most hilarious trainwreck oh my god
-1	our prom group text is like a trainwreck on crack
-1	rt ryanchiarella i will own one some day this trainwreck amp was amazing tbt me annoying people at the brookdale https t co z3vpr66
-1	tensai yes i choose cubby talk over trainwreck 2016 right now xd
-1	i can t handle trainwreck all my favorite comedians in 1 movie this hasn t happened since tommyboy sweet jesus
-1	trainwreck paper towns maybe mission 5 vacation f four sleeping with o people ex machina and probably missing a ton more
-1	thu 23 28 trainwreck 1979 by deathfromabove1979 http t co eb6kz6ltee
-1	kingjames went to see advance showing of trainwreck tonight lebron james is hilarious in this movie
-1	rt angelafader43 hashtaggedbasic just spilled sparkling cider all over the stage trainwreck deservesanacademyaward
-1	johncena went to see advance showing of trainwreck tonight john cena is hilarious in this movie
-1	rt uuinsider we re screening trainwreck before it hits theaters come to hbc gifford at 9 30 or 11 00 pm on wednesday http t co d0tmyk
-1	some beautiful trainwreck
-1	any topchef challenge where the chefs have to make dessert trainwreck youdontknowwhatyouredoing
-1	my life is a total trainwreck
-1	we re a trainwreck
-1	fxnetworks thecomedians sometimes u watch a show that is a horrible trainwreck amp then they put a offensive trans character in it sheesh
-1	rt probperf the trainwreck that is gypsywedding on tlc is ridiculously entertaining
-1	so much kief in the grinder gotta keep saving till it overflows
-1	rt slutprobiems if u can t handle me at my worst then leave because i don t have a best i m literally always a trainwreck
-1	who wants a bubbler
-1	erineatsworld that movie is insane it s like a trainwreck tho lol you just have to keep watching
-1	i m never this heated but wow this is a trainwreck
-1	rt 30secondscene trainwreck is lowkey gonna be a classic https t co yjzrfoe7s3
-1	bluesravens jaz ist a trainwreck i can feel it my im dc trash and im so excited
-1	karlyfish rachel_fish88 sounds about right what a trainwreck am i rite
-1	i will own one some day this trainwreck amp was amazing tbt me annoying people at the brookdale https t co z3vpr66pxl
-1	the movie trainwreck is my life dammit
-1	oh no i can t stop listening to portsmouth sinfonia it s the best sort of trainwreck
-1	http t co pihkwcre0y trainwreck sets amy schumer on fast track 74 http t co ejxjl7dbfl
-1	hellaton it s honestly just a trainwreck of a fandom im glad i escaped
-1	rt angelafader43 hashtaggedbasic just spilled sparkling cider all over the stage trainwreck deservesanacademyaward
-1	death from above 1979 trainwreck 1979 david letterman http t co cbqdusbtla
-1	kaleido goggles i have to get
-1	my acc is a trainwreck rn i am so sorry
-1	rt ouresderec trainwreck in westport plaza http t co jpq0udvrjn
-1	rt aveuaskew long distance relationships because everyone in your town knows you re a trainwreck
-1	rt slutprobiems if u can t handle me at my worst then leave because i don t have a best i m literally always a trainwreck
-1	rt amyschumer thanks ucberkeley tomorrow showing trainwreck cuboulder thursday asu friday ohiostate trainwreckcollegetour http
-1	rt 2xrealcjsellers bbtn sportscenter as overrated as i think this dude is the cubs need all the help they can get lester is a trainwr
-1	rt kittygott ummmm why did nobody tell me the movie warrior existed tom hardy you emotional trainwreck of a babe meow http t c
-1	ummmm why did nobody tell me the movie warrior existed tom hardy you emotional trainwreck of a babe meow http t co oaak0lfsmi
-1	tmz tow truck company fires back at espn s britt mchenry http t co 5jgxhvfaae http tow co has a great employee espn has a trainwreck
-1	peterquills i know sims 4 is a trainwreck i only played it once and went straight back to 3
-1	rt 30secondscene trainwreck is lowkey gonna be a classic https t co yjzrfoe7s3
-1	bbtn sportscenter as overrated as i think this dude is the cubs need all the help they can get lester is a trainwreck call bryant up
-1	everyone see trainwreck when it comes out this summer it s too funny
-1	domzabala amyschumer omg i am so jealous trainwreck looks hilarious lmk how it is
-1	rt apathyvii imnotnight hourtriipy this tweet convo is a trainwreck
-1	imnotnight hourtriipy this tweet convo is a trainwreck
-1	tweetdeck your search filtering is second to none but your mobile layout is a trainwreck what s the deal
-1	this is worse than the maryland helmets trainwreck clintau24 jotimeismoney http t co jidcjnmyd7
-1	trainwreck made me laugh until i cried it also made me cry in general hilarious and smart thank you amyschumer for being a real woman
-1	i wonder why when watching trainwreck reality shows stuff gets stuck in my head imma put the baddest heffas on the flo name that show
-1	oh look they finally made a movie about me trainwreck official trailer 2015 https t co ucrsk1cchg
-1	rt ythlansuheart trainwreck demi lovato chords http t co jieho7xzlo
-1	watch amyschumer s new movie trainwreck gt gt gt homework
-1	today was a trainwreck lol
-1	trainwreck is insanely hilarious
-1	rt aveuaskew long distance relationships because everyone in your town knows you re a trainwreck
-1	hashtaggedbasic just spilled sparkling cider all over the stage trainwreck deservesanacademyaward
-1	shaughn_a rollout is a trainwreck she must be spitting mad behind the scenes
-1	fkn trainwreck
-1	rt sicpisubpi trainwreck unrated trailer http t co fawmzj6m2g
-1	that superman vs batman film is going to be a total trainwreck marvel took years building avengers amp yet dc wants justice league in 1 film
-1	i think i have a weirdly sick obsession with americangypsywedding it s such a trainwreck but i can t look away
-1	rt rmaclean_writer chaucerbabe yes that is the job of any avant garde artform it forces you to see the trainwreck 10minnovelists nice
-1	chaucerbabe melinagillies yes that is the job of any avant garde artform it forces you to see the trainwreck 10minnovelists
-1	rt probperf the trainwreck that is gypsywedding on tlc is ridiculously entertaining
-1	dfa1979 trainwreck 1979 11 29
-1	rt eragacal trainwreck my life as an idiot cast http t co nngo8lcgze
-1	rt 30secondscene trainwreck is lowkey gonna be a classic https t co yjzrfoe7s3
-1	tillmanmaryanne grwoobie suzannah10gem wildchildwendy idk some crazy drunken tweet can t remember now she s a trainwreck
-1	rt dannypifer amyschumer saw a screening of trainwreck on monday i can t count how many times i laughed out loud i really loved it
-1	this is a trainwreck
-1	rt 30secondscene trainwreck is lowkey gonna be a classic https t co yjzrfoe7s3
-1	rt 30secondscene trainwreck is lowkey gonna be a classic https t co yjzrfoe7s3
-1	drinking a trainwreck ale by mtpbrewingco frank s hooch room http t co bbm8erbyzn photo
-1	saviorofcorona the travesty of it all i have to deal with it yet once again trainwreck
-1	new post see the trainwreck of the week on walk of shame shuttle http t co nfzqhmt2nh
-1	vjl_bball he is a super athlete and allegedly a gym rat he was bad as a rookie but i was expecting a compete trainwreck
-1	now playing trainwreck 1979 by death from above 1979 http t co zgpzxcjsqh theedge
-1	trainwreck cause i m going insane for ddlovato and this concert livenationoznz iwannameetdemi melbourne
-1	you re a trainwreck but with you i m in love
-1	trainwreck because i need preparation as i will be a trainwreck when its over livenationoznz iwannameetdemi melbourne
-1	rt maddiemuffinsss got a strain called lohan and it s trainwreck crossed with la confidential
-1	carmillalusta sooo i think imma be a masochist amp watch this trainwreck tonight
-1	rt slutprobiems if u can t handle me at my worst then leave because i don t have a best i m literally always a trainwreck
-1	rt ouab trainwreck amyschumer s new movie http t co iziegxfc44 bill hader was on campus last year she ll be here tmrw http t co
-1	rt ouab trainwreck amyschumer s new movie http t co iziegxfc44 bill hader was on campus last year she ll be here tmrw http t co
-1	bigdavesrants cfslawndart cali_1024 tarajmac i think us combined trainwreck we each bring our own gift
-1	amyschumer i m so excited for your movie trainwreck we have to wait until july though damn
-1	i really want to see amyschumer s new movie trainwreck because she s the shit
-1	amyschumer saw a screening of trainwreck on monday i can t count how many times i laughed out loud i really loved it trainwreck
-1	trainwreck because i need preparation as i will be a trainwreck when its over livenationoznz iwannameetdemi melbourne
-1	got a strain called lohan and it s trainwreck crossed with la confidential
-1	amyschumer trainwreck fucking awesome
-1	rt probperf the trainwreck that is gypsywedding on tlc is ridiculously entertaining
-1	kunaldes it s like a sunrise trainwreck
-1	i feel sick today s been a trainwreck
-1	you are freakin amazing amyschumer a true role model trainwreck was such a funny movie i can t wait to go see it again this summer
-1	princelypaws kenhinaiscanon this is so entertaining its like a trainwreck in slow motion and i cant look away
-1	rt ouab trainwreck amyschumer s new movie http t co iziegxfc44 bill hader was on campus last year she ll be here tmrw http t co
-1	trainwreck was fire amyschumer is on the up amp up amp up cool to have a real gal representing real galz thanks programcouncil
-1	rt ouab trainwreck amyschumer s new movie http t co iziegxfc44 bill hader was on campus last year she ll be here tmrw http t co
-1	rt ouab trainwreck amyschumer s new movie http t co iziegxfc44 bill hader was on campus last year she ll be here tmrw http t co
-1	rt 30secondscene trainwreck is lowkey gonna be a classic https t co yjzrfoe7s3
-1	trainwreck because i need preparation as i will be a trainwreck when its over livenationoznz iwannameetdemi melbourne
-1	rt 30secondscene trainwreck is lowkey gonna be a classic https t co yjzrfoe7s3
-1	rt probperf the trainwreck that is gypsywedding on tlc is ridiculously entertaining
-1	i look like a trainwreck from work i m guaranteed to run into my hot neighbor singlegirlprobems
-1	rt ouab trainwreck amyschumer s new movie http t co iziegxfc44 bill hader was on campus last year she ll be here tmrw http t co
-1	nyrvspit pierre mcguire lapierre created a trainwreck of a situation that s what he does trainwrecks p becauseitsthecup
-1	this is a trainwreck at this point and i ll gladly be the first to respectfully cptwigglefuffle steve_baltimore smt_yhvh eritachttv
-1	trainwreck amyschumer s new movie http t co iziegxfc44 bill hader was on campus last year she ll be here tmrw http t co qnhpdd8d6o
-1	it s like a trainwreck i have paused this damn thing no less than 5 times in the last half a minute
-1	you re a trainwreck but i wouldn t love you if you change
-1	trainwreck amp clone http t co dhwhtcb7hd
-1	on my way to catch an advance screening of trainwreck starring amyschumer amy will be attending https t co 7odiul2he6
-1	realalittlecat my entire feed is a trainwreck rn thanks a lot man
-1	trainwreck has a 100 rating on rotten tomatoes right now but my real question is how did they see it before me http t co xadpwmvd52
-1	ladymris chellemariak lucyappa obsession the laura tribute oh please let s not discuss that trainwreck
-1	thank god i work at 9 tonight so i don t have to see the rest of this trainwreck game
-1	now playing trainwreck 1979 by death from above 197 http t co xzz8qkuqrq 989thedrive essentialalternative
-1	huffingtonpost not surprised she seems to never be accountable trainwreck
-1	rt 30secondscene trainwreck is lowkey gonna be a classic https t co yjzrfoe7s3
-1	patiently waiting on trainwreck http t co crzuhgzfnr
-1	im_not_a_lizard they were the best thing that trainwreck of a show ever produced
-1	now playing trainwreck 1979 by death from above 1979 http t co myxxkl3vy4 bestrock thebear1003
-1	livenationoznz iwannameetdemi melbourne trainwreck will forever be one of the songs that gets me singing into a hairbrush
-1	trainwreck jerky http t co za5y2w0xpj
-1	missleslieg girl sad trainwreck
-1	trainwreck https t co ekz1rerd4n
-1	livenationoznz iwannameetdemi melbourne trainwreck will forever be one of the songs that gets me singing into a hairbrush
-1	rt aveuaskew long distance relationships because everyone in your town knows you re a trainwreck
-1	qualiathepurple haremprotag actually you can still watch it for being a trainwreck
-1	rt datura1979 i m probably just still jaded over the prequel trilogy trainwreck but the new starwars trailer has me like http t co m
-1	rt slutprobiems if u can t handle me at my worst then leave because i don t have a best i m literally always a trainwreck
-1	rt slutprobiems if u can t handle me at my worst then leave because i don t have a best i m literally always a trainwreck
-1	rt probperf the trainwreck that is gypsywedding on tlc is ridiculously entertaining
-1	rt slutprobiems if u can t handle me at my worst then leave because i don t have a best i m literally always a trainwreck
-1	real_deity i put on my best watching trainwreck reality tv horrified rictus and it seemed to stop that
-1	rt orignalcequeen face your problems head on that s stupid a trainwreck in the making i dodge those fuckers
-1	bibi appears balanced because nico looks like a first year printemps is a trainwreck
-1	the rdc ladies are half way through this trainwreck sofun terribleart wine and canvas in indianapolis in https t co yypg7ice8h
-1	just at the movies with my besties amyschumer and bobaultman seeing trainwreck early http t co y7yz274517
-1	tonight is the free screening of the hot new comedy trainwreck if you enjoyed bridesmaids you will love this movie
-1	rt probperf the trainwreck that is gypsywedding on tlc is ridiculously entertaining
-1	rt slutprobiems if u can t handle me at my worst then leave because i don t have a best i m literally always a trainwreck
-1	fleury is a fucking trainwreck every playoffs it never fails
-1	and so the trainwreck that is marc andre fleury begins
-1	the trainwreck that is gypsywedding on tlc is ridiculously entertaining
-1	hi lovatics lt 3
-1	rt slutprobiems if u can t handle me at my worst then leave because i don t have a best i m literally always a trainwreck
-1	death from above 1979 trainwreck 1979 http t co sgojmy8p71 lubbock altrock 1057lubbock
-1	boboloca that dude just blocked me for asking why how silly its trainwreck tv people
-1	rt nocontrol91 sophia hates the boys so much she couldn t even use her fashion major skills to save their trainwreck outfits
-1	randy_haas yes this person is it s trainwreck tv and they all signed up for it why wouldn t they bravo isn t pbs 4 christ sakes
-1	grunklefucker69 gonna watch this trainwreck the whole way
-1	make sure to come early to get a seat to see trainwreck before theaters tonight amc muncie 12 8pm http t co jawmbsgvcu
-1	rt nocontrol91 sophia hates the boys so much she couldn t even use her fashion major skills to save their trainwreck outfits
-1	all aboard the depression trainwreck last stop cookies
-1	icemoonpromo_gr virtualdjradio4 live now dj trainwreck lets trance electro dutch dnb dubstep dj nowplaying
-1	wowmanjack rt virtualdjradio4 live now dj trainwreck lets trance electro dutch dnb dubstep dj nowplaying
-1	trainwreck movie 2015 this is the new video trailer for the trainwreck movie 2015 enjoy http t co cvjdwxgmod
-1	livenationoznz trainwreck because that is my bestfriend amp i s song and we are getting matching lyric tattoos iwannameetdemi brisbane
-1	virtualdjradio4 live now dj trainwreck lets trance electro dutch dnb dubstep dj nowplaying http t co cylshdnic4 virt
-1	livenationoznz trainwreck because that is my bestfriend amp i s song and we are getting matching lyric tattoos iwannameetdemi brisbane
-1	rt virtualdjradio4 live now dj trainwreck lets trance electro dutch dnb dubstep dj nowplaying http t co 1t2d3ydlam vir
-1	lebronjames shows off comedic timing in latest trainwreck trailer http t co uogp2uj9al
-1	rt trainwreckmovie i m just a modern chick who does what she wants amyschumer stars in trainwreck in theaters july 17 https t c
-1	my sister decides to get all fancy amp dressed up for this show were going to while i look like trainwreck this is so rude im calling the cops
-1	can t wait to see the movie trainwreck just bc kingjames is in it
-1	wanderlust6190 but this is just a trainwreck this isn t easy for me not flirting doesn t in any way suggest that it is i think we
-1	no one can change this heart of mine trainwreck train station railway travel look instagood https t co hth3mojgqm
-1	but if you try to take that from me well i ll never be the same trainwreck that i am and i am what i am what i am what i am a trainwreck
-1	rt virtualdjradio4 live now dj trainwreck lets trance electro dutch dnb dubstep dj nowplaying http t co 1t2d3ydlam vir
-1	amyschumer replies to worst ever take on her trainwreck trailer http t co 1xzcfyky7i via thisisfusion
-1	icemoonpromo_us virtualdjradio4 live now dj trainwreck lets trance electro dutch dnb dubstep dj nowplaying
-1	bojackhorseman chelaland sorry bj after watching more eps i can safely say you are anything but pretty trainwreck
-1	virtualdjradio4 live now dj trainwreck lets trance electro dutch dnb dubstep dj nowplaying http t co xdyxqcouzk virt
-1	pre showing of the comedy trainwreck tonight at 7 at hollywood theaters get there early for some giveaways
-1	rt weedofig i m so done grease jewce medicated weedofig solventless trainwreck fullmelt hash claritycounts instag http t
-1	walkofshamevh1 i hope your shows getting good ratings cause it s hilarious amp i will be upset if it doesn t get a second season trainwreck
-1	a summary of research methods now that s a trainwreck
-1	livenationoznz trainwreck because that is my bestfriend amp i s song and we are getting matching lyric tattoos iwannameetdemi brisbane
-1	livenationoznz trainwreck because that is my bestfriend amp i s song and we are getting matching lyric tattoos iwannameetdemi brisbane
-1	livenationoznz trainwreck because that is my bestfriend amp i s song and we are getting matching lyric tattoos iwannameetdemi brisbane
-1	livenationoznz trainwreck because that is my bestfriend amp i s song and we are getting matching lyric tattoos iwannameetdemi brisbane
-1	livenationoznz trainwreck because that is my bestfriend amp i s song and we are getting matching lyric tattoos iwannameetdemi brisbane
-1	livenationoznz trainwreck because that is my bestfriend amp i s song and we are getting matching lyric tattoos iwannameetdemi brisbane
-1	livenationoznz trainwreck because that is my bestfriend amp i s song and we are getting matching lyric tattoos iwannameetdemi brisbane
-1	livenationoznz trainwreck because that is my bestfriend amp i s song and we are getting matching lyric tattoos iwannameetdemi brisbane
-1	rt bley_x my room is a mess therefore my life is a fucking trainwreck bc they correlate for some reason only god knows
-1	livenationoznz trainwreck because that is my bestfriend amp i s song and we are getting matching lyric tattoos iwannameetdemi brisbane
-1	livenationoznz trainwreck because that is my bestfriend amp i s song and we are getting matching lyric tattoos iwannameetdemi brisbane
-1	live now dj trainwreck lets trance electro dutch dnb dubstep dj nowplaying http t co 1t2d3ydlam virtualdjradio4
-1	livenationoznz trainwreck because that is my bestfriend amp i s song and we are getting matching lyric tattoos iwannameetdemi brisbane
-1	livenationoznz trainwreck because that is my bestfriend amp i s song and we are getting matching lyric tattoos iwannameetdemi brisbane
-1	livenationoznz trainwreck because that is my bestfriend and i s song and we are getting matching lyric tattoos iwannameetdemi brisbane
-1	rt 30secondscene trainwreck is lowkey gonna be a classic https t co yjzrfoe7s3
-1	rt podasygubuz in this week s lisa s desk episode lisa talks about a recent incident involving trainwreck actress amy schumer who is
-1	rt nocontrol91 sophia hates the boys so much she couldn t even use her fashion major skills to save their trainwreck outfits
