-1	field in england blu ray 025192231674 region a http t co dpgqtpoqis http t co bzm8wqoxbt
-1	a field in england ben wheatley http t co olenr90se7 drama nowplaying drama top 10 best movies http t co zy8lgbgcwk
-1	rt horrorblecast next episode will feature friend of the cast lahorrorcom it s our 4 20 episode and we ll talk idle hands a field in
-1	rt horrorblecast next episode will feature friend of the cast lahorrorcom it s our 4 20 episode and we ll talk idle hands a field in
-1	harry_styles princess get your ass back to england amp watch your spouse chase a fucking ball in a fucking field fucking woodland creature
-1	rt dancintina a field in england ben wheatley http t co avgg2uqaru drama nowplaying drama top childrens movies http t co o9id
-1	rt dancintina a field in england ben wheatley http t co avgg2uqaru drama nowplaying drama top childrens movies http t co o9id
-1	a field in england ben wheatley http t co avgg2uqaru drama nowplaying drama top childrens movies http t co o9idengjiv
-1	rt horrorblecast next episode will feature friend of the cast lahorrorcom it s our 4 20 episode and we ll talk idle hands a field in
-1	next episode will feature friend of the cast lahorrorcom it s our 4 20 episode and we ll talk idle hands a field in england amp evil bong
-1	rt drafthousefilms 10 important filmmaking duos working in horror incl springthemovie a field in england directors bdisgusting ht
-1	rt drafthousefilms 10 important filmmaking duos working in horror incl springthemovie a field in england directors bdisgusting ht
-1	http t co qpaygahton wow the 3rd party in england are a shambolic mess libdems
-1	hello looking for a big field with a beautiful view in the south of england do you know of one email blissadrian gmail com x
-1	10 important filmmaking duos working in horror incl springthemovie a field in england directors bdisgusting http t co xbvrbpcf8l
-1	skullbasher20k kill list is great i didn t get a field in england because i dumb now
-1	slippery_jack i remember the crafty bastard on ebay offering your a field in england woodcut prints
-1	slippery_jack it follows in the great tradition of your a field in england amp the wicker man pieces
-1	a field in england is a masterpiece and i still have not seen mr_wheatley s kill list i need to buy that
-1	rt slippery_jack still available from http t co 1kzebqugta folks rt hargadonstephen a field in england by slippery_jack http
-1	rt slippery_jack still available from http t co 1kzebqugta folks rt hargadonstephen a field in england by slippery_jack http
-1	escudo75 neilhimself or harvest by jim crace i haven t seen a field in england but the essay makes me want to
-1	rt slippery_jack still available from http t co 1kzebqugta folks rt hargadonstephen a field in england by slippery_jack http
-1	rt slippery_jack still available from http t co 1kzebqugta folks rt hargadonstephen a field in england by slippery_jack http
-1	i just liked a field in england act iii shootout final cut on vimeo https t co qssgf3bv4y
-1	i just liked a field in england trailer on vimeo https t co fu7mcsyjsp
-1	i just liked trailer a field in england on vimeo https t co yx86qijz2u
-1	rt 4n15aaaaa hifsah786 in suffolk east of england some random field going up in a small plane and then jumping out with a female inst
-1	hifsah786 in suffolk east of england some random field going up in a small plane and then jumping out with a female instructor
-1	rt slippery_jack still available from http t co 1kzebqugta folks rt hargadonstephen a field in england by slippery_jack http
-1	still available from http t co 1kzebqugta folks rt hargadonstephen a field in england by slippery_jack http t co mnsgb2x2cb
-1	a field in england by slippery_jack http t co wavrdhxkwc
-1	rt bunchofsteve just watching the extras on a field in england and did a doodle of mr_wheatley http t co dde2opr9uy
-1	a field in england is the kind of movie i think i ll never watch again but in five years or so will sit through it again
-1	well a field in england is nowt short of stunning ben wheatley and amy paul are an amazing team can t wait for high rise now
-1	l movies dvd a field in england dvd 2014 hot sale http t co 6wnx3ctcht
-1	a field in england 2013 full movie official youtube http t co strixe5npn
-1	movies dvd a field in england dvd 2014 http t co xztep9keed hot sale
-1	trapdoorcat 2 2 supported by the snp would be the death of labour in england as is likely in scotland tories would r have a field day
-1	rt oarfc the press neglect to mention the spenno field charm offensive for his services oarfc still in with a chance here http t c
-1	the press neglect to mention the spenno field charm offensive for his services oarfc still in with a chance here http t co azc9gps893
-1	rt rosaliebirch dreamt i had an england recall to a tour to nz last night at 8 months pregnant i then fretted about where i d be hid
-1	dreamt i had an england recall to a tour to nz last night at 8 months pregnant i then fretted about where i d be hidden in the field
-1	also how cool n smart was the multi platform release of a field in england bravo annaehiggs amp co
-1	blu ray field in england a blu ray new http t co qacfopop8x http t co cmxcxklccr
-1	if i ever get to program a double feature it s going to be a midnight screening of dead man and a field in england
-1	watching a field in england so far so incomprehensible which is good http t co acdli9mbnm
-1	josheet yeah similar vein to a field in england while totally different at the same time both great
-1	rt nturugbyleague pride of england dan harrison strolls in for a length of the field try students dominating the army here ntusport
-1	west indies england if you drop 4 catches expect to be in the field for a long time englands fielding has been poor since the ashes
-1	rt nturugbyleague pride of england dan harrison strolls in for a length of the field try students dominating the army here ntusport
-1	rt nturugbyleague pride of england dan harrison strolls in for a length of the field try students dominating the army here ntusport
-1	rt nturugbyleague pride of england dan harrison strolls in for a length of the field try students dominating the army here ntusport
-1	pride of england dan harrison strolls in for a length of the field try students dominating the army here ntusport
-1	just a few rocks in a field stonehenge england http t co pqt1bb0a1m http t co mafgqa1pva
-1	rustyk5 the lyme of the ancient mariner takes place in a new england field the mime of the ancient mariner in paris
-1	emmakennytv reeceshearsmith lol indeed have you seen a field in england if you re used to seeing reece playing comedy this is amazing x
-1	rt dancintina a field in england ben wheatley http t co mxav6xkyyc drama nowplaying drama top hat movie
-1	rt dancintina a field in england ben wheatley http t co mxav6xkyyc drama nowplaying drama top hat movie
-1	a field in england ben wheatley http t co mxav6xkyyc drama nowplaying drama top hat movie
-1	rt stareager our local hospital trust is still 4th worst in england this week for type 1 a amp e at 74 6 more than 3 months after new a amp e
-1	a field in england http t co hwpdj5h1vp
-1	s o to salina central s kegan england who makes a tough diving catch in center field to help out her pitcher and end inning great play
-1	solid but attritional day for england in the field after a bottom order crumble before lunch ambling towards a draw at this rate cricket
-1	clydesdale horses in a field northumberland england http t co pvtlgpcecs
-1	derekgamblepunt i think he beat a good field in the uae derby amp he s shipped from england to dubai so ship shouldn t bug him much
-1	courtneylong98 it s just not the same here in england a field of cows isn t so impressive
-1	a field in england 2014 is a box office delight of a movie a conamaraviews lt nmt893 gt
-1	fantastic talk sheffhallamuni from cinematographer laurie_rose who worked on sightseers a field in england and kill list
-1	rt killerkalyn pretty obsessed with this poster for mr_wheatley s a field in england kill list http t co qshobtgfrn
-1	anybody seen a field in england i fucking loved it and want other people to tell me how good my opinion is
-1	rt feministlib looking for new england colleagues to partner w on a research project re labor conditions in archives field details http
-1	a burial dating to a d 200 has been found in a field in southern england http t co fzxl1ku2rd
-1	rt feministlib looking for new england colleagues to partner w on a research project re labor conditions in archives field details http
-1	looking for new england colleagues to partner w on a research project re labor conditions in archives field details http t co wdfm0mfima
-1	faraway67 north hertfordshire a burial dating a d 200 found in a field in southern eng http t co a1wo1q55rq those romans got around
-1	north hertfordshire england a burial dating to a d 200 has been found in a field in southern england http t co 8gwnifgkia
-1	finally got round to watching a field in england absolutely fantastic film
-1	the best is that one where england meets childamerica and he says oh i found this child in the middle of a field clearly we re blood relate
-1	he did films such as kill list a field in england amp sightseers check them out folks
-1	rt elucidatus north hertfordshire england a burial dating to a d 200 has been found in a field in southern england http t co lna
-1	north hertfordshire england a burial dating to a d 200 has been found in a field in southern england http t co lnawgyciov
-1	r archaeology a burial dating to a d 200 has been found in a field in southern england http t co wrlmgctnqa http t co vqjfywmrq3
-1	a burial dating to a d 200 has been found in a field in southern england by a metal detectorist w http t co bunimxphlu
-1	roman grave in england yields egyptian glass a burial dating to a d 200 has been found in a field in souther http t co n24b0btszk
-1	blalock shines for be at father kelly wando competes at taco bell bishop england track and field turned in a http t co ov3k7nk1kc
-1	rt colfilmfestival cinematographer of a field in england amp kill list laurie_rose will judging the best cinematography amp best film aw
-1	a field in england sub ita 2013 http t co lp0rgj4veq on bloglovin
-1	james tredwell can t get into a division 2 kentcricket team but can an ecb_cricket side only in england grow a pair peter moores
-1	a field in england sub ita 2013 http t co copkdx4ntl
-1	cinematographer of a field in england amp kill list laurie_rose will judging the best cinematography amp best film award colfilmfestival
-1	exceptional roman artefacts found exceptional roman artefacts discovered in a field in hertfordshire date back http t co dnkgynh0yr
-1	exceptional roman artefacts found exceptional roman artefacts discovered in a field in hertfordshire date back http t co ijraggsfh7
-1	a field in england it won t be everyone s cup of psylocybin tea but i enjoyed it quite a bit http t co z437n0wjhh
-1	clarrknulp slouloulou i agree but his is the wrong side of creepy have you seen a field in england
-1	rt markcousinsfilm some of you asked what the brit films were that i tweeted about yesterday a field in england bill douglas trilogy bri
-1	slippery_jack great news thanks might even ask that mr_wheatley to sign some stuff for me i m hoping you ll have a field in england
-1	mr_wheatley check out this photos it s a giggle a field in england seewhatididthere http t co x6gozigjpz
-1	rt bunchofsteve just watching the extras on a field in england and did a doodle of mr_wheatley http t co dde2opr9uy
-1	this morning i was at a beach in france a street in england a soccer field in italy and the 911 memorial periscope
-1	patrickriot amy_may looks mzng stowed away for reading later that pic from a field in england really want to see
-1	sarah_hilary i recognise that still its from a field in england brilliant englishcivilwar film
-1	rt killerkalyn pretty obsessed with this poster for mr_wheatley s a field in england kill list http t co qshobtgfrn
-1	themobious i thought similar some good ones on there a field in england is one i ve not seen but meant to be great
-1	i like andy lee more and more each time i see him he does remind of the mad irishman in the movie a field in england tho quillinlee
-1	this new england patriots back field amp tight end core including devlin i m excited to see in the fall hope they dont waste a pick on them
-1	oops http t co 1xlurrpl44 reminds me of a sealedknot cannon setting fire to a dry stubble field amp about 50 cars in witney nostalgia
-1	why do glamour girls in england live on such a hype
-1	pipecock apartment_rec whatfroth a field in england knocked me for six as well
-1	rt killerkalyn pretty obsessed with this poster for mr_wheatley s a field in england kill list http t co qshobtgfrn
-1	rt bunchofsteve just watching the extras on a field in england and did a doodle of mr_wheatley http t co dde2opr9uy
-1	a field in england official uk trailer https t co igo0gckxao via youtube
-1	behind the scene s a field in england http t co qz2rlwergu via youtube
-1	rt toby_regbo coachella i ll take my festivals weird and wet in a field in england over that sunny bullshit any day of the week
-1	rt bunchofsteve just watching the extras on a field in england and did a doodle of mr_wheatley http t co dde2opr9uy
-1	a field in england http t co kg2wmamiqv black and white original photographers telescopical gothic artists http t co dy1ukvanwm
-1	rt bunchofsteve just watching the extras on a field in england and did a doodle of mr_wheatley http t co dde2opr9uy
-1	rt bunchofsteve just watching the extras on a field in england and did a doodle of mr_wheatley http t co dde2opr9uy
-1	rt bunchofsteve just watching the extras on a field in england and did a doodle of mr_wheatley http t co dde2opr9uy
-1	rt toby_regbo coachella i ll take my festivals weird and wet in a field in england over that sunny bullshit any day of the week
-1	rt toby_regbo coachella i ll take my festivals weird and wet in a field in england over that sunny bullshit any day of the week
-1	rt toby_regbo coachella i ll take my festivals weird and wet in a field in england over that sunny bullshit any day of the week
-1	rt toby_regbo coachella i ll take my festivals weird and wet in a field in england over that sunny bullshit any day of the week
-1	rt toby_regbo coachella i ll take my festivals weird and wet in a field in england over that sunny bullshit any day of the week
-1	rt toby_regbo coachella i ll take my festivals weird and wet in a field in england over that sunny bullshit any day of the week
-1	otd 4 11 2010 metal detectorist dave crisp finds hoard of 52 503 roman coins in a field near frome somerset england http t co uktbpiizkb
-1	mireillejuchau have you seen a field in england great weird little film
-1	paullaity wonderful piece and another reminder that i still haven t seen a field in england
-1	a field in england http t co mr7xcy7nde
-1	in case you haven t seen a field in england https t co duzuz4qe94
-1	sarahemilyduff yeah he does metaphysical horror really good films i liked a field in england and kill list but like early polanski
-1	rt killerkalyn pretty obsessed with this poster for mr_wheatley s a field in england kill list http t co qshobtgfrn
-1	sarahemilyduff i ve seen a field in england it s pretty good very strange
-1	brilliant killerkalyn pretty obsessed with this poster for mr_wheatley s a field in england kill list http t co trwjhkodc3
-1	rt amznmovierevws a field in england http t co vuiqwvqf9l
-1	rt dancintina a field in england ben wheatley http t co hmlwrlo4kz drama nowplaying drama top black movies http t co jhhrlg5b
-1	rt dancintina a field in england ben wheatley http t co hmlwrlo4kz drama nowplaying drama top black movies http t co jhhrlg5b
-1	a field in england ben wheatley http t co hmlwrlo4kz drama nowplaying drama top black movies http t co jhhrlg5bli
-1	darylwaller i still want to see a field in england
-1	rt killerkalyn pretty obsessed with this poster for mr_wheatley s a field in england kill list http t co qshobtgfrn
-1	rt killerkalyn pretty obsessed with this poster for mr_wheatley s a field in england kill list http t co qshobtgfrn
-1	rt killerkalyn pretty obsessed with this poster for mr_wheatley s a field in england kill list http t co qshobtgfrn
-1	rt killerkalyn pretty obsessed with this poster for mr_wheatley s a field in england kill list http t co qshobtgfrn
-1	rt killerkalyn pretty obsessed with this poster for mr_wheatley s a field in england kill list http t co qshobtgfrn
-1	rt killerkalyn pretty obsessed with this poster for mr_wheatley s a field in england kill list http t co qshobtgfrn
-1	rt killerkalyn pretty obsessed with this poster for mr_wheatley s a field in england kill list http t co qshobtgfrn
-1	rt killerkalyn pretty obsessed with this poster for mr_wheatley s a field in england kill list http t co qshobtgfrn
-1	rt killerkalyn pretty obsessed with this poster for mr_wheatley s a field in england kill list http t co qshobtgfrn
-1	rt killerkalyn pretty obsessed with this poster for mr_wheatley s a field in england kill list http t co qshobtgfrn
-1	a field in england
-1	pretty obsessed with this poster for mr_wheatley s a field in england kill list http t co qshobtgfrn
-1	my fridaynightcinema was a double bill of a field in england directed by ben wheatley amp angel heart directed by alan parker
-1	damnitwinnie currently i am lost in ross on wye england but i have seen a horse in a field and im fascinated
-1	explicitloux ashton5sos that s true i forgot not everyone lives in england where everything s a field
-1	tendersailorman 1 the folk horror facebook group is about stuff like the wicker man amp a field in england etc
-1	this week s insideno9 sent me back to the psychedelic crazy genius of mr_wheatley s a field in england
-1	rt amznmovierevws a field in england http t co vuiqwvqf9l
-1	rt sohrabahmari frack britain frack wsj editorial on today s announcement of a massive new oil field in southern england http t co d
-1	reeceshearsmith now to watch a field in england again is there a number on that tent
-1	photo fuckyeahmovieposters a field in england this looks trippy http t co qfevkl0f9f
-1	mjohnharrison and now i must watch a field in england
-1	rt dancintina a field in england ben wheatley http t co 55fby5uwnz drama nowplaying drama top 10 saddest movies
-1	rt dancintina a field in england ben wheatley http t co 55fby5uwnz drama nowplaying drama top 10 saddest movies
-1	a field in england ben wheatley http t co 55fby5uwnz drama nowplaying drama top 10 saddest movies
-1	reeceshearsmith a field in england witchfinder general laughs hammer brilliance
-1	thomas_mac becktonalpfilm that still reminds me that i really need to see a field in england
-1	top 5 fictional characters 1 molly bloom 2 whitehead from a field in england 3 the judge 4 queequeg 5 maxine tarnow
-1	tis the one complaint you do not suffer besides the plague a field in england
-1	khorykesler a field in england
-1	i liked a youtube video http t co lfcwjarzhu england cricketer mark wood dances in the field
-1	a field in england blu ray disc 2014 http t co tik8zi1aa0 http t co mjamapf7hb
