-1	best vampire movies a girl walks home alone at night thirst let the right one in martin the hunger only lovers left alive
-1	rt agirlwalkshome the iranian american star of a girl walks home alone at night and argo is changing the game of what a modern htt
-1	rt seansaffari a girl walks home alone at night q amp a with ana lily amirpour amp roger corman https t co qskkosslv7 via youtube screenwri
-1	a girl walks home alone at night q amp a with ana lily amirpour amp roger corman https t co qskkosslv7 via youtube screenwriting film
-1	a girl walks home alone at night was such a great film definitely recommend it
-1	dvd best sellers in foreign films 7 a girl walks home alone at night sheila vand other http t co 2obpjbffl1 http t co pefv88pfl6
-1	i can t stop thinking about a girl walks home alone at night heart eyes emoji x 100000
-1	rt agirlwalkshome the iranian american star of a girl walks home alone at night and argo is changing the game of what a modern htt
-1	a girl walks home alone at night by ezgi ece ertugrul agirlwalkhomealoneatnight analilyamirpour iran https t co hzwclayspd
-1	rt agirlwalkshome the iranian american star of a girl walks home alone at night and argo is changing the game of what a modern htt
-1	a great movie about a muslim hipster vampire roaming the dark streets of iran at night no really a girl walks home alone at night
-1	rt agirlwalkshome the iranian american star of a girl walks home alone at night and argo is changing the game of what a modern htt
-1	rt agirlwalkshome the iranian american star of a girl walks home alone at night and argo is changing the game of what a modern htt
-1	the iranian american star of a girl walks home alone at night and argo is changing the game of what a modern http t co dffwsdlphh
-1	seeing a girl walks home alone at night tomorrow
-1	blu ray new releases in foreign films 1 a girl walks home alone at night s http t co l1dgx2qw7b http t co gt2qui40p1
-1	p s vejam o filme se puderem chama a girl walks home alone at night
-1	photoset a girl walks home alone at night 2014 ana lily amirpour http t co fqansgvd6n
-1	oooooh ooooh ooooh a girl walks home alone at night is available https t co wqgltabh0n
-1	two thumbs up for a girl walks home alone at night beautiful iranian noir love story with a cat a convertible and a vampire
-1	rt horrornewsradio eps 106 horror news radio features agirlwalkshomealoneatnight amp gameofthrones http t co dibeqh05rn http t co tn
-1	eps 106 horror news radio features agirlwalkshomealoneatnight amp gameofthrones http t co dibeqh05rn http t co tnvdowcdq5
-1	estoy viendo a girl walks home alone at night en http t co gzd4p4puik
-1	it was really really really stupid movie a_girl_walks_home_alone_at_night https t co uzaez9d48w
-1	jinja rt jisub_nim news sojisub invests in another movie a girl walks home alone at night the trailer https t co 536ctrmmja
-1	it was really really really stupid movie a girl walks home alone at night https t co 865xvzfihc
-1	a girl walks home alone at night
-1	photo manifiesto79 a girl walks home alone at night agirlwalkshomealoneatnight vampire sk8 movie http t co wkg1zmpmyz
-1	i liked a youtube video http t co fwneanrwdh a girl walks home alone at night 2014 official trailer hd
-1	watchingnow a girl walks home alone at night
-1	watch a girl walks home alone at night 2014 movie streaming online check out this url http t co jqoh70my7h
-1	the most exquisite vampire movie from iran a girl walks home alone at night
-1	a girl walks home alone at night isn t shown in any cinema that is nearer than 240km to me
-1	rt uptomyknees the sequel to a girl walks home alone at night should be called two girls eat together alone at hooters
-1	rt uptomyknees the sequel to a girl walks home alone at night should be called two girls eat together alone at hooters
-1	rt uptomyknees the sequel to a girl walks home alone at night should be called two girls eat together alone at hooters
-1	rt uptomyknees the sequel to a girl walks home alone at night should be called two girls eat together alone at hooters
-1	the sequel to a girl walks home alone at night should be called two girls eat together alone at hooters
-1	first iranian vampire movie very good a girl walks home alone at night te vikiye caddesi https t co dbz2iuknnj
-1	the mouths of madness episode 143 a girl walks home alone at night http t co blmwencftf
-1	a girl walks home alone at night
-1	hd movie http t co q5rmk71zfs a girl walks home alone at night 2014 bro sis http t co nfzxld2lrk
-1	a girl walks home alone at night 2014 http t co pbpqfdagzv
-1	a girl walks home alone at night https t co qekxlije9i
-1	a girl walks home alone at night 2014 hd 720p http t co 41hwgxfqxj seyret izle film dizi filmler diziler http t co zv3btfqh7k
-1	rt jisub_nim news sojisub invests in another movie a girl walks home alone at night the trailer sojisubfanatics welove https
-1	united states 93 a girl walks home alone at night ana lily amirpour http t co 2yjfk9eeej movies itunes iphone apple
-1	ny midnightscreening of agirlwalkshome this sat night ifccenter http t co pvskrhlfbi vampires w lilyinapad
-1	morningselections john carpenter lost themes various artists a girl walks home alone at night
-1	this sunday in sydney a girl walks home alone at night gt gt http t co w9jfyg9xdo
-1	photography a girl walks home alone at night by ana lily amirpour film making women are still rare everywher http t co eyv4qncxhw
-1	rt shaviro a girl walks home alone at night beautiful in its sultry minimalist way i also like this interview w the director http t
-1	lilyinapad injects fresh blood into the vampire genre my recco of the ultra awesome agirlwalkshomealoneatnight http t co q6vyplhme0
-1	blytheface we have 5 features girlhood eden miss julie second coming a girl walks home alone at night plus 6 female guests
-1	baru ini nonton film horror vampir dari iran a girl walks home alone at night https t co 8tfyg1bcrn
-1	a girl walks home alone at night 2014 http t co 2jzwjrxxod
-1	oh right i watched a girl walks home alone at night and omg loved it sfm see my new header
-1	a girl walks home alone at night http t co bvwapidrfh
-1	my review of a girl walks home alone at night 2014 on letterboxd http t co pn68bw91gd
-1	mustwatch movie a girl walks home alone at night by ana lily amirpour film making women are still rare everywhe http t co lylbr8zinf
-1	lk ran vampir western i a girl walks home alone at night http t co amdawn96sd
-1	mustwatch movie a girl walks home alone at night by ana lily amirpour film making women are still rare everywhere http t co wa1ess7lg9
-1	a girl walks home alone at night http t co mtptr466ep
-1	a girl walks home alone at night http t co s0rofybtde unser film der woche
-1	today we recommend to watch a girl walks home alone at night tagged as the first iranian vampire western http t co hidazvoqes
-1	just watched a girl walks home alone at night
-1	a girl walks home alone at night by ana lily amirpour https t co tdnvvz1mu6 http t co rvbamjgu2w
-1	i ve done bad things sydney exclusive a girl walks home alone at night tonight at 9pm gt http t co ppjyxa67xo
-1	in terms of tone genre and structure spring has a lot in common with a girl walks home alone at night which i also enjoyed immensely
-1	amor vampiros y gatos a girl walks home alone at night breathtaking scene http t co l0xcz9ccsw
-1	rt mmscripts a girl walks home alone at night see it
-1	a girl walks home alone at night see it
-1	rt castro_theatre tonight sink your teeth into a girl walks home alone at night 7 00 plus jim jarmusch s only lovers left alive 9 00
-1	cinemasins watch a girl walks home alone at night and that s enough reason why we need original ideas instead of remakes its great
-1	watching a girl walks home alone at night https t co sftd9tj7hh
-1	sambil menunggu a girl walks home alone at night https t co ql6qygv8p4
-1	just realized i missed a girl walks home alone at night playing at tower while i was in texas
-1	best horror a girl walks home alone at night 2014 full streaming click here http t co 420oxjfhmw
-1	rt shaviro a girl walks home alone at night beautiful in its sultry minimalist way i also like this interview w the director http t
-1	a girl walks home alone at night beautiful in its sultry minimalist way i also like this interview w the director http t co 3p5i4puuhr
-1	tonight 6pm inherent vice 9pm a girl walks home alone at night back by popular demand gt http t co ppjyxa67xo
-1	watch horror a girl walks home alone at night 2014 english subtitles click here http t co 420oxjfhmw
-1	rt jisub_nim news sojisub invests in another movie a girl walks home alone at night the trailer sojisubfanatics welove https
-1	isn t a girl walks home alone at night supposed to be on netflix now
-1	couchpotato found 16 releases for a girl walks home alone at night before eta select and download via the dashboard
-1	news sojisub invests in another movie a girl walks home alone at night the trailer https t co n1qgerqyey ma che angoscia
-1	a girl walks home alone at night special collector s edition blu ray http t co vcogk2zby5
-1	rt jisub_nim news sojisub invests in another movie a girl walks home alone at night the trailer sojisubfanatics welove https
-1	a girl walks home alone at night
-1	rt jisub_nim news sojisub invests in another movie a girl walks home alone at night the trailer sojisubfanatics welove https
-1	news sojisub invests in another movie a girl walks home alone at night the trailer sojisubfanatics welove https t co 0nkbtl9y1a
-1	rt martinnls i m such a slut for fancy packaging and the kino release of a girl walks home alone at night is killer http t co dzl5yv6u
-1	i m such a slut for fancy packaging and the kino release of a girl walks home alone at night is killer http t co dzl5yv6u5a
-1	film recommended a girl walks home alone at night
-1	saw a girl walks home alone at night the other day highly recommended http t co 3r6aognwmn
-1	intrigued go watch a girl walks home alone at night trust me its amazing
-1	a girl walks home alone at night http t co mgogqnvhm8
-1	a girl walks home alone at night female twenty something vampire iranian nothing like twilight mustsee
-1	a girl walks home alone at night is one of the most beautiful films i ve seen in ages still chewing over its images
-1	a girl walks home alone at night her motto eat the rude brilliant iranian vampire film http t co vgw8yzymyg
-1	film review a girl walks home alone at night an iranian feminist vampire film recently added to netflix http t co 8qrbkb6aj4
-1	anyone want to come see a girl walks home alone at night with me at afi any night tho first choice is saturday http t co wkdrszlv1s
-1	rt derfreitag film der woche ana lily amirpour a girl walks home alone at night gt gt http t co m6k5qypjix
-1	rt headgeek666 a country s art is its soul it must be free that a girl walks home alone at night exists shows why peace is the only w
-1	a girl walks home alone at night kino lorber home video http t co mmruetzaw0
-1	film der woche ana lily amirpour a girl walks home alone at night gt gt http t co m6k5qypjix
-1	yarom bia a girl walks home alone at night soundtrack 12 http t co kvdvwtk4qu
-1	rt crashpalace horror review of a girl walks home alone at night http t co a5hgv2r6gs
-1	rt crashpalace horror review of a girl walks home alone at night http t co a5hgv2r6gs
-1	rt crashpalace horror review of a girl walks home alone at night http t co a5hgv2r6gs
-1	horror review of a girl walks home alone at night http t co a5hgv2r6gs
-1	rt headgeek666 the music for a girl walks home alone at night is so perfect with the images that i just want to applaud alone in the dark
-1	rt sunraycine last day to catch the lengths 2 45pm a girl walks home alone at night 4 45pm amp 7 00pm it follows 3 40pm 9 10pm http
-1	indie film a girl walks home alone at night 1001 schwarze nacht http t co jcqwpwz1vp
-1	rt sunraycine last day to catch the lengths 2 45pm a girl walks home alone at night 4 45pm amp 7 00pm it follows 3 40pm 9 10pm http
-1	last day to catch the lengths 2 45pm a girl walks home alone at night 4 45pm amp 7 00pm it follows 3 40pm 9 10pm http t co gquykotxv1
-1	rt crashpalace get your a girl walks home alone at night horror review from crash palace http t co a5hgv2r6gs
-1	united states 99 a girl walks home alone at night ana lily amirpour http t co 2yjfk9eeej movies itunes iphone apple
-1	a girl walks home alone at night ehems
-1	rt headgeek666 a country s art is its soul it must be free that a girl walks home alone at night exists shows why peace is the only w
-1	just caught a girl walks home alone at night beautiful film watch
-1	morningselections noveller no dreams various artists a girl walks home alone at night soundtrack
-1	filmtrailer a girl walks home alone at night http t co txhvgssjo9
-1	lyle vincent respect respect respect lylevincent vampire film http t co msseme4g3k http t co lpu0oijwle
-1	rt cinepl lyle vincent lylevincent a girl walks home alone at night dir ana lily amirpour lilyinapad lylevincent http t co
-1	rt headgeek666 a country s art is its soul it must be free that a girl walks home alone at night exists shows why peace is the only w
-1	rt headgeek666 the music for a girl walks home alone at night is so perfect with the images that i just want to applaud alone in the dark
-1	a girl walks home alone at night ost deathwaltz mondotees mondofan vinyl instavinyl vinyligclub https t co xd3kgoi885
-1	rt headgeek666 a country s art is its soul it must be free that a girl walks home alone at night exists shows why peace is the only w
-1	rt headgeek666 a country s art is its soul it must be free that a girl walks home alone at night exists shows why peace is the only w
-1	caricature fan art for the movie a girl walks home alone at night playing at the violet crown not at the http t co ejcem9esm3
-1	rt hindmezaina film screenings thespacead includes blancanieves and a girl walks home alone at night http t co kc56l4xzll
-1	film screenings thespacead includes blancanieves and a girl walks home alone at night http t co kc56l4xzll
-1	a girl walks home alone at night by ana lily amirpour film making women are still rare everywhere but an iranian http t co fyfbvytq8o
-1	rt headgeek666 a country s art is its soul it must be free that a girl walks home alone at night exists shows why peace is the only w
-1	rt headgeek666 a country s art is its soul it must be free that a girl walks home alone at night exists shows why peace is the only w
-1	rt headgeek666 a country s art is its soul it must be free that a girl walks home alone at night exists shows why peace is the only w
-1	rt headgeek666 a country s art is its soul it must be free that a girl walks home alone at night exists shows why peace is the only w
-1	rt headgeek666 a country s art is its soul it must be free that a girl walks home alone at night exists shows why peace is the only w
-1	rt headgeek666 a country s art is its soul it must be free that a girl walks home alone at night exists shows why peace is the only w
-1	rt headgeek666 a country s art is its soul it must be free that a girl walks home alone at night exists shows why peace is the only w
-1	rt headgeek666 a country s art is its soul it must be free that a girl walks home alone at night exists shows why peace is the only w
-1	rt headgeek666 a country s art is its soul it must be free that a girl walks home alone at night exists shows why peace is the only w
-1	rt crashpalace get your a girl walks home alone at night horror review from crash palace http t co a5hgv2r6gs
-1	rt headgeek666 a country s art is its soul it must be free that a girl walks home alone at night exists shows why peace is the only w
-1	rt headgeek666 a country s art is its soul it must be free that a girl walks home alone at night exists shows why peace is the only w
-1	rt headgeek666 a country s art is its soul it must be free that a girl walks home alone at night exists shows why peace is the only w
-1	rt headgeek666 a country s art is its soul it must be free that a girl walks home alone at night exists shows why peace is the only w
-1	rt cinepl lyle vincent lylevincent a girl walks home alone at night dir ana lily amirpour lilyinapad lylevincent http t co
-1	charibdys eccodino merumorimaru caitlike i think a girl walks home alone at night is still showing we could also just do a dvd
-1	ok so a girl walks home alone at night officially my fave movie of 2015 at this point highly doubt anything else i see could be better
-1	puzzledpeaces inkbotkowalski a girl walks home alone at night semi iranischer vampirwestern
-1	rt headgeek666 a country s art is its soul it must be free that a girl walks home alone at night exists shows why peace is the only w
-1	rt headgeek666 a country s art is its soul it must be free that a girl walks home alone at night exists shows why peace is the only w
-1	a country s art is its soul it must be free that a girl walks home alone at night exists shows why peace is the only way to more forward
-1	rt headgeek666 the music for a girl walks home alone at night is so perfect with the images that i just want to applaud alone in the dark
-1	rt headgeek666 the music for a girl walks home alone at night is so perfect with the images that i just want to applaud alone in the dark
-1	rt headgeek666 the music for a girl walks home alone at night is so perfect with the images that i just want to applaud alone in the dark
-1	rt headgeek666 the music for a girl walks home alone at night is so perfect with the images that i just want to applaud alone in the dark
-1	the music for a girl walks home alone at night is so perfect with the images that i just want to applaud alone in the dark i just did
-1	alright now to watch a girl walks home alone at night i swear i m not a stalker it s a movie https t co ww51tdh35n
-1	a girl walks home alone at night boy howdy did i love this one in beautiful black and white at the wonderful afisilver
-1	blu ray best sellers in romance 5 a girl walks home alone at night s http t co l1dgx2qw7b http t co znqthlgg7x
-1	a girl walks home alone at night you fellas better not get any ideas especially if she turns out https t co 7dtvp3jgle
-1	blu ray new releases in horror 4 a girl walks home alone at night s http t co l1dgx2qw7b http t co tls2dyhdby
-1	vampire movie excited nice break from drawing watching a girl walks home alone at night at violet crown cinema http t co oraqpyozf6
-1	a girl walks home alone at night eng subs http t co udojcub9fo
-1	watch a girl walks home alone at night http t co p2qwhkrf7r
-1	watching a girl walks home alone at night https t co t2ggjuuuly
-1	rt crashpalace get your a girl walks home alone at night horror review from crash palace http t co a5hgv2r6gs
-1	pre ordered a girl walks home alone at night sdtk when it comes to music it seems like whatever i wish for it materializes
-1	god damn the soundtrack for a girl walks home alone at night is so good
-1	rt geeksoulbrother graveyardsister lovelyzena also a girl walks home alone at night will be popping up friday on netflix heard it was
-1	rt doctoravenue a girl walks home alone at night if you only watch one iranian feminist vampire romantic horror western this year make
-1	a girl walks home alone at night by ana lily amirpour https t co pcp5lymgee http t co fof6lkdpbd
-1	a girl walks home alone at night if you only watch one iranian feminist vampire romantic horror western this year make it this one
-1	16th messiah of evil 17th love and terror 19th still tokyo tribe 20th a girl walks home alone at night 21st rosewater
-1	a girl walks home alone at night
-1	gah need film help i can only see 2 out of these 3 films in theatres white god girlhood amp a girl walks home alone at night which ones
-1	rt gpbmadeit very cool also now avail on itunes a girl walks home alone at night which i am excited to see https t co h0ryskgpml
-1	rt gpbmadeit very cool also now avail on itunes a girl walks home alone at night which i am excited to see https t co h0ryskgpml
-1	a girl walks home alone at night 2014 imdb http t co clnsfyt4ot
-1	film series a girl walks home alone at night http t co zlf8kxvtib
-1	tonight wednesday april 15 a girl walks home alone at night 8pm 5 https t co oxekgqpork
-1	nowwatching a girl walks home alone at night
-1	lyle vincent lylevincent a girl walks home alone at night dir ana lily amirpour lilyinapad lylevincent http t co 51bwhfy3oc
-1	death waltz will release on april 28th a girl walks home alone at night http t co a570amidfh http t co 2wo9itzlj2
-1	okuyun bu a girl walks home alone at night read the full story http t co ozjbeedkv3
-1	when is netflix going to add a girl walks home alone at night why did they remove regular show
-1	united states 94 a girl walks home alone at night ana lily amirpour http t co 2yjfk9eeej movies itunes iphone apple
-1	check out our movie review a girl walks home alone at night http t co 2x9yo2vnvs
-1	check out our movie review a girl walks home alone at night http t co 2x9yo2vnvs http t co lt41q9kws2
-1	graveyardsister lovelyzena also a girl walks home alone at night will be popping up friday on netflix heard it was interesting
-1	rt birdseyeviewff win tickets to our private preview screening of a girl walks home alone at night 20 04 themayfairhotel rt to win ht
-1	aha a girl walks home alone at night at the ica from 22nd may https t co 2bzydqpxgz
-1	blu ray best sellers in horror 9 a girl walks home alone at night s http t co l1dgx2qw7b http t co yruubo3qat
-1	rt kinolorber newyork midnightscreening of agirlwalkshome this sat night at ifccenter http t co pvskrhlfbi
-1	rt nhaliloglu a girl walks home alone at night daily sabah raniofcoochnahi my review is out http t co auqv2ayyya
-1	rt gpbmadeit very cool also now avail on itunes a girl walks home alone at night which i am excited to see https t co h0ryskgpml
-1	rt birdseyeviewff win tickets to our private preview screening of a girl walks home alone at night 20 04 themayfairhotel rt to win ht
-1	rt birdseyeviewff win tickets to our private preview screening of a girl walks home alone at night 20 04 themayfairhotel rt to win ht
-1	rt birdseyeviewff win tickets to our private preview screening of a girl walks home alone at night 20 04 themayfairhotel rt to win ht
-1	review a girl walks home alone at night ana lily amirpour http t co xxjr3ccdjw
-1	rt nhaliloglu a girl walks home alone at night daily sabah raniofcoochnahi my review is out http t co auqv2ayyya
-1	rt crashpalace get your a girl walks home alone at night horror review from crash palace http t co a5hgv2r6gs
-1	a girl walks home alone at night http t co ooiq9eqpil
-1	rt dailysabah a girl walks home alone at night ds feature http t co 8yqzgritxv http t co y7isqr9jq7
-1	rt birdseyeviewff win tickets to our private preview screening of a girl walks home alone at night 20 04 themayfairhotel rt to win ht
-1	rt dailysabah a girl walks home alone at night ds feature http t co 8yqzgritxv http t co y7isqr9jq7
-1	rt dailysabah a girl walks home alone at night ds feature http t co 8yqzgritxv http t co y7isqr9jq7
-1	a girl walks home alone at night daily sabah raniofcoochnahi my review is out http t co auqv2ayyya
-1	a girl walks home alone at night ds feature http t co 8yqzgritxv http t co y7isqr9jq7
-1	rt celikmehmet0 a girl walks home alone at night http t co pxcrlrpend nhaliloglu
-1	a girl walks home alone at night http t co pxcrlrpend nhaliloglu
-1	blu ray best sellers in foreign films 3 a girl walks home alone at night s http t co l1dgx2zlfd http t co uyzgigzgn5
-1	a girl walks home alone at night is one of the coolest and sexiest films i ve seen in a long time also i want to learn to speak farsi
-1	rt crashpalace get your a girl walks home alone at night horror review from crash palace http t co a5hgv2r6gs
-1	so i saw a girl walks home alone at night but i came in late i still really enjoyed it
-1	movieguyiguess then again they did put out a girl walks home alone at night so i m torn
-1	rt ramalvarub pairing lilyinapad s a girl walks home alone at night amp thedaveboyle s man from reno thenewparkway in oakland is best fo
-1	rt gpbmadeit very cool also now avail on itunes a girl walks home alone at night which i am excited to see https t co h0ryskgpml
-1	pairing lilyinapad s a girl walks home alone at night amp thedaveboyle s man from reno thenewparkway in oakland is best for business
-1	a girl walks home alone at night heading to dvd http t co 442l277aq6
-1	rt northwesthorror a sorority girl walks home alone at night collegemovies agirlwalkshomealoneatnight
-1	hoopangel007 i ll report back after we watch it should be interesting it s called a girl walks home alone at night
-1	a girl walks home alone at night ana lily amirpour 2014
-1	girl walks home alone at night was definitely worth seeing for the different type of story line kind of a homage to old film
-1	a girl walks home alone at night completely sold out bafici woodelijah http t co 7on61fe3fg
-1	rt castro_theatre tonight sink your teeth into a girl walks home alone at night 7 00 plus jim jarmusch s only lovers left alive 9 00
-1	after seeing a girl walks home alone at night i ve had death by white lies on continuous loop https t co gosx5kl5uk
-1	a girl walks home alone at night is a good movie
-1	rt crashpalace get your a girl walks home alone at night horror review from crash palace http t co a2astroecm
-1	get your a girl walks home alone at night horror review from crash palace http t co a5hgv2r6gs
-1	rt castro_theatre tonight sink your teeth into a girl walks home alone at night 7 00 plus jim jarmusch s only lovers left alive 9 00
-1	blu ray new releases in romance 4 a girl walks home alone at night s http t co l1dgx2qw7b http t co bpid1f6uhu
-1	tonight sink your teeth into a girl walks home alone at night 7 00 plus jim jarmusch s only lovers left alive 9 00
-1	loved every minute of lilyinapad s a girl walks home alone at night terrific soundtrack sublime b w photography sheila vand is hypnotic
-1	rt birdseyeviewff win tickets to our private preview screening of a girl walks home alone at night 20 04 themayfairhotel rt to win ht
-1	lauraehall a girl walks home alone at night
-1	hostias a girl walks home alone at night 2014 720p web dl
-1	rt spiveypoint some great new stuff on netflix this month nightcrawler the babadook a girl walks home alone at night apr 21 and um
-1	some great new stuff on netflix this month nightcrawler the babadook a girl walks home alone at night apr 21 and um wolfcop
-1	rt feminazgul there s lots of reasons you should see a girl walks home alone at night but the main one is feminist vampire on a skateboa
-1	mechamelissa i knoooow but i already spent plenty on a girl walks home alone at night vinyl and poster also yes that canada only grrr
-1	lt 3 minimal spoiler i erir a girl walks home alone at night breathtaking scene https t co 8kqphjr8la
-1	wonderful scene from a girl walks home alone at night https t co gdp4ue42av
-1	rt crashpalace is a girl walks home alone at night 2014 s best horror find out at crash palace http t co t7gr2yuirw
-1	rt crashpalace is a girl walks home alone at night 2014 s best horror find out at crash palace http t co t7gr2yuirw
-1	rt metonyv watching a girl walks home alone at night a beautifully original satisfyingly unsettling vampire flick courtesy director
-1	rt rumpelrex a girl walks home alone at night white lies https t co eaf6meajvr love death
-1	dvd review a girl walks home alone at night a girl walks home alone at night http t co 4ppwmjkqvx
-1	rt crashpalace is a girl walks home alone at night 2014 s best horror find out at crash palace http t co t7gr2yuirw
-1	dvd review a girl walks home alone at night http t co 3r0q7ygxxl
-1	is a girl walks home alone at night 2014 s best horror find out at crash palace http t co t7gr2yuirw
-1	dvd review a girl walks home alone at night a girl walks home alone at night http t co beizeqjqyl
-1	sup_tin believe their also getting a girl walks home alone at night which is an israeli american vampire movie
-1	rt dvdbeaver a girl walks home alone at night blu ray 1st persian vampire western kinolorber http t co ml5dis6dg9 http t co pb3cjri
-1	rt dvdbeaver a girl walks home alone at night blu ray 1st persian vampire western kinolorber http t co ml5dis6dg9 http t co pb3cjri
-1	rt dvdbeaver a girl walks home alone at night blu ray 1st persian vampire western kinolorber http t co ml5dis6dg9 http t co pb3cjri
-1	dvd review a girl walks home alone at night a girl walks home alone at night http t co tzh1tsziw3
-1	rt manyrhythms a girl walks home alone at night iranian vampire western film screening tonight w great soundtrack afisilver https
-1	dvd review a girl walks home alone at night a girl walks home alone at night http t co bvf7g7hqol
-1	rt dvdbeaver a girl walks home alone at night blu ray 1st persian vampire western kinolorber http t co ml5dis6dg9 http t co pb3cjri
-1	rt dvdbeaver a girl walks home alone at night blu ray 1st persian vampire western kinolorber http t co ml5dis6dg9 http t co pb3cjri
-1	a girl walks home alone at night blu ray 1st persian vampire western kinolorber http t co ml5dis6dg9 http t co pb3cjrifno
-1	http t co z71xb3prri a girl walks home alone at night an iranian horror movie http t co m4l5kcsr6q matthewespinosa
-1	brace for april 14th and 21st netflixsters the babadook and a girl walks home alone at night are coming to get you http t co cp9zutkakc
-1	dvd review a girl walks home alone at night a girl walks home alone at night http t co t4mihkyebz
-1	dvd review a girl walks home alone at night a girl walks home alone at night http t co pqw177omvv
-1	a girl walks home alone at night 2014 a girl walks home alone at night 2014 i m not a smart guy and http t co 6iyzwdwylv
-1	a girl walks home alone at night 2014 http t co vehrfkmlk7
-1	dvd review a girl walks home alone at night a girl walks home alone at night http t co i4llfzy7mz
-1	vou assistir a girl walks home alone at night porque parece legal
-1	rt gpbmadeit very cool also now avail on itunes a girl walks home alone at night which i am excited to see https t co h0ryskgpml
-1	rt gpbmadeit very cool also now avail on itunes a girl walks home alone at night which i am excited to see https t co h0ryskgpml
-1	a girl walks home alone at night vampire movie gets frodo s approval http t co zkvo4jsm5c http t co h6wrqyoaz0
-1	rt gpbmadeit very cool also now avail on itunes a girl walks home alone at night which i am excited to see https t co h0ryskgpml
-1	rt feminazgul there s lots of reasons you should see a girl walks home alone at night but the main one is feminist vampire on a skateboa
-1	rt karengillan a girl walks home alone at night was amazing and everyone needs to watch
-1	guys guys guys tell your boss i said it was okay to take the morning off to go watch a girl walks home alone at night you ll thank me
-1	rt gpbmadeit very cool also now avail on itunes a girl walks home alone at night which i am excited to see https t co h0ryskgpml
-1	rt birdseyeviewff win tickets to our private preview screening of a girl walks home alone at night 20 04 themayfairhotel rt to win ht
-1	rt feminazgul there s lots of reasons you should see a girl walks home alone at night but the main one is feminist vampire on a skateboa
-1	rt feminazgul there s lots of reasons you should see a girl walks home alone at night but the main one is feminist vampire on a skateboa
-1	rt feminazgul there s lots of reasons you should see a girl walks home alone at night but the main one is feminist vampire on a skateboa
-1	rt feminazgul there s lots of reasons you should see a girl walks home alone at night but the main one is feminist vampire on a skateboa
-1	there s lots of reasons you should see a girl walks home alone at night but the main one is feminist vampire on a skateboard
-1	rt gpbmadeit very cool also now avail on itunes a girl walks home alone at night which i am excited to see https t co h0ryskgpml
-1	rt gpbmadeit very cool also now avail on itunes a girl walks home alone at night which i am excited to see https t co h0ryskgpml
-1	rt gpbmadeit very cool also now avail on itunes a girl walks home alone at night which i am excited to see https t co h0ryskgpml
-1	rt gpbmadeit very cool also now avail on itunes a girl walks home alone at night which i am excited to see https t co h0ryskgpml
-1	rt gpbmadeit very cool also now avail on itunes a girl walks home alone at night which i am excited to see https t co h0ryskgpml
-1	very cool also now avail on itunes a girl walks home alone at night which i am excited to see https t co h0ryskgpml
-1	film review a girl walks home alone at night and the success of it as an iranian vampire western masterpiece http t co 8qrbkb6aj4
-1	i have so many movies to watch but i need subtitles like a girl who walks home alone at night and the way he looks at me
-1	clarisselou 2 of the best films i ve seen of late a girl walks home alone at night amp werckmeister harmonies have been described as such
-1	dvd new releases in foreign films 3 a girl walks home alone at night sheila vand other http t co 2obpjbffl1 http t co dzbvdug23q
-1	a girl walks home alone at night una nosferatu moderna http t co 35gegzwj6p
-1	a girl walks home alone at night http t co imslwqxued
-1	gran bel film a girl walks home alone at night di lilyinapad
-1	rt metonyv watching a girl walks home alone at night a beautifully original satisfyingly unsettling vampire flick courtesy director
-1	watching a girl walks home alone at night a beautifully original satisfyingly unsettling vampire flick courtesy director lilyinapad
-1	a sorority girl walks home alone at night collegemovies agirlwalkshomealoneatnight
-1	hd price drop a girl walks home alone at night for 9 99 prev 14 99 http t co jmjnv1ltln
-1	a girl walks home alone at night collegemovies midnight
-1	a girl walks home alone at night 2014 official trailer hd https t co skjfww7fz5 via youtube
-1	a girl walks home alone at night was totally worth being up to midnight on a weekday for
-1	rt feminazgul we loved a girl walks home alone at night it was just a visually stunning movie
-1	we loved a girl walks home alone at night it was just a visually stunning movie
-1	rt laurencbyrd14 as rptd by womennmedia the babadook available on netflix tomorrow a girl walks home alone at night on the 21st yay
-1	thehorrorclub i love night of the living dead amp let the right one in do you think i d enjoy a girl walks home alone at night
-1	peliculita a girl walks home alone at night http t co ozagkohhdo
-1	as rptd by womennmedia the babadook available on netflix tomorrow a girl walks home alone at night on the 21st yay lilyinapad
-1	rt birdseyeviewff win tickets to our private preview screening of a girl walks home alone at night 20 04 themayfairhotel rt to win ht
-1	couchpotato found 12 releases for a girl walks home alone at night before eta select and download via the dashboard
-1	cassidang the overnighters a girl walks home alone at night which is an iranian vampire movie n it s gonna kick ass amp bc 15th anniversary
-1	the sky of the centaur no hay citizenfour no hay the follows no hay a girl walks home alone at night no hay la boluda que colgo
-1	rt afisilver today thru wed a girl walks home alone at night 9 30 an iranian bloodsucker romance set to spaghetti western music ew s
-1	rt afisilver today thru wed a girl walks home alone at night 9 30 an iranian bloodsucker romance set to spaghetti western music ew s
-1	a girl walks home alone at night iranian vampire western film screening tonight w great soundtrack afisilver https t co pi0njaexkd
-1	rt birdseyeviewff win tickets to our private preview screening of a girl walks home alone at night 20 04 themayfairhotel rt to win ht
-1	rt birdseyeviewff win tickets to our private preview screening of a girl walks home alone at night 20 04 themayfairhotel rt to win ht
-1	rt ed_travis i love everything about a girl walks home alone at night everything gonna be evangelizing about this one don t miss it
-1	rt afisilver today thru wed a girl walks home alone at night 9 30 an iranian bloodsucker romance set to spaghetti western music ew s
-1	rt ed_travis i love everything about a girl walks home alone at night everything gonna be evangelizing about this one don t miss it
-1	rt birdseyeviewff win tickets to our private preview screening of a girl walks home alone at night 20 04 themayfairhotel rt to win ht
-1	rt birdseyeviewff win tickets to our private preview screening of a girl walks home alone at night 20 04 themayfairhotel rt to win ht
-1	a girl walks home alone at night harika film
-1	even though i had to watch it for a class i really liked a girl walks home alone at night best iranian noir vampire western i ve seen
-1	go movie http t co gmbthjtxmd a girl walks home alone at night 2014 http t co tzekjngxzr
-1	rt birdseyeviewff win tickets to our private preview screening of a girl walks home alone at night 20 04 themayfairhotel rt to win ht
-1	i love everything about a girl walks home alone at night everything gonna be evangelizing about this one don t miss it
-1	i am so excited for a girl walks home alone at night
-1	rt afisilver today thru wed a girl walks home alone at night 9 30 an iranian bloodsucker romance set to spaghetti western music ew s
-1	today thru wed a girl walks home alone at night 9 30 an iranian bloodsucker romance set to spaghetti western music ew s chrisnashawaty
-1	a girl walks home alone at night breathtaking scene http t co yoxjkjrb57
-1	vanavond naar voorpremiere a girl walks home alone at night vampire iran http t co cbfsilhxnp
-1	rt crashpalace get your horror review of a girl walks home alone at night at crash palace http t co a5hgv2r6gs
-1	rt crashpalace get your horror review of a girl walks home alone at night at crash palace http t co a5hgv2r6gs
-1	get your horror review of a girl walks home alone at night at crash palace http t co a5hgv2r6gs
-1	rt birdseyeviewff win tickets to our private preview screening of a girl walks home alone at night 20 04 themayfairhotel rt to win ht
-1	rt cultjer review girl walks home alone at night ana lily amirpour delivers a striking piece of cinema http t co 1lirojc4ot http t
-1	rt cultjer review girl walks home alone at night ana lily amirpour delivers a striking piece of cinema http t co 1lirojc4ot http t
-1	film du soir a girl walks home alone at night ana lily amirpour enfin l occasion de le regarder http t co xjros9mp9r
-1	rt crashpalace crash analysis a girl walks home alone at night 2014 crash palace productions http t co a5hgv2r6gs indiefilm horr
-1	rt sunraycine a girl walks home alone at night is a delectable atmospheric creation a lush dreamscape that we fall into http t c
-1	review girl walks home alone at night ana lily amirpour delivers a striking piece of cinema http t co 1lirojc4ot http t co 1gyigm9fxp
-1	rt birdseyeviewff win tickets to our private preview screening of a girl walks home alone at night 20 04 themayfairhotel rt to win ht
-1	rt birdseyeviewff win tickets to our private preview screening of a girl walks home alone at night 20 04 themayfairhotel rt to win ht
-1	rt birdseyeviewff win tickets to our private preview screening of a girl walks home alone at night 20 04 themayfairhotel rt to win ht
-1	rt sunraycine a girl walks home alone at night is a delectable atmospheric creation a lush dreamscape that we fall into http t c
-1	rt birdseyeviewff win tickets to our private preview screening of a girl walks home alone at night 20 04 themayfairhotel rt to win ht
-1	a girl walks home alone at night is a delectable atmospheric creation a lush dreamscape that we fall into http t co pdqc9bqbyq
-1	when i go home i m going to sit on my roof draw amp paint my andy warhol inspired portraits and watch a girl walks home alone at night
-1	my review for a girl walks home alone at night aka my love letter to lilyinapad http t co x2l5h7hrii
-1	rt birdseyeviewff win tickets to our private preview screening of a girl walks home alone at night 20 04 themayfairhotel rt to win ht
-1	rt birdseyeviewff win tickets to our private preview screening of a girl walks home alone at night 20 04 themayfairhotel rt to win ht
-1	rt birdseyeviewff win tickets to our private preview screening of a girl walks home alone at night 20 04 themayfairhotel rt to win ht
-1	a girl walks home alone at night vampire movie gets frodo s approval http t co zkvo4jsm5c http t co 1vcp0i1tyd
-1	rt birdseyeviewff win tickets to our private preview screening of a girl walks home alone at night 20 04 themayfairhotel rt to win ht
-1	rt birdseyeviewff win tickets to our private preview screening of a girl walks home alone at night 20 04 themayfairhotel rt to win ht
-1	a girl walks home alone at night posters http t co hus1tyvgzs poster posters posterart horror horrormovie vampire sheilavand
-1	rt birdseyeviewff win tickets to our private preview screening of a girl walks home alone at night 20 04 themayfairhotel rt to win ht
-1	rt birdseyeviewff win tickets to our private preview screening of a girl walks home alone at night 20 04 themayfairhotel rt to win ht
-1	rt birdseyeviewff win tickets to our private preview screening of a girl walks home alone at night 20 04 themayfairhotel rt to win ht
-1	rt birdseyeviewff win tickets to our private preview screening of a girl walks home alone at night 20 04 themayfairhotel rt to win ht
-1	a girl walks home alone at night 2014 http t co bbmo8tkdkz
-1	rt birdseyeviewff win tickets to our private preview screening of a girl walks home alone at night 20 04 themayfairhotel rt to win ht
-1	rt womennmedia happy april netflix streams lilyinapad s a girl walks home alone at night and babadookmovie get your scare on
-1	rt birdseyeviewff win tickets to our private preview screening of a girl walks home alone at night 20 04 themayfairhotel rt to win ht
-1	rt birdseyeviewff win tickets to our private preview screening of a girl walks home alone at night 20 04 themayfairhotel rt to win ht
-1	rt birdseyeviewff win tickets to our private preview screening of a girl walks home alone at night 20 04 themayfairhotel rt to win ht
-1	rt birdseyeviewff win tickets to our private preview screening of a girl walks home alone at night 20 04 themayfairhotel rt to win ht
-1	rt birdseyeviewff win tickets to our private preview screening of a girl walks home alone at night 20 04 themayfairhotel rt to win ht
-1	fantasy filmfest nights a girl walks home alone at night http t co 5ermnlznp1 agirlwalkshomealoneatnight fantasyfilmfest
-1	rt birdseyeviewff win tickets to our private preview screening of a girl walks home alone at night 20 04 themayfairhotel rt to win ht
-1	rt birdseyeviewff win tickets to our private preview screening of a girl walks home alone at night 20 04 themayfairhotel rt to win ht
-1	rt birdseyeviewff win tickets to our private preview screening of a girl walks home alone at night 20 04 themayfairhotel rt to win ht
-1	rt birdseyeviewff win tickets to our private preview screening of a girl walks home alone at night 20 04 themayfairhotel rt to win ht
-1	rt birdseyeviewff win tickets to our private preview screening of a girl walks home alone at night 20 04 themayfairhotel rt to win ht
-1	rt birdseyeviewff win tickets to our private preview screening of a girl walks home alone at night 20 04 themayfairhotel rt to win ht
-1	rt birdseyeviewff win tickets to our private preview screening of a girl walks home alone at night 20 04 themayfairhotel rt to win ht
-1	rt birdseyeviewff win tickets to our private preview screening of a girl walks home alone at night 20 04 themayfairhotel rt to win ht
-1	rt birdseyeviewff win tickets to our private preview screening of a girl walks home alone at night 20 04 themayfairhotel rt to win ht
-1	rt birdseyeviewff win tickets to our private preview screening of a girl walks home alone at night 20 04 themayfairhotel rt to win ht
-1	rt birdseyeviewff win tickets to our private preview screening of a girl walks home alone at night 20 04 themayfairhotel rt to win ht
-1	rt birdseyeviewff win tickets to our private preview screening of a girl walks home alone at night 20 04 themayfairhotel rt to win ht
-1	rt birdseyeviewff win tickets to our private preview screening of a girl walks home alone at night 20 04 themayfairhotel rt to win ht
-1	rt birdseyeviewff win tickets to our private preview screening of a girl walks home alone at night 20 04 themayfairhotel rt to win ht
-1	rt birdseyeviewff win tickets to our private preview screening of a girl walks home alone at night 20 04 themayfairhotel rt to win ht
-1	rt birdseyeviewff win tickets to our private preview screening of a girl walks home alone at night 20 04 themayfairhotel rt to win ht
-1	rt birdseyeviewff win tickets to our private preview screening of a girl walks home alone at night 20 04 themayfairhotel rt to win ht
-1	rt birdseyeviewff win tickets to our private preview screening of a girl walks home alone at night 20 04 themayfairhotel rt to win ht
-1	win tickets to our private preview screening of a girl walks home alone at night 20 04 themayfairhotel rt to win http t co fzmhorotp7
-1	a girl walks home alone at night http t co zm8qfufask
-1	waiting for my dvd of a girl walks home alone at night like http t co c7pt9uuf9l
-1	ngeri ngeri sweeti a girl walks home alone at night https t co vl53n5oyoj
-1	a girl walks home alone at night posters http t co vvwvtcdnxl poster posters posterart horror horrormovie vampire sheilavand
-1	the babadook and a girl walks home alone at night are both coming to netflix soon yes yes yes
-1	i m only 1 2 through a girl walks home alone at night and i should go to bed but so far i dig literally everything iranianvampirewestern
-1	rt womennmedia happy april netflix streams lilyinapad s a girl walks home alone at night and babadookmovie get your scare on
-1	rt womennmedia happy april netflix streams lilyinapad s a girl walks home alone at night and babadookmovie get your scare on
-1	rt womennmedia happy april netflix streams lilyinapad s a girl walks home alone at night and babadookmovie get your scare on
-1	rt womennmedia happy april netflix streams lilyinapad s a girl walks home alone at night and babadookmovie get your scare on
-1	rt womennmedia happy april netflix streams lilyinapad s a girl walks home alone at night and babadookmovie get your scare on
-1	a girl walks home alone at night an emotive mix of genres http t co kpzsd9yg08
-1	necesito ver a girl walks home alone at night tengo mis colmillitos afilados
-1	happy april netflix streams lilyinapad s a girl walks home alone at night and babadookmovie get your scare on
-1	everyone who kept telling me i d love a girl walks home alone at night was totally right should ve seen it sooner
-1	i still have to watch a girl walks home alone at night too
-1	a girl walks home alone at night was the most romantic movie i ve seen in a while still swooning over arash marandi vampirewestern
-1	rt lilitaylor a girl who walks home alone at night is a mesmerizing sensual cinematically thrilling film it s playing right now see
-1	a girl walks home alone at night posters http t co hus1tyvgzs poster posters posterart horror horrormovie vampire sheilavand
-1	rt karengillan a girl walks home alone at night was amazing and everyone needs to watch
-1	a girl walks home alone at night review a girl walks home alone at https t co biooefiyfo via youtube
-1	christoph_elena nowhere boy love and basketball friends with kids unrelated away from her a girl walks home alone at night
-1	flix a girl walks home alone at night trailer http t co chrcuciw4r
-1	rt crashpalace is a girl walks home alone at night 2014 s best horror find out right now at crash palace http t co a5hgv2r6gs indief
-1	is a girl walks home alone at night 2014 s best horror find out right now at crash palace http t co a5hgv2r6gs indiefilm
-1	rt crashpalace a girl walks home alone at night the crash palace review http t co 0abzbudxgl horror indiefilm
-1	urgh correcting myself it s called a girl walks home alone at night doh
-1	rt crashpalace a girl walks home alone at night the crash palace review http t co 0abzbudxgl horror indiefilm
-1	rt karengillan a girl walks home alone at night was amazing and everyone needs to watch
-1	a girl walks home alone at night the crash palace review http t co 0abzbudxgl horror indiefilm
-1	photo 1vianse a girl walks home alone at night 2014 http t co p31umx9usd http t co xe5j7wjsdg
-1	rt kinolorber newyork midnightscreening of agirlwalkshome this sat night at ifccenter http t co pvskrhlfbi
-1	vccinema a girl walks home alone at night will it play next weekend
-1	a girl walks home alone at night 8 10
-1	cinetrailer girl walks home alone at night a http t co 84txwuzdaa via cinetrailer_de kino
-1	blogged a girl walks home alone at night http t co spf14vymmd
-1	toddmccarthy only lovers left alive or a girl walks home alone at night
-1	rt crashpalace a girl walks home alone at night crash palace reviews 2014 s best horror http t co a5hgv2r6gs indiefilm
-1	dvd new releases in horror 9 a girl walks home alone at night sheila vand other http t co 2obpjbffl1 http t co h2vquerqso
-1	two of my favourite vampire movies 1 only lovers left alive 2 a girl walks home alone at night
-1	rt crashpalace a girl walks home alone at night crash palace reviews 2014 s best horror http t co a5hgv2r6gs indiefilm
-1	rt crashpalace a girl walks home alone at night crash palace reviews 2014 s best horror http t co a5hgv2r6gs indiefilm
-1	a girl walks home alone at night crash palace reviews 2014 s best horror http t co a5hgv2r6gs indiefilm
-1	em tvd toca death do white lies agora em a girl walks home alone at night lt 3
-1	a girl walks home alone at night was such a beautiful film one of the best movies i ve ever seen so original so beautiful
-1	rt horrorhoneys this week in the scarehouse a girl walks home alone at night found amp enter nowhere https t co kwijdvfygf http t co
-1	rt horrorhoneys this week in the scarehouse a girl walks home alone at night found amp enter nowhere https t co kwijdvfygf http t co
-1	rt horrorhoneys this week in the scarehouse a girl walks home alone at night found amp enter nowhere https t co kwijdvfygf http t co
-1	when will i be able to watch a girl walks home alone at night aka when will i be able to finally truly live
-1	i m at violet crown cinema vccinema for a girl walks home alone at night in austin tx https t co 4euqxlbajl
-1	rt horrorhoneys this week in the scarehouse a girl walks home alone at night found amp enter nowhere https t co kwijdvfygf http t co
-1	rt horrorhoneys this week in the scarehouse a girl walks home alone at night found amp enter nowhere https t co kwijdvfygf http t co
-1	this week in the scarehouse a girl walks home alone at night found amp enter nowhere https t co kwijdvfygf http t co 0hmgq4mxwp
-1	a girl walks home alone at night ransinemas http t co wfhwlpbcmr
-1	highmadameshmoo oh ps im adding a girl walks home alone at night to the dropbox might add some other movies for you cause i love ya
-1	rt alphachar three excellent vampire films i have seen this year what we do in the shadows a girl walks home alone at night only l
-1	a girl walks home alone at night 2014 http t co trkexz05t9 classic horror
-1	a girl walks home alone at night gt gt gt zenith of cinematic achievement gt gt it s saturday gt go watch it now
-1	rt karengillan a girl walks home alone at night was amazing and everyone needs to watch
-1	a girl walks home alone at night oldum
-1	searching the google play movies for a girl walks home alone at night might try the third suggestion instead http t co zjzyycg49l
-1	not just me being a crazy cat lady the cat actor in a girl walks home alone at night is fabulous
-1	rt gvilleshows sat 4 11 15 a girl walks home alone at night amp what we do in the shadows the wooly 8 00pm 8 thewoolygvl http t co
-1	a girl walks home alone at night de ana lily amirpour http t co ugvawaoqun
-1	check out my review of a little vampire film called a girl walks home alone at night it s available on itunes http t co yzlpusgjxo
-1	rt karengillan a girl walks home alone at night was amazing and everyone needs to watch
-1	rt karengillan a girl walks home alone at night was amazing and everyone needs to watch
-1	film iran ini keren a girl walks home alone at night
-1	a girl walks home alone at night film calendar the austin chronicle http t co zjuiesprwr
-1	the babadook a girl walks home alone at night and er leprechaun come to netflix in april http t co dtm0s06nqf via browbeat
-1	a girl walks home alone at night is v good you should all watch it
-1	0762015 a girl walks home alone at night https t co tduj0utmiz
-1	a girl walks home alone at night an emotive mix of genres http t co yf1fny9jnw by thecherokeeelf
-1	iranian new wave hope this becomes a thing a girl walks home alone at night 1st ever iranian vampire film http t co iu1qtxjjaq
-1	a girl walks home alone at night was an absolutely beautiful film i cannot wait to see the bad batch lilyinapad http t co tk6wgkprje
-1	a girl walks home alone at night https t co yairgwkfjm
-1	i can t wait much longer to see a girl walks home alone at night cinema horror indie agirlwalkshomealoneatnight femalefilmmakers art
-1	rt crashpalace now on my all time greatest horror list a girl walks home alone at night http t co a5hgv2r6gs agirlwalkshome http
-1	rt horroryearbook a girl walks home alone at night special collector s edition blu ray http t co 7voo0jr7mz http t co xpabioq8kz
-1	17biacked you should watch a girl walks home alone at night if you haven t already
-1	sat 4 11 15 a girl walks home alone at night amp what we do in the shadows the wooly 8 00pm 8 thewoolygvl http t co 6huw2uelu2
-1	rt filmtitlescreen a girl walks home alone at night 2014 director lilyinapad vice kinolorber sheilayvand woodelijah http t co
-1	rt zeldawilliams spring and a girl walks home alone at night are two of my new genre bending favorites here s the trailer https
-1	wele a girl walks home alone at night with abdul aziz dimas and faisal at ruang hidup https t co 53x9hnwuuc
-1	blu ray new releases in foreign films 1 a girl walks home alone at night s http t co l1dgx2qw7b http t co ipvd53kljm
-1	a girl walks home alone at night amazing film agirlwalkshomealoneatnight babylon berlin film https t co inmkes4ovj
-1	good movie http t co q5rmk6jynu a girl walks home alone at night http t co swfqgpgc19
-1	rt austinchronicle film review the world s first iranian feminist vampire spaghetti western agirlwalkshome http t co nluxfdygwg ht
-1	rt austinchronicle film review the world s first iranian feminist vampire spaghetti western agirlwalkshome http t co nluxfdygwg ht
-1	rt kinolorber newyork midnightscreening of agirlwalkshome this sat night at ifccenter http t co pvskrhlfbi
-1	rt kinolorber midnightscreening of agirlwalkshome this sat 4 11 at ifccenter http t co pvskrhlfbi vampires newyork film
-1	rt austinchronicle film review the world s first iranian feminist vampire spaghetti western agirlwalkshome http t co nluxfdygwg ht
-1	rt jeff_hardies chris_stuckmann did you ever get a chance to see a girl walks home alone at night if so thoughts really curious about
-1	a girl walks home alone at night was really good i enjoyed it a lot and the slight little cute love story at the end
-1	a girl walks home alone at night is a good movie
-1	a girl walks home alone at night
-1	a girl walks home alone at night is seriously amazing i highly suggest you all watch it
-1	kimzuluaga a girl walks home alone at night es buena
-1	rt fullbright oh man portlanders a girl walks home alone at night is at the laurelhurst amp livingroompdx now and it is a fucking amazi
-1	rt crashpalace crash analysis a girl walks home alone at night 2014 crash palace productions http t co a5hgv2r6gs indiefilm horr
-1	fullbright i hope so i did the same thing when a girl walks home alone at night was playing nearby excited it s coming to netflix
-1	a girl walks home alone at night movie reviews http t co vshvdn9uly movies reviews films
-1	rt fullbright a girl walks home alone at night is my moty and will likely remain that way go to see it
-1	a girl walks home alone at night is my moty and will likely remain that way go to see it
-1	rt fullbright oh man portlanders a girl walks home alone at night is at the laurelhurst amp livingroompdx now and it is a fucking amazi
-1	oh man portlanders a girl walks home alone at night is at the laurelhurst amp livingroompdx now and it is a fucking amazing movie see it
-1	a girl who walks home alone at night violet crown cinema vccinema for a girl walks home alone at night https t co lrpas0wda1
-1	rt karengillan a girl walks home alone at night was amazing and everyone needs to watch
-1	excellent work by dp lylevincent on the iranian vice vampire feature a girl walks home alone at night http t co asfose204y
-1	a girl walks home alone at night 2014 style over substance makes for an unsatisfying sleeper despite great acting amp enviable dance skills
-1	okay let me finally watch a girl walks home alone at night
-1	a girl walks home alone at night screens at gcff15 today and my review is up at artshub http t co 4ea6rhlcij
-1	photoset blushm a girl walks home alone at night ana lily amirpour 2014 http t co gs9lglo1vf
-1	blu ray best sellers in romance 9 a girl walks home alone at night s http t co l1dgx2qw7b http t co tlluukgfub
-1	chris_stuckmann did you ever get a chance to see a girl walks home alone at night if so thoughts really curious about it
-1	rt filmtitlescreen a girl walks home alone at night 2014 director lilyinapad vice kinolorber sheilayvand woodelijah http t co
-1	a girl walks home alone at night http t co zsksjzy5ge
-1	excited to finally watch lilyinapad s a girl walks home alone at night 2014 http t co 6rx0wxy9nr
-1	we re talking movies on reel to reel on cfcrsaskatoon at 6 30 furious 7 a girl walks home alone at night kumiko and more tune in
-1	this image is from a sweetass movie called a girl walks home alone at night watch that film when u get a chance http t co bo4d438ngf
-1	rt pozuelen se citan muchas fuentes de las que bebe a girl walks home alone at night pero me falta una die antwoord
-1	se citan muchas fuentes de las que bebe a girl walks home alone at night pero me falta una die antwoord
-1	rt soysauuce a girl walks home alone at night ana lily amirpour 2014 http t co vi27fbf9dk
-1	rt horroryearbook a girl walks home alone at night special collector s edition blu ray http t co 7voo0jr7mz http t co xpabioq8kz
-1	a girl walks home alone at night special collector s edition blu ray http t co 7voo0jr7mz http t co xpabioq8kz
-1	rt crashpalace crash analysis a girl walks home alone at night 2014 crash palace productions http t co a5hgv2r6gs indiefilm horr
-1	inertia in a girl walks home alone at night 2014 http t co qvm5n7fusf
-1	the girl from a girl walks home alone at night lowkey looks like burekprincess from some angles
-1	rt zeldawilliams spring and a girl walks home alone at night are two of my new genre bending favorites here s the trailer https
-1	rt zeldawilliams spring and a girl walks home alone at night are two of my new genre bending favorites here s the trailer https
-1	rt austinchronicle film review the world s first iranian feminist vampire spaghetti western agirlwalkshome http t co nluxfdygwg ht
-1	a girl walks home alone at night is one of the best films i ve seen this year the b amp w look killer sound perfect soundtrack so damn good
-1	film review the world s first iranian feminist vampire spaghetti western agirlwalkshome http t co nluxfdygwg http t co qp2cksay37
-1	iran vampire flick a girl walks home alone at night agirlwalkshome is a spooky moody doozy http t co gjyt3ukudm http t co irl79wkrs3
-1	rt theapollocinema behind the scenes of a girl walks home alone at night playing next week http t co a0aymktpru dtkitchener kwaweso
-1	rt karengillan a girl walks home alone at night was amazing and everyone needs to watch
-1	behind the scenes of a girl walks home alone at night part 1 https t co opmfqwqd1s
-1	rt kinolorber midnightscreening of agirlwalkshome this sat 4 11 at ifccenter http t co pvskrhlfbi vampires newyork film
-1	midnightscreening of agirlwalkshome this sat 4 11 at ifccenter http t co pvskrhlfbi vampires newyork film
-1	a girl walks home alone at night 2014 director lilyinapad vice kinolorber sheilayvand woodelijah http t co ycqb6xvrjp
-1	a girl walks home alone at night http t co qj3lml2ygs
-1	rt theapollocinema behind the scenes of a girl walks home alone at night playing next week http t co a0aymktpru dtkitchener kwaweso
-1	a girl walks home alone at night is a brilliant edgy feminist horror film with a vampire romance twist 9 10 http t co nvqq1rohmh
-1	rt abeerfartloud i m watching a girl walks home alone at night and its a really pretty film i love iran fuck you
-1	rt crashpalace now on my all time greatest horror list a girl walks home alone at night http t co a5hgv2r6gs agirlwalkshome http
-1	nowwatching a girl walks home alone at night
-1	i m watching a girl walks home alone at night and its a really pretty film i love iran fuck you
-1	a girl walks home alone at night soundtrack so clutch cc timknndy cypress_real engramw https t co ci9rojewtk
-1	randall king winnipegnews calls a girl walks home alone at night dark and delicious http t co gln0zkwh0h
-1	a girl walks home alone at night
-1	rt theapollocinema behind the scenes of a girl walks home alone at night playing next week http t co a0aymktpru dtkitchener kwaweso
-1	rt sunraycine showtimes april 10th thru april 16th a girl walks home alone at night you won t see many movies as cool and http t c
-1	a girl walks home alone at night 2014 hd 720p http t co 41hwgxfqxj seyret izle film dizi filmler diziler http t co ie3cpiqiro
-1	rt theapollocinema behind the scenes of a girl walks home alone at night playing next week http t co a0aymktpru dtkitchener kwaweso
-1	h 3 un cenah a girl walks home alone at night https t co qbvwp2igb0
-1	behind the scenes of a girl walks home alone at night playing next week http t co a0aymktpru dtkitchener kwawesome
-1	skfilmfest brings the triple feature tonight a girl walks home alone late phase and rec4 spend the night at the only theatre you own
-1	saw a girl walks home alone at night pretty cool arty vampire flick it s playing at bwaytheatre tonight brought to you by skfilmfest
-1	rt sunraycine showtimes april 10th thru april 16th a girl walks home alone at night you won t see many movies as cool and http t c
-1	showtimes april 10th thru april 16th a girl walks home alone at night you won t see many movies as cool and http t co e3mdtywvjq
-1	a girl walks home alone at night latest in stylish horror films review by randall king via winnipegnews http t co sdq958vxbq
-1	atx a girl walks home alone at night plays at violetcrownatx this weekend my review http t co cizexpyid6 http t co 5x6zaekjxk
-1	rt bbfc a girl walks home alone at night 15 drug use strong violence sex http t co hmaglikmgx
-1	a girl walks home alone at night finally delivers what i wanted from nadja for better and worse i was 17
-1	film a girl walks home alone at night the world s first iranian feminist vampire spaghetti http t co rcmbc24l4x austinchronicle
-1	rt lenews_ch film review a girl walks home alone at night http t co smvloxpovy
-1	stunning a girl walks home alone at night deathwaltzrecs mondonews vinyl soundtrack http t co 1sbysosrt0
-1	nw a girl walks home alone at night
-1	unpredictable a girl walks home alone at night with evelyn and mybelovedmom https t co 8grg25dcce
-1	i liked a youtube video http t co dcdx88ztj5 a girl walks home alone at night official trailer
-1	rt crashpalace crash analysis a girl walks home alone at night 2014 crash palace productions http t co a5hgv2r6gs indiefilm horr
-1	rt kamangir a girl walks home alone at night 2014 http t co m1d6csoyza
-1	a girl walks home alone at night 2014 http t co m1d6csoyza
-1	der babadook und a girl walks home alone at night ab ende august als blu ray dvd kombi im mediabook http t co 5rfbqknbsg
-1	der babadook und a girl walks home alone at night ab ende august als blu ray dvd kombi im mediabook http t co 5rfbql4mjo
-1	a girl walks home alone at night weird cool beautiful cinematography excellent music great acting more experience than story though
-1	blu ray best sellers in foreign films 2 a girl walks home alone at night s http t co l1dgx2qw7b http t co azue1a9cle
-1	a girl walks home alone at night 2014
-1	film a girl walks home alone at night http t co du9hyybc5p
-1	watching a girl walks home alone at night like yasss bitch fuck it up
-1	talking to the star and director of a girl walks home alone at night https t co gyw5cgx2tn via youtube
-1	a girl walks home alone at night is awesome conceptually visually and musically it is brilliant i loved it
-1	__tarafirma i still need to see it a girl walks home alone at night what we do in the shadows several others slacking this year smh
-1	a girl walks home alone at night is a damn good iranian vampire western i recommend it to those https t co g0u3xzez0s
-1	i finally found a link for a girl walks home alone at night and i m so happy
-1	a girl walks home alone at night 2014 official trailer hd this iranian film o wow http t co kfsimqynr7
-1	a girl walks home alone at night es vampire western y the bad batch va a ser dystopian love story neta que pinche directora es la verga
-1	cactus_mouth hmm a girl walks home alone at night under the skin and of course the guest are probs top 3 you
-1	a girl walks home alone at night was so freaking weird 10 10 would watch again
-1	a girl walks home alone at night
-1	a girl walks home alone at night http t co 31em7ztmto
-1	a girl walks home alone at night http t co cjfyzkskmf
-1	a girl walks home alone at night http t co 1i586n2t3e
-1	rt crashpalace crash analysis a girl walks home alone at night 2014 crash palace productions http t co a5hgv2r6gs indiefilm horr
