-1	rt booknerdfession the music in his laughter had a way of rounding off the missing notes in her soul gloria naylor linden hills
-1	gloria s latin cuisine on yelp glass waterfall behind the bar and empty plate in front of me http t co cvjgljshhc
-1	practice went good today i actually have hope in the team
-1	gloriaestefan gloria my hun said he would luv to hear ya do a rendition of lady gaga s poker face amp a version in espanol david beltran
-1	shout out to shaun for the help
-1	shake a shakey shaky what the ho nk
-1	ugh jeez
-1	sam deserves the world tbh
-1	ppl will forever make excuses as to why they lost a 1 on 1 fight they be like i was high drunk mom don t love me i tripped on air
-1	gloria call ad s
-1	sabelle tallano shared a link on rappler 19 hrs let president gloria arroyo return the 420billion us dollars http t co komtopsqi3
-1	and thanks for calling me a potato in social media
-1	rt dory this dude casually swimming with a lion http t co xic2hc3mau
-1	dinner time gloria s latin cuisine on yelp http t co zxxzwnrfng
-1	rt booknerdfession the music in his laughter had a way of rounding off the missing notes in her soul gloria naylor linden hills
-1	rt bostonglobe bostonglobemag ten changes to your daily habits that can have huge benefits to the planet http t co etptxmjbgo http
-1	you are listening to gloria laura branigan
-1	drspinek yeah gloria told me i m definitely down to play
-1	rt lopez_jewell downgrading at it s finest
-1	nwsseveretstorm severe thunderstorm warning including el sauz tx la gloria tx until 10 45 pm cdt http t co zk66qcnage
-1	rt booknerdfession the music in his laughter had a way of rounding off the missing notes in her soul gloria naylor linden hills
-1	dont instigate a fight if you dont want to be in beef
-1	rt booknerdfession the music in his laughter had a way of rounding off the missing notes in her soul gloria naylor linden hills
-1	rt aboutree lilteeeeee gloria the hippo from madagascar looking ass
-1	new post edi gloria optimistis tembus final china masters 2015 http t co r7no4thq0s
-1	rt booknerdfession the music in his laughter had a way of rounding off the missing notes in her soul gloria naylor linden hills
-1	a day to remember es la gloria
-1	without discover what else am i gonna do on twitter
-1	lilteeeeee gloria the hippo from madagascar looking ass
-1	dreaming after all is a form of planning gloria steinem projectmanagement
-1	people r heartless now a days like how you gonna stand there and watch someone get jumped it dont matter if u dont fuck with them just help
-1	a pedestal is as much a prison as any small confined space gloria steinem quote
-1	rt cuteemergency better put me down unless u tryna buy some insurance http t co tftic58br5
-1	rt booknerdfession the music in his laughter had a way of rounding off the missing notes in her soul gloria naylor linden hills
-1	rt women_of_christ where god guides he provides
-1	i dont like violence but dont pop off on me
-1	rt booknerdfession the music in his laughter had a way of rounding off the missing notes in her soul gloria naylor linden hills
-1	salvadoran cuisine night gloria s cafe on yelp http t co 3hy57omsvk
-1	rt booknerdfession the music in his laughter had a way of rounding off the missing notes in her soul gloria naylor linden hills
-1	i had to throw your court date in with gloria allred
-1	ahorasuena gloria estefan wepa official music video lamaspotentedeleste
-1	gloriaestefan destiny by gloria estefan cd 1996 sony music distribution http t co nlmib2nprf music fashion http t co e6nrbvblzz
-1	1802 gloria vanderbilt amanda women jeans size 8 p http t co rfhslhmt5z http t co zu1jrlg8at
-1	a fight aint entertaining untill someone ends up on the floor
-1	nwsseveretstorm severe thunderstorm warning including el sauz tx la gloria tx until 10 45 pm cdt http t co xmudfucsiy
-1	nwsseveretstorm severe thunderstorm warning including el sauz tx guerra tx la gloria tx until 10 45 pm cdt http t co 5td4f88ceu
-1	soutien gorge classique gloria dore par playboy http t co jqqdf99bnu
-1	nwstornado tornado warning including el sauz tx la gloria tx until 10 15 pm cdt http t co byw0jxs1on
-1	gloriaestefan nibbly procrastination and boredom snacking how forty http t co 1jbwrebskk gloria estefan http t co s3zbsywifh
-1	like we were peruvians gloria
-1	rt kianandjc here u go http t co otfbhmkmhd middleschoolerstryalcohol
-1	rt quotebeauties her heart http t co tijvejzhim
-1	rt marilynmonroedc being nice to someone you don t like doesn t mean you re fake it means you re mature enough to tolerate your dislike
-1	me fran what did you do after prom fran went home and cried after my date ditched me awww promfail
-1	rt booknerdfession the music in his laughter had a way of rounding off the missing notes in her soul gloria naylor linden hills
-1	rt seramalac just told gloria she was my archenemy but then she said we re just frenemies she right
-1	gloriadamptey thanks gloria
-1	just told gloria she was my archenemy but then she said we re just frenemies she right
-1	rt chrissychang_ our minds are troubled by the emptiness
-1	gydlgdo happy birthday gloria hope u have a great one
-1	rt stoneezbrand this is sooo great like c mon stoneez http t co pxlxihwdai
-1	rt booknerdfession the music in his laughter had a way of rounding off the missing notes in her soul gloria naylor linden hills
-1	the amount of shit i have due
-1	rt hwoodretrospect william holden and gloria swanson in sunset boulevard 1950 http t co oqlmlb3avr
-1	rt booknerdfession the music in his laughter had a way of rounding off the missing notes in her soul gloria naylor linden hills
-1	if i get a bad vibe from someone 95 of the time am correct about them
-1	alyssanorden that musical was amazinggggggg i was in bye bye birdie my fresh year i was gloria
-1	gloria_zhang13 maybe get a permit first
-1	rt booknerdfession the music in his laughter had a way of rounding off the missing notes in her soul gloria naylor linden hills
-1	kamar 10 t with gema ratih and 6 others at apartemen taman gloria pic https t co gu080rwpid
-1	hanging with the birthdaygirl itsjournaynotjourney gloria s restaurant https t co 6vbbkg8n34
-1	check out gloria vanderbilt ladies shorts size 12 gloriavanderbilt cargo http t co ykcd9rif7f via ebay
-1	rt nwsseveretstorm severe thunderstorm warning including el sauz tx guerra tx la gloria tx until 10 45 pm cdt http t co yxwvvih1ra
-1	mijaro cubancutenese crystalgvasquez jv8097 gloria_her erikaprater taniamirozlava gnite chicas sweet dreams
-1	girls act so stupid no wonder why guys treat us like we are
-1	i love gloria
-1	happy birthday gloria tnx for all da eye rolling love them lt 3 have fun gydlgdo
-1	rt mkkr_ queen elizabeth l did not need a king to become a queen remember that
-1	rt stereogum watch the video for bonnie prince billy s broeder dieleman cover gloria a special record store day release http t co
-1	did i really lose my voice the day before prom
-1	all the places i just retweeted are places me and gloria will be visiting this summer
-1	wow thanks gabby for waking me up
-1	gloria_marie_ hey text this hottie 25 yr old hottie 860 295 3112
-1	gloria_dollface u and that song dude
-1	omg no jake scandal
-1	lollapaloozaenlaviola fue la gloria foster the people
-1	rt weaverk21 gloria from hacienda is bae
-1	rt booknerdfession the music in his laughter had a way of rounding off the missing notes in her soul gloria naylor linden hills
-1	i hate when ppl say kylie jenner doesnt do anything the bitch is 17 what the hell do u want her to do work at loblaws she s already rich
-1	i m listening to i m gonna sing by bill amp gloria gaither on pandora http t co pnykhgheg7
-1	rt booknerdfession the music in his laughter had a way of rounding off the missing notes in her soul gloria naylor linden hills
-1	rt booknerdfession the music in his laughter had a way of rounding off the missing notes in her soul gloria naylor linden hills
-1	severe thunderstorm near la gloria or 9 miles south of agua nueva moving east at 50 mph locations impacted txwx http t co 7ii7r5ryqf
-1	severe thunderstorm near la gloria or 9 miles south of agua nueva moving east at 50 mph locations impacted txwx http t co zjplvedkqb
-1	gloria from hacienda is bae
-1	via simpleweathertx severe thunderstorm near la gloria or 9 miles south of agua nueva moving east at 50 mph locations impacted http
-1	severe thunderstorm near la gloria or 9 miles south of agua nueva moving east at 50 mph locations impacted txwx http t co t4oeljgaz1
-1	i m listening to i m living in canaan now by bill amp gloria gaither on pandora http t co lqufezhffb
-1	am literally in love with kylie jenner shes perfect
-1	gloria gaynor never can say goodbye http t co n9cawdvnze
-1	rt afrossip meet naija hottest upcoming actress gloria pius http t co uaspejh8qd http t co 1ro9o7m8zo
-1	laurenhotregui my name s gloria
-1	natalie portman is so gorgeous
-1	rt nwsseveretstorm severe thunderstorm warning including el sauz tx la gloria tx until 10 45 pm cdt http t co kayt0t8fwb
-1	gloriaestefan how to deal with holiday food pushers and food cops http t co oknwertmfz gloria estefan http t co kdooteworu
-1	severe thunderstorm warning including el sauz tx la gloria tx until 10 45 pm cdt http t co kayt0t8fwb
-1	rt booknerdfession the music in his laughter had a way of rounding off the missing notes in her soul gloria naylor linden hills
-1	rt alanwilliamhard pc blunt led gloria behind the bushes you ll be gentle with me of course she said http t co d9uhgacbsl asms
-1	ddaphnyperezz same grant amp i feel a lil poopy in texas rn but in the words of gloria gaynor i will survive what s wrong buttercup
-1	i ve always believed that one woman s success can dnly help another woman s success gloria vanferbilt
-1	rt lifeof_quotes_ the truth will set you free but first it will piss you off gloria seinem
-1	gloria gaynor never can say goodbye http t co kqfol5orts via youtube
-1	rt booknerdfession the music in his laughter had a way of rounding off the missing notes in her soul gloria naylor linden hills
-1	the truth will set you free but first it will piss you off gloria seinem
-1	rt booknerdfession the music in his laughter had a way of rounding off the missing notes in her soul gloria naylor linden hills
-1	look at this gloria why are they giving me a cup with some 50y o t a name on it http t co kync0xdfbz
-1	playoffs nhl chicagoblackhawks
-1	i liked a youtube video http t co ycbxpq0pwr gloria loring amp carl anderson sing friends amp lovers
-1	np i just came to praise the lord bill amp gloria gaither amp their homecoming friends http t co rgk687aurg
-1	gloria always comes through
-1	cat coffee
-1	traditional dancers bustles http t co b3tphqgojf
-1	fancy dancers bustles at the retreat http t co 9lif2ezqjp
-1	rt booknerdfession the music in his laughter had a way of rounding off the missing notes in her soul gloria naylor linden hills
-1	dreaming after all is a form of planning gloria steinem http t co gio6gp6cqe
-1	rt theibrahimaziz when you make kp a geofliter on snapchat http t co tvtbiuoc00
-1	meet papa leo master roller for la gloria cubana and the 1 cigar roller for godfather cigars me http t co t9z9j99mxa
-1	gloria_is_lame this made me really happy like yay someone thought of me
-1	i am going to die at gloria s
-1	no matter what just keep smiling http t co oem5demwt1
-1	rt nwstornado tornado warning including el sauz tx la gloria tx until 10 15 pm cdt http t co 4lyvxwyis5
-1	lord help gloria and britney on monday in court to free her from seven years of conservatorship control by her father jamie spears amen
-1	don t be singing gloria at me and leaving me with nothing anarchaeoiogist
-1	river flows in you es la gloria
-1	angeltongue essvari frielingbailey moira1987 sookietex girl_pacino heaven1010bound tcotgal thank you always remember me gloria
-1	rt katiesnyder_4 is poop an adjective
-1	gloria estefan wrapped http t co iimmjlkjcr
-1	relative psychology man its crazy
-1	rt mcriley__ which glee performance gloria rt or the happening fav http t co 74i9q39z9y
-1	you are making it way too easy
-1	rt booknerdfession the music in his laughter had a way of rounding off the missing notes in her soul gloria naylor linden hills
-1	rt ccsver_76 jocko127 party 2 vine by proudboy 18 only https t co wpy1nlwdj1 hacer esto la gloria uffff
-1	rt nwstornado tornado warning including el sauz tx la gloria tx until 10 15 pm cdt http t co 4lyvxwyis5
-1	nwsseveretstorm severe thunderstorm warning including el sauz tx guerra tx la gloria tx until 10 45 pm cdt http t co 2xjnu2r2ey
-1	thaliarevilla yea and its gloria gilinsky ma am
-1	nwstornado tornado warning including el sauz tx la gloria tx until 10 15 pm cdt http t co 9lca351ixx
-1	rt nwstornado tornado warning including el sauz tx la gloria tx until 10 15 pm cdt http t co 4lyvxwyis5
-1	onetruememe sliiiides to the left beat sliiiiides to the right beat sliiiiiides into my dms
-1	rt nwstornado tornado warning including el sauz tx la gloria tx until 10 15 pm cdt http t co 4lyvxwyis5
-1	omg my nephew says gloria a dios amen before he goes to sleep
-1	yoyiztheyouth can u tell me if they say anything gloria gorena
-1	rt booknerdfession the music in his laughter had a way of rounding off the missing notes in her soul gloria naylor linden hills
-1	with millytiacrst and gloria at spensatomohon https t co cdbyvawatv
-1	rt nwstornado tornado warning including el sauz tx la gloria tx until 10 15 pm cdt http t co 4lyvxwyis5
-1	itzelaide_ ohhh so did you work with yadira sophia or gloria i think thats their names lol
-1	gloria_duran4 can you pls rt this for me i really want to win it https t co kamegipzei
-1	well guess may as well call it night nothing on tv no one to talk to so why set here when can e asleep http t co znfneuc8sa
-1	gloria jean s prepare amp derved espresso experience session gloriajeans brunei bandar session https t co gjq57qiknv
-1	rt _solmarinii ps4 call of duty ghosts la puta gloria amigo
-1	_rt_tornado warning including el sauz tx la gloria tx until 10 15 pm cdt http t co fbc7g4fcjt
-1	en este momento gloria gaynor never can say goodbye en http t co sf0tujfglo
-1	rt booknerdfession the music in his laughter had a way of rounding off the missing notes in her soul gloria naylor linden hills
-1	ps4 call of duty ghosts la puta gloria amigo
-1	i m getting a margarita and gloria is getting a beer this just doesn t seem right
-1	rt lopez_jewell throat jabbing trapqueens gloria_hoyos
-1	rt booknerdfession the music in his laughter had a way of rounding off the missing notes in her soul gloria naylor linden hills
-1	gloriaestefan the top reasons why some diets don t work http t co rjdl6gdntp gloria estefan http t co llrsjl9iib
-1	rt camiilagflorez la sonrisa de heath ledger en 10 things i hate about you en 1999 es la gloria eterna
-1	rt booknerdfession the music in his laughter had a way of rounding off the missing notes in her soul gloria naylor linden hills
-1	rt nwstornado tornado warning including el sauz tx la gloria tx until 10 15 pm cdt http t co 4lyvxwyis5
-1	rt booknerdfession the music in his laughter had a way of rounding off the missing notes in her soul gloria naylor linden hills
-1	rt nwstornado tornado warning including el sauz tx la gloria tx until 10 15 pm cdt http t co 4lyvxwyis5
-1	ron_boll i ll just have to pop down the road for a gloria jean s then
-1	rt booknerdfession the music in his laughter had a way of rounding off the missing notes in her soul gloria naylor linden hills
-1	amen amen amen gloria holland http t co o26wejqbhu
-1	update gt gt paranormal experience signs from the dead this paranormal experience was submitted by gloria in a http t co naauyktqtl
-1	rt booknerdfession the music in his laughter had a way of rounding off the missing notes in her soul gloria naylor linden hills
-1	gloria spilled some bs in my bed
-1	dessert dessert cupcake strawberries fruit foodporn gloria s house https t co 9e1lbdwfpd
-1	rt booknerdfession the music in his laughter had a way of rounding off the missing notes in her soul gloria naylor linden hills
-1	rt booknerdfession the music in his laughter had a way of rounding off the missing notes in her soul gloria naylor linden hills
-1	nwstornado tornado warning including el sauz tx la gloria tx until 10 15 pm cdt http t co 09sauixabp
-1	rt booknerdfession the music in his laughter had a way of rounding off the missing notes in her soul gloria naylor linden hills
-1	video defending gloria lawyers group says amal clooney clueless on http t co w3yxeat5h7 teletech
-1	this is me gloria holland http t co b2uhn8f7ns
-1	bowbutnotaman i thought of you http t co guvhndw4ls
-1	rt nwstornado tornado warning including el sauz tx la gloria tx until 10 15 pm cdt http t co 4lyvxwyis5
-1	rt booknerdfession the music in his laughter had a way of rounding off the missing notes in her soul gloria naylor linden hills
-1	rt booknerdfession the music in his laughter had a way of rounding off the missing notes in her soul gloria naylor linden hills
-1	accrete busy too nice to hear from you auntiestress airbnbsuperhost mercougar choiceznewz bc_news_addict thriftboutique orcabc101
-1	tornado warning including el sauz tx la gloria tx until 10 15 pm cdt http t co 4lyvxwyis5
-1	you better say it gloria holland http t co boxpowdrpm
-1	rt itsemilyynn_ sis just made me feel bad http t co hklsbaxkk3
-1	gloria holland http t co v7zhacy5nc
-1	rt booknerdfession the music in his laughter had a way of rounding off the missing notes in her soul gloria naylor linden hills
-1	amen amen amen he will gloria holland http t co lm8d4k1wri
-1	happy anniversary to my cousins gloria and jimmie alexander love you
-1	rt booknerdfession the music in his laughter had a way of rounding off the missing notes in her soul gloria naylor linden hills
-1	rt booknerdfession the music in his laughter had a way of rounding off the missing notes in her soul gloria naylor linden hills
-1	gloria holland http t co tbk1vctuf7
-1	gloria s the real mvp
-1	rt booknerdfession the music in his laughter had a way of rounding off the missing notes in her soul gloria naylor linden hills
-1	rt booknerdfession the music in his laughter had a way of rounding off the missing notes in her soul gloria naylor linden hills
-1	rt booknerdfession the music in his laughter had a way of rounding off the missing notes in her soul gloria naylor linden hills
-1	gloria holland http t co zekbogbrbi
-1	cliff jumping http t co 22erq7ljd4
-1	librarianjaime i love phil he s clumsy and awkward like me d also love gloria and cam
-1	rt booknerdfession the music in his laughter had a way of rounding off the missing notes in her soul gloria naylor linden hills
-1	rt booknerdfession the music in his laughter had a way of rounding off the missing notes in her soul gloria naylor linden hills
-1	homegoing service for grandma gloria rip https t co 8yd0weajyy
-1	rt booknerdfession the music in his laughter had a way of rounding off the missing notes in her soul gloria naylor linden hills
-1	alright lol
-1	need a relaxing weekend away there is still space available next weekend at canon del rio in jemez spring nm http t co 0tvnravf01
-1	rt booknerdfession the music in his laughter had a way of rounding off the missing notes in her soul gloria naylor linden hills
-1	snow sin gloria
-1	rt booknerdfession the music in his laughter had a way of rounding off the missing notes in her soul gloria naylor linden hills
-1	now playing tammittam percussion ensemble facchin guido gloria e morte listen now http t co uke3lzccxw
-1	rt booknerdfession the music in his laughter had a way of rounding off the missing notes in her soul gloria naylor linden hills
-1	riding with little gloria in the front seat https t co 2zxcz6oecn
-1	rt reiatabie proud member of the i don t draw in my eyebrows club
-1	r i p big gee gloria http t co 81ybhnqvtx
-1	rt reiatabie i can t even find a prom date and this guy has two http t co xteuhp6zf8
-1	rt booknerdfession the music in his laughter had a way of rounding off the missing notes in her soul gloria naylor linden hills
-1	rt booknerdfession the music in his laughter had a way of rounding off the missing notes in her soul gloria naylor linden hills
-1	law amp justice are not alwys the same when they aren t destroying the law may be the first step toward changing it gloria steine
-1	rt booknerdfession the music in his laughter had a way of rounding off the missing notes in her soul gloria naylor linden hills
-1	missestherz took gloria to watch home do not recommend for anyone above the age of 12 tbh lolol
-1	rt booknerdfession the music in his laughter had a way of rounding off the missing notes in her soul gloria naylor linden hills
-1	rt booknerdfession the music in his laughter had a way of rounding off the missing notes in her soul gloria naylor linden hills
-1	rt booknerdfession the music in his laughter had a way of rounding off the missing notes in her soul gloria naylor linden hills
-1	rt nwsseveretstorm severe thunderstorm warning including el sauz tx guerra tx la gloria tx until 10 45 pm cdt http t co yxwvvih1ra
-1	rt nwsseveretstorm severe thunderstorm warning including el sauz tx guerra tx la gloria tx until 10 45 pm cdt http t co yxwvvih1ra
-1	rt booknerdfession the music in his laughter had a way of rounding off the missing notes in her soul gloria naylor linden hills
-1	xtyljames funny_mixed_kid stfu before i get gloria in that ass
-1	severe thunderstorm warning including el sauz tx guerra tx la gloria tx until 10 45 pm cdt http t co yxwvvih1ra
-1	rt booknerdfession the music in his laughter had a way of rounding off the missing notes in her soul gloria naylor linden hills
-1	rt nwstornado tornado warning including el sauz tx la gloria tx until 10 15 pm cdt http t co 1wy0zwyohz
-1	rt nwstornado tornado warning including el sauz tx la gloria tx until 10 15 pm cdt http t co 1wy0zwyohz
-1	rt booknerdfession the music in his laughter had a way of rounding off the missing notes in her soul gloria naylor linden hills
-1	nowplaying dr beat gloria estefan and miami sound machine
-1	check them out busty naija actress gloria says her assets are the biggest some ladies are proud of their val http t co evffr22n3q
-1	antares gloria
-1	rt booknerdfession the music in his laughter had a way of rounding off the missing notes in her soul gloria naylor linden hills
-1	nwstornado tornado warning including el sauz tx la gloria tx until 10 15 pm cdt http t co ybkjca2oxs
-1	rt booknerdfession the music in his laughter had a way of rounding off the missing notes in her soul gloria naylor linden hills
-1	rt booknerdfession the music in his laughter had a way of rounding off the missing notes in her soul gloria naylor linden hills
-1	rt nwstornado tornado warning including el sauz tx la gloria tx until 10 15 pm cdt http t co 1wy0zwyohz
-1	6 years ago tonight my whole world changed and i changed with it i ll always be especially grateful for meeting shawn gloria sonny
-1	photo bandsoffthewalls brand new sic transit gloria http t co 2wnxpoirav
-1	rt booknerdfession the music in his laughter had a way of rounding off the missing notes in her soul gloria naylor linden hills
-1	rt causewereguys ladies speaking to a guy with subtle hints and indirect meanings is like speaking to us in latin
-1	312a happysmom53 fjr2953 night gloria
-1	rt booknerdfession the music in his laughter had a way of rounding off the missing notes in her soul gloria naylor linden hills
-1	breakfast on bed gloria de dapitan https t co gil5tfacfh
-1	rt pictures1975 petition for ross to wear glasses more http t co o2hcixsufj
-1	rt booknerdfession the music in his laughter had a way of rounding off the missing notes in her soul gloria naylor linden hills
-1	rt iphan5s my dad was like mm you wear so much makeup even people older than you wear less i don t care it s my face i can do what i
-1	rt booknerdfession the music in his laughter had a way of rounding off the missing notes in her soul gloria naylor linden hills
-1	rt booknerdfession the music in his laughter had a way of rounding off the missing notes in her soul gloria naylor linden hills
-1	rt booknerdfession the music in his laughter had a way of rounding off the missing notes in her soul gloria naylor linden hills
-1	rt booknerdfession the music in his laughter had a way of rounding off the missing notes in her soul gloria naylor linden hills
-1	you re
-1	rt booknerdfession the music in his laughter had a way of rounding off the missing notes in her soul gloria naylor linden hills
-1	_rt_tornado warning including el sauz tx la gloria tx until 10 15 pm cdt http t co ibarfmqgy8
-1	rt nwstornado tornado warning including el sauz tx la gloria tx until 10 15 pm cdt http t co 1wy0zwyohz
-1	julianotrovao oh gloria
-1	lin riesgo no may gloria
-1	sin riesgo no day gloria
-1	rt booknerdfession the music in his laughter had a way of rounding off the missing notes in her soul gloria naylor linden hills
-1	rt ohsogiriquotes boys never realize how much one little thing can hurt a girl
-1	rt botdfmusic who will be joining us live on http t co 9r08zghlym tonight jayyvonmonroe will be hosting this week new youtube vid c
-1	gloria was tryin to hook me up with one of her friends and one of the guys was smoking this chode ass blunt
-1	victory in jesus music video by bill amp gloria gaither ft cynthia clawson reggie smith joy gardner and mike allen https t co qdqdoa1idw
-1	rt booknerdfession the music in his laughter had a way of rounding off the missing notes in her soul gloria naylor linden hills
-1	just wait god s plan for us with chris pic https t co smqqav1zw4
-1	no lie hot waitress at gloria s was totally checkin me out
-1	rt rlyslimshaydy youknowsimba when you remember you gotta send bae a goodnight text then you realize you have no bae http t co ojovk
-1	nws tornado warnings nwstornado tornado warning including el sauz tx la gloria tx until 10 15 pm cdt http t co pwf73wyrfx
-1	rt ibreynolds people are annoying
-1	rt evelynlaffey aera15 congratulations to dr gloria ladson billings on receiving the social justice in education award your work conti
-1	gloria_zhang13 i prob can t tonight
-1	nws tornado warnings nwstornado tornado warning including el sauz tx la gloria tx until 10 15 pm cdt http t co 50zopnlmwy
-1	rt billboard officialr5 made their debut in the trending140 top 10 discover what else is new on the chart today https t co lyhrgt
-1	rt funnysayings bras should be free i didnt choose the boob life the boob life chose me u know
-1	still confused as to why i wasnt nominated for anything in the asian awards like im the coolest asian out there
-1	nws tornado warnings nwstornado tornado warning including el sauz tx la gloria tx until 10 15 pm cdt http t co xatjtmaplp
-1	viva la gloria little girl green day
-1	now playing mando diao gloria
-1	rt nswnwx nws tornado warnings nwstornado tornado warning including el sauz tx la gloria tx until 10 15 pm cdt http t co zmybxtml20
-1	in all these horizons you will find all manner of men
-1	rt booknerdfession the music in his laughter had a way of rounding off the missing notes in her soul gloria naylor linden hills
-1	rt booknerdfession the music in his laughter had a way of rounding off the missing notes in her soul gloria naylor linden hills
-1	nws tornado warnings nwstornado tornado warning including el sauz tx la gloria tx until 10 15 pm cdt http t co zmybxtml20
-1	rt _its_not_emily_ my parents said that i m not the type to fight over a guy but i am the type to fight over food
-1	rt booknerdfession the music in his laughter had a way of rounding off the missing notes in her soul gloria naylor linden hills
-1	rt booknerdfession the music in his laughter had a way of rounding off the missing notes in her soul gloria naylor linden hills
-1	nwstornado tornado warning including el sauz tx la gloria tx until 10 15 pm cdt http t co 6pzfvvmq6k
-1	rt booknerdfession the music in his laughter had a way of rounding off the missing notes in her soul gloria naylor linden hills
-1	rt nwstornado tornado warning including el sauz tx la gloria tx until 10 15 pm cdt http t co 1wy0zwyohz
-1	xpndeadday gloria 11 1 85 richmond
-1	rt funnyvines rare footage of me going to school every morning https t co mndwsaqqwp
-1	gydlgdo happy happy birthday gloria have a blast today hope all your wishes come true p s stop being so photogenic jk 1 2
-1	rt booknerdfession the music in his laughter had a way of rounding off the missing notes in her soul gloria naylor linden hills
-1	ggevirtz ireland0828 nupe117 bbrucew12 detcookieman74 rhiannonkwy scrappyneu same here gloria and i think it will happen also
-1	rt nwstornado tornado warning including el sauz tx la gloria tx until 10 15 pm cdt http t co 1wy0zwyohz
-1	rt nwstornado tornado warning including el sauz tx la gloria tx until 10 15 pm cdt http t co 1wy0zwyohz
-1	rt booknerdfession the music in his laughter had a way of rounding off the missing notes in her soul gloria naylor linden hills
-1	rt botdfmusic introducing razorkiss rk keep an eye out for these rad new looks we are finalizing the line to https t co 0cijkvqi0v
-1	rt booknerdfession the music in his laughter had a way of rounding off the missing notes in her soul gloria naylor linden hills
-1	rt nwstornado tornado warning including el sauz tx la gloria tx until 10 15 pm cdt http t co 1wy0zwyohz
-1	rt nwstornado tornado warning including el sauz tx la gloria tx until 10 15 pm cdt http t co 1wy0zwyohz
-1	tornado warning including el sauz tx la gloria tx until 10 15 pm cdt http t co 1wy0zwyohz
-1	rt booknerdfession the music in his laughter had a way of rounding off the missing notes in her soul gloria naylor linden hills
-1	rt booknerdfession the music in his laughter had a way of rounding off the missing notes in her soul gloria naylor linden hills
-1	i added a video to a youtube playlist http t co 2auf09dasq pastor george pearsons and gloria copeland message about seven benifits
-1	people talk of natural sympathies
-1	rt booknerdfession the music in his laughter had a way of rounding off the missing notes in her soul gloria naylor linden hills
-1	rt ibreynolds i ll always love you more
-1	rt booknerdfession the music in his laughter had a way of rounding off the missing notes in her soul gloria naylor linden hills
-1	rt booknerdfession the music in his laughter had a way of rounding off the missing notes in her soul gloria naylor linden hills
-1	gerirosman amp cnn gloria borger even lied amp said that youth voters dont count only the elderly for hillary gt https t co 8bfvgb3och
-1	rt booknerdfession the music in his laughter had a way of rounding off the missing notes in her soul gloria naylor linden hills
-1	rt booknerdfession the music in his laughter had a way of rounding off the missing notes in her soul gloria naylor linden hills
-1	rt booknerdfession the music in his laughter had a way of rounding off the missing notes in her soul gloria naylor linden hills
-1	rt booknerdfession the music in his laughter had a way of rounding off the missing notes in her soul gloria naylor linden hills
-1	gloriaestefan best way to develop muscle shred hdx http t co 6qif9j6hq7 gloria estefan http t co y4n2t609ky
-1	oswaldo_gloria hyfr he better believe well be there
-1	rt booknerdfession the music in his laughter had a way of rounding off the missing notes in her soul gloria naylor linden hills
-1	daddy from tasty burger told me if we go to fenway for marathon monday that he s bartending at remys and to come see him leahcapone
-1	76 tomorrow bye and i have a concert so i have to wear all black
-1	rt booknerdfession the music in his laughter had a way of rounding off the missing notes in her soul gloria naylor linden hills
-1	savana_martinez so excited
-1	rt booknerdfession the music in his laughter had a way of rounding off the missing notes in her soul gloria naylor linden hills
-1	rt booknerdfession the music in his laughter had a way of rounding off the missing notes in her soul gloria naylor linden hills
-1	rt sammywilk redtubejacks yes all over the world
-1	hi gloria and thanks for retweeting there s nothing to be jealous about over here
-1	rt booknerdfession the music in his laughter had a way of rounding off the missing notes in her soul gloria naylor linden hills
-1	rt booknerdfession the music in his laughter had a way of rounding off the missing notes in her soul gloria naylor linden hills
-1	the truth will set you free but first it will piss you off gloria seinem
-1	rt booknerdfession the music in his laughter had a way of rounding off the missing notes in her soul gloria naylor linden hills
-1	rt booknerdfession the music in his laughter had a way of rounding off the missing notes in her soul gloria naylor linden hills
-1	rt booknerdfession the music in his laughter had a way of rounding off the missing notes in her soul gloria naylor linden hills
-1	gloria vanderbilt amanda stretch tapered leg womens jean size 8 short http t co jfo3s4ihjq http t co vclqsgbndg
-1	already ordered it can t wait http t co lux5xmqapp
-1	halo asyifaasyifa77 gloria_aditya22 gigi is willing to perform with jazz concept at kampoengjazz may 2nd 2015 http t co bmook39o8o
-1	rt booknerdfession the music in his laughter had a way of rounding off the missing notes in her soul gloria naylor linden hills
-1	lmfao and your family gtfo out
-1	rt booknerdfession the music in his laughter had a way of rounding off the missing notes in her soul gloria naylor linden hills
-1	rt booknerdfession the music in his laughter had a way of rounding off the missing notes in her soul gloria naylor linden hills
-1	r i p big gee gloria bruley hawkins http t co 9fwja9468z
-1	rt mrterryrhs let s give columbus a break i mean we ve all been lost at the grocery store looking for spices and then killed several m
-1	sci fi movies will one day be filmed in outer space
-1	it s funny how much shit you talk about me
-1	my birthday with the sis we laugh a lot http t co 3y5wwifczb
-1	rt booknerdfession the music in his laughter had a way of rounding off the missing notes in her soul gloria naylor linden hills
-1	rt booknerdfession the music in his laughter had a way of rounding off the missing notes in her soul gloria naylor linden hills
-1	rt booknerdfession the music in his laughter had a way of rounding off the missing notes in her soul gloria naylor linden hills
-1	why does everyone love rain so much i don t thunder irks me it s like the sky is having hiccups
-1	rt booknerdfession the music in his laughter had a way of rounding off the missing notes in her soul gloria naylor linden hills
-1	rt booknerdfession the music in his laughter had a way of rounding off the missing notes in her soul gloria naylor linden hills
-1	rt booknerdfession the music in his laughter had a way of rounding off the missing notes in her soul gloria naylor linden hills
-1	rt booknerdfession the music in his laughter had a way of rounding off the missing notes in her soul gloria naylor linden hills
-1	rt booknerdfession the music in his laughter had a way of rounding off the missing notes in her soul gloria naylor linden hills
-1	thom__foolery isn t that the opposite of a problem
-1	rt booknerdfession the music in his laughter had a way of rounding off the missing notes in her soul gloria naylor linden hills
-1	rt bowbutnotaman my life in a nutshell http t co kcs731oxtw
-1	the music in his laughter had a way of rounding off the missing notes in her soul gloria naylor linden hills
-1	rt booknerdfession the music in his laughter had a way of rounding off the missing notes in her soul gloria naylor linden hills
-1	rt wilw i make these capri pants look great and other lies men tell themselves
-1	rt booknerdfession the music in his laughter had a way of rounding off the missing notes in her soul gloria naylor linden hills
-1	rt booknerdfession the music in his laughter had a way of rounding off the missing notes in her soul gloria naylor linden hills
-1	nowplaying gloria estefan don t wanna lose you tune in http t co spumpq6fze
-1	rt booknerdfession the music in his laughter had a way of rounding off the missing notes in her soul gloria naylor linden hills
-1	rt booknerdfession the music in his laughter had a way of rounding off the missing notes in her soul gloria naylor linden hills
-1	rt booknerdfession the music in his laughter had a way of rounding off the missing notes in her soul gloria naylor linden hills
-1	rt booknerdfession the music in his laughter had a way of rounding off the missing notes in her soul gloria naylor linden hills
-1	rt booknerdfession the music in his laughter had a way of rounding off the missing notes in her soul gloria naylor linden hills
-1	rt booknerdfession the music in his laughter had a way of rounding off the missing notes in her soul gloria naylor linden hills
-1	booknerdfession the music in his laughter had a way of rounding off the missing notes in her soul gloria naylor linden hills
-1	refviksamantha yesiamtheauthor ohhhhhhhhhh my god i would recognize kerry s homework board anywhere
-1	rt wolverziam this is just so cute http t co xcjhiaf7pq
-1	rt wolverziam everyone should really stop messing with my feelings http t co xrylxxnlts
-1	rt booknerdfession the music in his laughter had a way of rounding off the missing notes in her soul gloria naylor linden hills
-1	my cuzzen kennedy and earl from new orleans dancing for their moma in sacramento cail r i p big gee gloria http t co m044tz11v4
-1	what my sister and cousins posted on ig for my bday couldn t fit the captions bc some were long p s still love you guys
-1	rt booknerdfession the music in his laughter had a way of rounding off the missing notes in her soul gloria naylor linden hills
-1	rt booknerdfession the music in his laughter had a way of rounding off the missing notes in her soul gloria naylor linden hills
-1	rt qc some of us are becoming the men we wanted to marry gloria steinem tothegirls
-1	rt booknerdfession the music in his laughter had a way of rounding off the missing notes in her soul gloria naylor linden hills
-1	getting a tim tam drink from gloria jeans i feel like starbucks tooo
-1	rt booknerdfession the music in his laughter had a way of rounding off the missing notes in her soul gloria naylor linden hills
-1	rt booknerdfession the music in his laughter had a way of rounding off the missing notes in her soul gloria naylor linden hills
-1	wwm_shakespeare henry v henry met pistol before agincourt battle
-1	rt booknerdfession the music in his laughter had a way of rounding off the missing notes in her soul gloria naylor linden hills
-1	rt booknerdfession the music in his laughter had a way of rounding off the missing notes in her soul gloria naylor linden hills
-1	rt booknerdfession the music in his laughter had a way of rounding off the missing notes in her soul gloria naylor linden hills
-1	rt phillyd it s 7pm the pants are off for the rest of the night
-1	gloria gaynor this love affair http t co 8ouegoxyqz nowplaying
-1	rt booknerdfession the music in his laughter had a way of rounding off the missing notes in her soul gloria naylor linden hills
-1	rt booknerdfession the music in his laughter had a way of rounding off the missing notes in her soul gloria naylor linden hills
-1	toys of the day gloriajeanspggmb gloriajeanscoffees giwgjc giweats brunei gjcbandar gloria https t co yjkutmnkxj
-1	rt booknerdfession the music in his laughter had a way of rounding off the missing notes in her soul gloria naylor linden hills
-1	rt booknerdfession the music in his laughter had a way of rounding off the missing notes in her soul gloria naylor linden hills
-1	rt booknerdfession the music in his laughter had a way of rounding off the missing notes in her soul gloria naylor linden hills
-1	rt booknerdfession the music in his laughter had a way of rounding off the missing notes in her soul gloria naylor linden hills
-1	rt lumensomnium sometimes life makes ya wanna punch your own face in and sometimes life makes ya wanna punch other peoples faces in
-1	rt booknerdfession the music in his laughter had a way of rounding off the missing notes in her soul gloria naylor linden hills
-1	rt booknerdfession the music in his laughter had a way of rounding off the missing notes in her soul gloria naylor linden hills
-1	in honor of papa and ms sue and in memory of grandma gloria great night with my adpi sistasss usc https t co 9p5k7zgojq
-1	rt booknerdfession the music in his laughter had a way of rounding off the missing notes in her soul gloria naylor linden hills
-1	rt booknerdfession the music in his laughter had a way of rounding off the missing notes in her soul gloria naylor linden hills
-1	rt booknerdfession the music in his laughter had a way of rounding off the missing notes in her soul gloria naylor linden hills
-1	rt booknerdfession the music in his laughter had a way of rounding off the missing notes in her soul gloria naylor linden hills
-1	rt booknerdfession the music in his laughter had a way of rounding off the missing notes in her soul gloria naylor linden hills
-1	rt sammywilk damn i hit a milli on insta that is crazy love to all of you for that lookin like a younow soon
-1	rt booknerdfession the music in his laughter had a way of rounding off the missing notes in her soul gloria naylor linden hills
-1	rt booknerdfession the music in his laughter had a way of rounding off the missing notes in her soul gloria naylor linden hills
-1	lunch with my baby late check in lol gloria s restaurant in dallas tx https t co lpwjitzl3s
-1	rt booknerdfession the music in his laughter had a way of rounding off the missing notes in her soul gloria naylor linden hills
-1	rt booknerdfession the music in his laughter had a way of rounding off the missing notes in her soul gloria naylor linden hills
-1	burger king gloria decides live at 3933 bladensburg road colmar manor md http t co xw3q8f3wnu http t co atkpkyt7f8
-1	rt booknerdfession the music in his laughter had a way of rounding off the missing notes in her soul gloria naylor linden hills
-1	rt booknerdfession the music in his laughter had a way of rounding off the missing notes in her soul gloria naylor linden hills
-1	rt booknerdfession the music in his laughter had a way of rounding off the missing notes in her soul gloria naylor linden hills
-1	rt booknerdfession the music in his laughter had a way of rounding off the missing notes in her soul gloria naylor linden hills
-1	rt lloydlegalist it turns out that gloria estefan was right the rhythm is going to get you now stay away from it christian
-1	rt booknerdfession the music in his laughter had a way of rounding off the missing notes in her soul gloria naylor linden hills
-1	rt booknerdfession the music in his laughter had a way of rounding off the missing notes in her soul gloria naylor linden hills
-1	rt booknerdfession the music in his laughter had a way of rounding off the missing notes in her soul gloria naylor linden hills
-1	made some delicious dinner http t co boqiqirwun
-1	rt booknerdfession the music in his laughter had a way of rounding off the missing notes in her soul gloria naylor linden hills
-1	rt booknerdfession the music in his laughter had a way of rounding off the missing notes in her soul gloria naylor linden hills
-1	rt booknerdfession the music in his laughter had a way of rounding off the missing notes in her soul gloria naylor linden hills
-1	rt booknerdfession the music in his laughter had a way of rounding off the missing notes in her soul gloria naylor linden hills
-1	rt booknerdfession the music in his laughter had a way of rounding off the missing notes in her soul gloria naylor linden hills
-1	rt booknerdfession the music in his laughter had a way of rounding off the missing notes in her soul gloria naylor linden hills
-1	rt booknerdfession the music in his laughter had a way of rounding off the missing notes in her soul gloria naylor linden hills
-1	rt booknerdfession the music in his laughter had a way of rounding off the missing notes in her soul gloria naylor linden hills
-1	rt cutekidvines luke brian s biggest fan http t co f2kpf2ou8d
-1	rt booknerdfession the music in his laughter had a way of rounding off the missing notes in her soul gloria naylor linden hills
-1	rt booknerdfession the music in his laughter had a way of rounding off the missing notes in her soul gloria naylor linden hills
-1	rt booknerdfession the music in his laughter had a way of rounding off the missing notes in her soul gloria naylor linden hills
-1	rt booknerdfession the music in his laughter had a way of rounding off the missing notes in her soul gloria naylor linden hills
-1	rt booknerdfession the music in his laughter had a way of rounding off the missing notes in her soul gloria naylor linden hills
-1	rt booknerdfession the music in his laughter had a way of rounding off the missing notes in her soul gloria naylor linden hills
-1	rt booknerdfession the music in his laughter had a way of rounding off the missing notes in her soul gloria naylor linden hills
-1	rt booknerdfession the music in his laughter had a way of rounding off the missing notes in her soul gloria naylor linden hills
-1	rt booknerdfession the music in his laughter had a way of rounding off the missing notes in her soul gloria naylor linden hills
-1	rt booknerdfession the music in his laughter had a way of rounding off the missing notes in her soul gloria naylor linden hills
-1	rt booknerdfession the music in his laughter had a way of rounding off the missing notes in her soul gloria naylor linden hills
-1	rt booknerdfession the music in his laughter had a way of rounding off the missing notes in her soul gloria naylor linden hills
-1	soutien gorge classique gloria dore par playboy http t co hatuzaxmrz
-1	rt booknerdfession the music in his laughter had a way of rounding off the missing notes in her soul gloria naylor linden hills
-1	derekj_32 sorry
-1	lil_nick555 let s get hbcbs tonight
-1	rt 4kingandcountry don t miss it catch joel amp luke tomorrow on entertainment tonight etnow some stations begin at 1am http t co h8
-1	radio 70s juice now playing i will survive gloria gaynor apps apple http t co rlfj5btkbk google http t co 6pbywmgivi
-1	rt thecartertour if you love me you will go to instagram and like my nieces video gabyjo415 she is an awesome irish dancer trying to win
-1	my auntie big gee gloria r i p we did it our way new orleans styles in sacramento http t co 7om7jfmqnr
-1	baileybradfurd sic transit gloria is hands down their best song
-1	gloria gloria uk new cd http t co w0lzyhkk6w http t co 7j27fxrz3b
-1	puritan thomas watson the art of divine contentment soli deo gloria hb http t co npszjh2jzf http t co kgsg3ujenj
-1	gloriaestefan how to reduce weight in just 10 days http t co mupdrlpmqu gloria estefan http t co wunuv1mq47
-1	more when they re with gloria
-1	we gona miss you you will never be for gotton auntie big gee gloria r i p http t co fearbznlng
-1	rt sammywilk if your order something before 12pm pst you ll get a free signed pic with it limited offer
-1	tori_michaela as long as gloria doesn t come near me it ll work
-1	hardline_stance did you hear gloria borger whining other day on cnn about scrutiny hillary s receiving i snorted out my coffee so stupid
-1	rt ruffernandez gloria s cafe great atmosphere and delicious food
-1	puritan thomas watson the art of divine contentment soli deo gloria hb http t co ytcpsqhmhe http t co kkaa6odbey
-1	puritan thomas watson the art of divine contentment soli deo gloria hb http t co urwdwkpmnm http t co ixeglu6nn5
-1	i liked a youtube video http t co jlb5gqitwb chi straight guard tutorial by gloria s glow
-1	tfletch2 what s your go to big fan of singing i wanna dance with somebody and any and all gloria estefan
-1	free ship gloria vanderbilt petite nwt olive belt loops pocketed skort 14p http t co ulma8zorux http t co ak0ebzv6ry
-1	puritan thomas watson the art of divine contentment soli deo gloria hb http t co yxwqmzduts http t co s5ot9mn9yo
-1	launching our first of three word world events with gloria frym http t co jlxbengzga
-1	puritan thomas watson the art of divine contentment soli deo gloria hb http t co rdwvdss4ys http t co mxl3ob0syp
-1	seriously gloria wouldn t waa jay if him neva have money but at least some affection is there
-1	gloria grahame http t co f5wt6zwpjw
-1	brotome the only one that changed from the first listen is viva la gloria ended up a minato song
-1	check out gloria vanderbilt ladies shorts size 12 http t co p8fw6kyeic ebay
-1	goodnight i love gloria and all the boys soo much
-1	iamdamonlittle can you please call gloria immediately
-1	finds du jour another pair of acme boots in mint condition oh yea and 2 audrey hepburn ceramic tiles thanks http t co 7kxgccogql
-1	leahlask but it would be like gloria and do nothing
-1	gloria_zhang13 caution asian driver
-1	gloria s of port royal keepeating gameshootersport family http t co lctmql0cy5
-1	rt rinarakipi wearing shorts today was the best feeling
-1	hope the best boyfriend had the best birthday happy 18th sloanbecker you don t like pictures but i like you so http t co bwdsgvodcj
-1	rt vallarivt an old defunct chimney near the gloria church byculla mumbai http t co cfa9owk99p
-1	the womencrossdmz group led by christineahn and gloria steinem just received permission from the south korean gov t to cross the border
-1	rt tremelvin zayn sexy af with that haircut idk why some of y all hoes complaining
-1	what s good md
-1	on air gloria gaynor i will survive http t co fvvhmpcgaj
-1	rt booknerdfession the music in his laughter had a way of rounding off the missing notes in her soul gloria naylor linden hills
-1	happy birthday gloria have an amazing day amp stay the same miss you gydlgdo
-1	gloria 48 double bathroom vanity cabinet set in espresso http t co 3tkvpwgvdc http t co t403cdez2s
-1	rt samm_ayyye unfriended tonight
-1	gloria_romano ho_swe speaking up works thanks tedbrittford for making things right love my fordescape goodcustomerservice
-1	gloriaestefan heartfelt advice seven ways to stay healthy http t co h13bxl5thn gloria estefan http t co yczetecrwx
-1	rt botdfmusic be prepared http t co ldqhigaoyw
-1	harry_styles haz you really need to go to gloria s latin restaurant tamales are bomb
-1	rt aera_edresearch gloria ladson billings marxism can t answer that janet jackson question what have they done for us lately aera15 h
-1	nowplaying gloria gaynor i will survive 93 remix totalraduk
-1	gloria s cafe great atmosphere and delicious food
-1	you are listening to i will survive gloria gaynor
-1	new record vito and the salutations your way gloria million seller http t co vwuezmn4vg
-1	thoughts http t co owo2evso59
-1	rt veracitybutch if women could sleep their way to the top there d be a lot more women at the top gloria steinem
-1	make your way doors now open at la gloria 86 11 northern blvd latinfantasy 99 bottles https t co xd1srmmyp2
-1	gloria victis hack tool http t co 1mjgqqwcln the application is 100 http t co edsrffqity
-1	gloria marrero favreau certified coach practitioner gliding with glo coaching http t co orheobh4wl glofavreau http t co rqnakn13um
-1	rt lonlon814 anthony_v1998 gball_2 get it gloria ya tienes fans
-1	luv this song http t co v8et6pm4yp
-1	anthony_v1998 gball_2 get it gloria ya tienes fans
-1	rt pelf12 pretty sweet last game with sgpbaseball with a fitting score of 12 0 12 was my jersey number love these guys
-1	breaking news busty naija actress gloria says her assets are the biggest http t co fln6nrw0zi http t co ieezim8cjn
-1	rt botdfmusic be prepared https t co 5vjtmazxsf
-1	rachelagazan ohhh yeah soli deo gloria
-1	happy birthday gloria i hope you ll enjoy your day ily amp imysssmmm gydlgdo
-1	enchantment gloria http t co oppqyume4o nowplaying listenlive
-1	overdue gorgeous 2 year d gloria is overdue at ocasfl this sweet friendly girl has tested https t co 1y3ytvrv8j
-1	the only thing i cant stand is discomfort gloria steinem yes
-1	puritan thomas watson heaven taken by storm soli deo gloria nice hardback http t co f7btibjaie http t co d3lwcxodlp
-1	gloria gets my videos 3 days after i send them
-1	repost arosemenagloria happy birthday to me gloria pasalasuper https t co tb2lqnriuc
-1	i am what i am gloria gaynor https t co oq5m2qalje via youtube
-1	each time i m around gloria she somehow manages to injure me
-1	tara_kod_ courtney_wagess gloria s has the best quesadillas it is heaven omg yes
-1	dude 17 was so good to me
-1	this fri amp sat gloria copeland and i are part of the online moms and money summit by hannah keeley
-1	gloria swanon charlie chaplin amp marion davies they were attending a party october 31st 1928 given in marion http t co sk2zlbk5wc
-1	rt jackjackjohnson one year since magcon split up huh good times indeed always gonna miss that
-1	they wanna go to gloria s but iono
-1	puritan thomas watson heaven taken by storm soli deo gloria nice hardback http t co nxbw65nkdi http t co vlsiru3xup
-1	makeahappysongsad gloria gaynor variation i will not survive
-1	rt femaienotes vanessa hudgens and austin butler at coachella is sooo important http t co kbwwewfnwr
-1	puritan thomas watson heaven taken by storm soli deo gloria nice hardback http t co j5gzfyg5bi http t co ce73hqh8te
-1	rt femaienotes still breaks my heart every time http t co g1itzyq2e0
-1	puritan thomas watson heaven taken by storm soli deo gloria nice hardback http t co swtvq0xckv http t co 9yl2gbnkv6
-1	puritan thomas watson heaven taken by storm soli deo gloria nice hardback http t co igxdyk5zwn http t co qee9r3nuq3
-1	rt _ravennnnnn dynasteeeee gloria moment
-1	rt wisdomteethgif she thinks her tongue is gone http t co 4zbosnvjl6
-1	courtney_wagess gloria s has the best quesadillas it is heaven
-1	gloria_duran4 happy birthday ryland lynch victoria beckham jennifer garner and sean bean share a bday with you
-1	puritan thomas watson heaven taken by storm soli deo gloria nice hardback http t co 3aitarx7nz http t co hdvxmre8av
-1	puritan thomas watson heaven taken by storm soli deo gloria nice hardback http t co ofwrupyc9y http t co 6fs9dp3s0b
-1	angeltongue marigelpellin cosmic_harts universevibe ritahealer timelesssoul1 blueraytwin t_s_fitz thank you gloria happy weekend
-1	rt dimsum_mark 150412 beijing airport got7 mark http t co l90fn2va9t
-1	transportation services busy with coachella fest check out gloria rodriguez s story http t co nyjdxrkvhd
-1	rt villalobossebas wot up http t co xrc1p7jmjh
-1	gloria gaynor never can say goodbye https t co oxjrab8d9i via youtube
-1	video defending gloria lawyers group says amal clooney clueless on http t co bzn3fog8c9 teletech
-1	rt villalobossebas bad hair day x http t co wp3zcgiplh
-1	link removed rt fimanu_gloria basketball is my second life love like healthy link removed
-1	now playing bonnie st claire amp unit gloria clap your hands and stamp your feet
-1	now playing on channel80 bonnie st claire amp unit gloria clap your hands and stamp your feet
-1	rt villalobossebas meallo http t co emf6r5d1hw
-1	i was conceived by gloria carter amp amp amp amp adnes reeves who made love under the sycamore tree which makes me a more sicker mc
-1	rt villalobossebas i miss these guys http t co cszcj0anmv
-1	rt stevestfler accurate map of the u s http t co djmrpdzbi9
-1	rt seramalac apparently sofia was mad cuz she asked gloria what an asparagus was and gloria said it was green and disgusting like you
-1	gloria d you inspire us http t co m57ftl9xi8
-1	ohjisuschrist shup up gloria
-1	dynasteeeee gloria moment
-1	rt iwontmindstan zayn is so much happier look at how happy my lil gum drop is going solo never looked so good http t co sdktyn6ozx
-1	rt thislsamazing swimwear fashion 1950s http t co g6ubuoewmv
-1	rt ryannminajj help i am under attack http t co pzuqhy9d9t
-1	rt dimpious the only thing louis can t do is reach the top shelf listen is this not true
-1	gloria vanderbilt capri cropped light wash jeans size 16 petite 1118 http t co kixo6mbvl6 http t co wn6fm9lcpu
-1	rt hvylee nwts http t co xaymmoe0d8
-1	rt ryannminajj so fucking hot im in pain http t co z8pbihproe
-1	update past due friendly hw neg and spayed she would love to have a home pls share gloria s time is up http t co ixphi0e1hp
-1	rt allforthelads new liam harry louis and niall from one direction have shaved themselves bald for former band member zayn via jk ht
-1	rt valeriazoee los philly cheese steaks son gloria
-1	albert2460 melissap18velez gloria cuartas former farc member is not a reliable source of information sir
-1	jaycey_11 i knew it
-1	rt ww1dupdates hq zayn at the asian awards tonight 4 17 15 119 122 n http t co ewlkl2a9n5
-1	rt zayn_daily look at this ball of sunshine http t co 00jmjzik52
-1	just when i thought i put all the kids to bed gloria thinks it s time to get up and play
-1	with the amazing gloria la morte writer director editor of entrenos https t co rjtyuc81a1
-1	rt gacspartans good luck gacsh choir and orchestra we can t wait to hear vivaldi s gloria performed tonight at oak grove umc
-1	villalobossebas i love
-1	i m so done joking maroon5 adamlevine jamesvalentine pjmorton mattflynn https t co h1xbxvmvm2
-1	http t co fuppsjgxmi gloria los angeles escorts is available now
-1	basketball is my second life love like healthy http t co ytbzcx7nsf
-1	gloriaestefan is losing weight an uphill battle follow these handy tips to http t co 9mv9mtnonu gloria estefan http t co phhq9zhkda
-1	been waiting for like a hour at gloria s
-1	power can be taken but not given the process of the taking is empowerment in itself gloria steinham lifecoaching empowerment sucess
-1	cool fm s gloria maduka an unfair traffic offence verdict made me leave us http t co opvz2d8xrn
-1	rt reiief i m so fucking tired of giving my all and getting close to nothing in return
-1	fossil creek was probably one of the most scenic places i ve ever been to
-1	eating chicken soup a la gloria cc caniwikiwi http t co 0yc7bxngcr
-1	rt antoagustian this qf chinamasters2015 edi gloria vs kaixiang dongping 21 14 9 21 21 15 video gt gt https t co scp8jfnzxp
-1	gloria maduka s steady rise to fame inspiring she was inspiration fm s top presenter before she joined the cool f http t co g8c1sfhzgi
-1	hi my name is gloria and i have a bread problem
-1	what a beautiful day http t co llwcko5vfl
-1	los philly cheese steaks son gloria
-1	i just finished day 167 of the youversion plan daystar television 6 month reading plan check it out here http t co juwqkx2i48
-1	he s back https t co 0zgzb3qjhc
-1	one of ms gloria s friends came to school ready for picture day today love his style http t co mlc5klfuav
-1	gloria yes http t co fk2nozzmb2
-1	rt welltbh don t be sad ok im better now thank u
-1	rt stevestfler i wasn t ready https t co srjjdbdflc
-1	gloria gaynor can t take my eyes off you lyrics https t co fqbhp9qbal via youtube
-1	rt jackjackjohnson friday baby whooooooooooohooooooo
-1	rt rockmamaaki smokin in the boy s room motley crue nowplaying bgm rock live http t co zn0ykxvh43
-1	gloria is now available for adoption this female domestic short hair is 1yr old learn more at http t co sir2fmxrol
-1	watching ncis new orleans season 1 https t co dnnzou13tr
-1	rt modernfam this gloria moment was almost as bad as when she shot the drone modernfamily aprilfools
-1	rt rickypdillon mulan just appeared in once upon a time yes this just got so good
-1	hi everyone i m gloria amp this is a new 5sos account i hope you all love this account amp i love you guys http t co sd9paw1o2q
-1	bonnie prince billy gloria trending musicvideo at http t co 3i9j4bevz0 gabbyisactive
-1	el frosty de wendy s a gloria
-1	i added a video to a youtube playlist http t co bwmftcaznl indicators of a weak spirit message by gloria copeland and george
-1	rt namelesscynic if gloria is hearing voices in her head ms branigan should consider explaining the situation to a counselor spockques
-1	rt andrearussett everything i say on twitter is completely serious and intended to be taken seriously
-1	rt crypticbabe we were meant to be we just did it wrong
-1	rt qu0tex something i learned very early on in my career is that there are a lot of things that you do not have any power over gloria
-1	red gloria http t co envvwymbxw
-1	nice hhaa rt okkynaomi short exercises with a new coach gloria_sigma https t co c4uv0de3i7
-1	apparently sofia was mad cuz she asked gloria what an asparagus was and gloria said it was green and disgusting like you huhuhuh
-1	first time driving in lightening
-1	rt larrywoolfolk ggevirtz ireland0828 nupe117 bbrucew12 detcookieman74 rhiannonkwy scrappyneu this is an awaken for the people glo
-1	lot of 2 womens s s tops xcit usa gloria vanderbilt size medium floral stretchy http t co aoew7vtrf8 http t co 4y6l7ydwqc
-1	christian couple have commitment in cross of christ http t co yekrdkff45
-1	rt jocelynnngee cual pinche coachella ni que nada they should ve put a live stream on snapchat of sabado de gloria in jerez
-1	you deserve better is just a sad bullshit excuse someone uses to let you down easy during a breakup http t co q5glrfiyvy
-1	ggevirtz ireland0828 nupe117 bbrucew12 detcookieman74 rhiannonkwy scrappyneu this is an awaken for the people gloria
-1	red gloria http t co xpyhnja0a8
-1	my cuzzo gloria elisa fuentes repping for tonymuthaphukkng apparel coming soon http t co xxvcbtv8b8
-1	red gloria http t co yaxyque0l0
-1	if gloria is hearing voices in her head ms branigan should consider explaining the situation to a counselor spockquestionssonglyrics
-1	rt andrearussett i don t mean to brag but my music taste is the best better than urs and urs and everyone elses
-1	rt themattespinosa it don t feel like a whole year tho
-1	do you love me christomlin section orchestra pit gloria nam row 1 seat 9
-1	q amp a of gloria with the director and lead actress film on gloria trevi the mexican madonna hffny ulpnetwork http t co vis4njlzor
-1	gloria gaynor reach out i ll be there
-1	something i learned very early on in my career is that there are a lot of things that you do not have any power over gloria steinem
-1	i m worried about my baby no joke
-1	i just saw 50 shades of grey
-1	rt bob_badders scores and details from all of today s games besides the two night matchups marlboro midd south and rbr rbc http t c
-1	rt startdfire el trailer de dawn of justice lt la gloria chicos
-1	rt versacecum if a girl cares about you she ll get upset over little things and if you can t handle that go for a hoe that doesn t care
-1	solideo gloria happiness https t co 6frpsdnnp3
-1	rt andrearussett even though she doesn t believe in love he s determined to call her bluff
-1	rt mfamquotes jay to gloria there s no reason you should stay upright but it just works
-1	rsd radio is playing gloria estefan cuts both ways
-1	alehandrah_m you re totally right
-1	rt themattespinosa when yo bae lookin fine http t co v23xnameez
-1	unless ur gloria she s the only one allowed lol
-1	life goals tio chala amp tia gloria they are perfect wanda_1416 cindysalpa http t co fcz6p0pgii
-1	aucuario gloria_brice lilianasnchez9 altamirana2 yamispr amen
-1	why do gloria and mumble remind me so much of jenny and forrest movieaddict
-1	what award did zayn win
-1	alma_gloria it s okay that s the way it should be
-1	vmnt tribute to cardinal george god rest him http t co pebqju3a29 http t co 1xbi9tk8su
-1	ziggy gloria http t co jipiyb473h
-1	nana4danica vestdennis jessheartedward sweetplovestx aquariusinaz courtpencil ma_butler k9numar thank you tgif sweet gloria
-1	jay to gloria there s no reason you should stay upright but it just works
-1	rt worldstarfunny when you want to sleep during class http t co f2sojkjhok
-1	gloriaestefan pizza hut testing diet skinny slice pies http t co ur3frbdnwh gloria estefan http t co j8sabq5ohy
-1	i can t stand this dirty ass mothafucker
-1	rt alehandrah_m alma_gloria your shopping cart looked beautiful
-1	alehandrah_m i swear they only last me a week or two
-1	rt iosernigga i only wanna make bad choices if it s with you
-1	alma_gloria your shopping cart looked beautiful
-1	inadervishi_ i was there but not now
-1	puritan richard baxter a christian directory soli deo gloria hardback http t co bmpkeg2t11 http t co fusrcg3a7u
-1	gloria_natolli i m home now
-1	that great feeling after restocking your kitchen with all them veggies amp fruit
-1	inadervishi_ were you home
-1	first she enraged him then she stole his heart love in a dangerous season gloria_gay_ myfamhrtbookrvw https t co svucha7wdt
-1	busty naija actress gloria says her assets are the biggest http t co 5dmewjp2xa
-1	busty naija actress gloria says her assets are the biggest http t co 5dmewk6ema http t co kzufq7jqcl
-1	breaking news busty naija actress gloria says her assets are the biggest has been published on nigeria breaking http t co 570brzrcrd
-1	i am not now and never have been a girl friend of henry kissinger gloria steinem
-1	rt fapgoddess bitch said im ugly i said bitch where http t co horrnmpidh
-1	rt _elirockwell the way he spazzed on her at the end doe http t co rtoxmi878v
-1	i won t survive gloria gaynor makeahappysongsad
-1	rt tneknai gloria j ladson billings real learning comes from the ground from communities from the streets hiphop aera15 aerasj
-1	being loved by him whose opinion matters most gives us the security to risk loving too even loving ourselves gloria gaither
-1	gloriaestefan destiny by gloria estefan cd 1996 sony music distribution http t co qjpyuommtn music fashion http t co wisgeisxlx
-1	rt todosobrezayn black amp white http t co q9lvkhirxa
-1	hsf staff gloria king director of events b a sociology university of california los angeles ucla ms http t co jpbcmf1iia
-1	j cole type of night
-1	pink friday http t co vmlinclzln
-1	jeffreymadwisc gloria steinem discussing her time in the cia https t co qwrcovsclh
-1	rt 1dusinfo louis has his own record company under sony now ooooo kill em via 1dlittlesecret
-1	rt lwas82 dreaming after all is a form of planning gloria steinem
-1	can someone wt atleats a 1 5 follow dm me with them a present birthday for me please ill follow you
-1	i ve alw ys believed that one woman s success can only help another womanrs success gloria vanderbilt
-1	dreaming after all is a form of planning gloria steinem
-1	rt berlinartprsts far too many people are looking for the right person instead of trying to be the right person gloria steinem http
-1	effective group discussion by katherine adams gloria galanes and brilhart http t co ktgvvrn5lg http t co bmgug197mr
-1	dammitalexx do you like gloria trevi
-1	i love attention but it s from the wrong person
-1	puritan richard baxter a christian directory soli deo gloria hardback http t co ydboxylbwe http t co xdw0gsfaoj
-1	gloria the shadows of knight https t co feohr2m81i
-1	rt holdmaglock _dxlirium_ cocajaee kreamteam_ gloria ima put your head in the toilet
-1	rt holdmaglock _dxlirium_ cocajaee kreamteam_ gloria ima put your head in the toilet
-1	rt panthere_la gloria gaynor i will survive 1979 hq 0815007 https t co qyqgnnxueq via youtube
-1	_dxlirium_ cocajaee kreamteam_ gloria ima put your head in the toilet
-1	rt haroldrepublic now watch the fandom gradually develop a fetish for sexy bald men
-1	rt gbboybs liam s parents louis s mum amp dan with scott1d at the great gatsby ball 16 04 2015 http t co amzmbg6ik4
-1	rt haroldrepublic boyband members or young billionaire politicians 99 of people will get this wrong http t co vppkqhdufd
-1	andysamuels today is my birthday andy
-1	on sunday may 3rd the bishop will be at gloria dei to preach at both services between services he will be http t co ixujoidnxi
-1	gloria grahame http t co jhq9h8raea
-1	gloria dei flower sale april 19th is the last day to order flowers delivered saturday april 25th get ready http t co 0gs11npjwe
-1	gloriaestefan how to lose weight naturally with more useful tips http t co uvnim40wz8 gloria estefan http t co h4reclsycz
-1	rt _gloriaramirez gloria is sucha a hottie http t co 7ycommz5uq
-1	just chilling with lucy luscious and gloria soul at constellationsliverpool at the no homers art https t co cpphqu7h8n
-1	watch the music video bonnie prince billy gloria directed by eduard walhout http t co zyn65dm0h9
-1	been busy how is everyone auntiestress airbnbsuperhost mercougar choiceznewz bc_news_addict thriftboutique orcabc101 gloria_kearns
-1	there s a girl in my heart 1949 gloria jean lon chaney orig 22x28 poster http t co jeb7nwj6fy http t co cp7radipgq
-1	rt 1dasiacrew louis interview with the sun about his own record label 78 productions limited proudoflouis http t co hdswyedbio
-1	rt _smvxx omg gloria s gonna go off now
-1	rt panthere_la gloria gaynor i will survive 1979 hq 0815007 https t co qyqgnnxueq via youtube
-1	rt stereogum watch the video for bonnie prince billy s broeder dieleman cover gloria a special record store day release http t co
-1	rt mermaidzjm zayn s speech at the asian awards left me crying he mentioned the boys and that s so important to me http t co sdjvx4o
-1	rt mxroua that smile on zayns face when he thanked his mum amp dad for making him asian and the audience started laughing fuuck http t
-1	advil thank you i really like your account by the way
-1	gloria_carter18 damn you look pretty
-1	floridaline debeauxos1 hmm try as i may i fail to see any kind of logic here sigh
-1	rt 1dasiacrew zayn thanking one direction during his acceptance speech at the asian awards in london last night april 17th http t co
-1	gloria is one of the most underrated characters on oitnb
-1	gloria gaynor i will survive 1979 hq 0815007 https t co qyqgnnxueq via youtube
-1	gloriaestefan gloria estefan and miami sound machine let it loose cd http t co 9qjp9mikzo music fashion http t co xgca8ypzjd
-1	gloria may be headed back to driving school stayofftheroad worldsworstdriver mofyfriday
-1	gloria is sucha a hottie http t co 7ycommz5uq
-1	rt larrywoolfolk ggevirtz ireland0828 nupe117 bbrucew12 detcookieman74 rhiannonkwy we can serve together gloria
-1	advil today is my birthday
-1	rt dimpious i actually expected louis was gonna have his own record label after one direction not during it
-1	rt 1d_5sosacc when zayn mentioned the boys and said that they were the best for a second i forgot that he left and all i knew was 5 mem
-1	dreaming after all is a form of planning gloria steinem quotes
-1	rt tremelvin i appreciate sincere apologies amp i appreciate when niggas admit that they fucked up but none of that changes the fact that i
-1	rt __idontevenknow meetcristinax happy birthday gloria love you shorty
-1	sang i will survive by gloria gaynor with a student today who was nervous about taking msa science pricelessmoment thingswedoforkids
-1	fuckin gloria man http t co 2h81g3jrqt
-1	rt otradaily after some fans said we still love you to zayn he looks so geniunely happy and his eyes were watering holy http t co cnh
-1	rt zaynjcoie why is no one freaking out over the fact that zayn said here s to the future at the end of his speech
-1	rt otradaily louis will be setting up his own record label which will be launched later this year with the full backing of sony i am so
-1	here s an amazongiveaway to win star wars trilogy episodes iv vi blu hurry https t co wm06a7ufoq
-1	dinner at gloria s potatoes basmatirice currystewedchicken veges foodporn https t co 2bl6mfixrf
-1	rt h0lyh0ran 78 productions limited sounds so much better than modest management am i right or am i right
-1	mymomstory l r me my sisters gloria n mary n my mom she worked hard for us all there is my 2 twin bros also http t co ssxavmzbzu
-1	zaynmalik today is my birthday zayn d
-1	video defending gloria lawyers group says amal clooney clueless on http t co pv7n29afz7 teletech
-1	this week went fast
-1	your song is i will survive by gloria gaynor you are a true fighter at heart even the things that knock you http t co zg8sm4g50b
-1	ggevirtz ireland0828 nupe117 bbrucew12 detcookieman74 rhiannonkwy we can serve together gloria
-1	i liked a youtube video http t co aw7goanh9v laura branigan gloria
-1	harry_styles today is my birthday harry x
-1	i liked a youtube video from karaokegato http t co qhu9yyahwh karaoke gloria laura branigan
-1	louis_tomlinson today is my birthday louis d
-1	rt mrcheckpoint http t co hfijq2supf 8pm 1am losangeles dui checkpoint northhills roscoe blvd at gloria ave nodui la http t co
-1	gotta bitch named gloria
-1	rt mrcheckpoint http t co hfijq2supf 8pm 1am losangeles dui checkpoint northhills roscoe blvd at gloria ave nodui la http t co
-1	real_liam_payne today is my birthday liam
-1	vonnymac105 instagram let s mend what s been broken by gloria gaynor from soundhound http t co exi1clfkbb
-1	rt mrcheckpoint http t co hfijq2supf 8pm 1am losangeles dui checkpoint northhills roscoe blvd at gloria ave nodui la http t co
-1	on air sur http t co 7i5qqjd78c np gloria gaynor can t take my eyes off you pochette http t co ddv5gxhosj
-1	happy birthday gloria enjoy your day amp god bless gydlgdo
-1	gloria hanging with me edge cafe since i m locked out of the house 4 17 25 8 30 pm she has jerk chicken http t co t3spf9jokk
-1	rt jumblejim my daughter maddie is seeing verdigris tonight for the 12th time tonight and some of you idjits haven t seen it once
-1	the fact that i have to wake up at 4 30 for work tomorrow
-1	yuka_carter i made it to gloria jeans yay
-1	niallofficial today is my birthday
-1	sorryimalex today is my birthday alex
-1	gloriaestefan gloria estefan greatest hits cd 1992 epic sony legacy http t co lvegnqzlp3 music fashion http t co dcx9jhpwfa
-1	rt booknerdfession the music in his laughter had a way of rounding off the missing notes in her soul gloria naylor linden hills
-1	gv gloria vidal women s off shoulder embroidered lilies blouse large white gv http t co xbayy9blsy via amazon
-1	ria_09075 gloria if you are interested in maximizing your health naturally with essential oils click http t co 4gehsxvwh1
-1	morning strumming phard have a super fabulous day you deserve better pic https t co vmrtlyfnbf
-1	gv gloria vidal women s off shoulder embroidered dahlia blouse large black gv http t co ra7pe6lgrj via amazon
-1	instagram let s mend what s been broken by gloria gaynor from soundhound http t co poxplq1fox
-1	gv gloria vidal women s hand embroidered mexican peasant blouse large white g http t co vrzw4eortm via amazon
-1	gv gloria vidal women s off shoulder mexican eyelet trim blouse large white g http t co lcygcewjpt via amazon
-1	gv gloria vidal women s mini peasant dress one size white gv gloria vidal http t co kyhkcpli2c via amazon
-1	gv gloria vidal women s hand embroidered mexican peasant blouse medium white http t co xhw7yubhue via amazon
-1	rt aera_edresearch gloria ladson billings marxism can t answer that janet jackson question what have they done for us lately aera15 h
-1	gv gloria vidal women s mini peasant dress one size yellow gv gloria vidal http t co i2mfxp5rbd via amazon
-1	sorryimalex today is my birthday
-1	first double of the summmaaaaaa gloria s west indian restaurant https t co 1aojoixdq4
-1	fallontonight chelseavperetti at first glance i thought this was the hot as gloria estefan
-1	rt mrcheckpoint http t co hfijq2supf 8pm 1am losangeles dui checkpoint northhills roscoe blvd at gloria ave nodui la http t co
-1	at the edge caf w 139th amp edgecombe avenue owned by juliet amp justine i m locked out of hose so gloria came http t co ewbiu8asom
-1	rt cmha_sm jon us this saturday at gloria s restaurant for a delicious 2 breakfast all proceeds coming to cmha http t co do7lf36xpy
-1	about the only thing that comes to us without effort is old age gloria pitzer 0
-1	lyndseyevans i ve only performed poulenc s gloria i m familiar with pergolesi s stabat mater but poulenc s is something else js
-1	gloriamitchell6 thanks for the fb gloria look forward to your tweets have a gr8 weekend
-1	this is the last song by gloria estefan and the miami sound machine it was great to relive the http t co zgwnhbnp3f
-1	gloria s super special super special indeed latergram gloria s restaurant https t co c3hsayqjc0
-1	gloriaestefan how to lose weight naturally with more useful tips http t co n2f0yxl061 gloria estefan http t co 1iox3jswcv
-1	rt booknerdfession the music in his laughter had a way of rounding off the missing notes in her soul gloria naylor linden hills
-1	rt booknerdfession the music in his laughter had a way of rounding off the missing notes in her soul gloria naylor linden hills
-1	i don t believe gloria would be with jay if he didn t have money mofy
-1	rt larrywoolfolk ggevirtz ireland0828 nupe117 bbrucew12 detcookieman74 rhiannonkwy that is so correct gloria an why this did is a d
-1	laigatapeli prolly gloria
-1	gloriacorbi poor gloria stay awake and read team_barrowman and scottmale on twiitter then you can have lovely dreams about them
-1	gloria holland http t co tfaidusd39
-1	amen amen amen gloria holland http t co lz8jw0wyla
-1	gloria vanderbuilt dark wash relaxed fit jeans women s size 6 short http t co ihvqllrejq http t co 8gc19diqfu
-1	gloria vanderbuilt dark wash relaxed fit jeans women s size 6 short http t co 0anq6vzn5t http t co ybdwifwdk0
-1	rt trapicalgod it s weird when you realize the person you once told everything to now has no idea of what s happening in your life
-1	here is gloria estefan and the miami sound machine live in concert http t co eyxhrlg6sq
-1	all the high schoolers on my street are going to prom tonight i m watching netflix ifeelold
-1	thanks gloria holland http t co ts39yafqhx
-1	https t co cahixh5otu the doors gloria dirty version music video fantasy cut
-1	amen amen amen gloria holland http t co fbh4wwxibs
-1	lmao this just got a bit awkward
-1	rt albertinibenede dovreste vedere me e gloria hip hop tonight
-1	rt larrywoolfolk ggevirtz ireland0828 nupe117 bbrucew12 detcookieman74 rhiannonkwy that is so correct gloria an why this did is a d
-1	season 4 de twd na netflix gloria ao pai
-1	gloriaestefan greatest hits by gloria estefan cd nov 1992 epic usa http t co heflo7hf1t music fashion http t co lbqmz7bs1q
-1	amagzz take that gloria meninblazers
-1	busty actress gloria says her assets are the biggest rising nollywood actress gloria pius is in the league of http t co vyx2rpbmev
-1	gloria consolidate estefan elected to curds amp whey hall of fame 1st ballot 89 6 of vote
-1	mlm news network marketing mlm trainer gloria starr http t co pr5a8saqxv press release http t co otqln2jeny
-1	rt robthehockeyguy the hockey guy is going nationwide i m making my tv debut on cbc tomorrow morning http t co qj5imlzdg7
-1	duicheckpoint today 8p 1a roscoe blvd amp gloria ave northhills losangeles dui lawyer criminaldefense notguilty abogado matianfirm
-1	rt simplyyadnama gloria stop singing
-1	gloria sells bbd 10 36 banco bradesco sa stock rating reaffirmed by canaccord genuity bbd banco bradesco sa http t co fbpqizrost
-1	rt simplyyadnama gloria is so annoying
-1	gloria trevi is so hot wtf
-1	rt joycelinnxx xogloriaa oh gloria thank you thank you thank you thank yer i love you so much
-1	me oh gloria you re so funny mom oh janeele you re so hideous i love my family
-1	rt eliizabetchhh andrewerbes i need to come try gloria jeans soon
-1	i am not now and never have been a girl friend of henry kissinger gloria steinem
-1	andrewerbes i need to come try gloria jeans soon
-1	lol gloria tried to tear paul pierce up
-1	beyonc gloria steinem that einstein s admission my wife does my mathematics is http t co 7khrfzsctq
-1	rt medievaiprobs when u finish doing your make up but u realize it looks terrible http t co gcsrubux3r
-1	sitting here is torture
-1	nw shameless season 5
-1	dreaming after all is a form of planning gloria steinem
-1	coming up the equal rights amendment with gloria and jessica neuwirth on april 21 6pm room 9205
-1	if you don t have four cereal boxes open at the same time what is the point of even being an adult gloria fallon
-1	rt kmcreativellc summer is almost here are you redecorating your room throw in a imdylandauzat poster or shirt http t co 3kmhz
-1	rt justinbieber strongest ever https t co txeuvivaat
-1	rt blakefperry can t have enough calvin klein underwear amp t shirts
-1	rt rickypdillon disappointed in what jerry seinfeld said about youtube when he himself had miranda sings a youtuber as a guest lol htt
-1	rt rickypdillon its ok to not like or disagree with someone s work but you shouldnt call it garbage just because it isn t as professiona
-1	rt andrearussett my tumblr screams ur name
-1	the talented hot sext beautiful gloria estefan singing here we http t co wjounf08mw
-1	rt rickypdillon respect other people s work and content as long as what they re creating isn t harming anyone else if it makes people ha
-1	sz 8 gloria vanderbilt cropped cotton blend pants short jeans embroidered slits http t co 3w2t7cykhc http t co seixnbma1i
-1	rt themattespinosa i m sorry i haven t been posting much content lately need to prioritize my business and content schedule better than
-1	rt themattespinosa got some really cool stuff comin new merch skits vlogs photoshoots and information on cities and countries i ll b
-1	if you think your life sucks think again http t co jvw3qufpvw
-1	gloria in this episode is very me
-1	mrabusidiq bashiryusuf gloria_adagbon moduwaye xenophobic attacks on nigerians fgn nigerian lives matter http t co aqwx8nfuyr
-1	one of my all time favorites done by gloria estefan and the miami sound http t co wtg24rncsb
-1	yeah im the reason why you always getting faded
-1	i have been on twitter for 2 years and 7 days since 10 apr 2013 and you http t co ukorerqoby
-1	i will survive gloria gaynor https t co nfnxzoyuy4 via youtube
-1	honestly never know the immature ppl you go to school with untill you witness an argument
-1	dian knight singing vivaldi gloria http t co aayciuwtf9
-1	gloria and her bf are goals af
-1	watching the birdcage remembering how much kitten_arms and i used to love agador aka hank azaria come on gloria so good
-1	happy birthday gloria love youuuuuu here are some wack pics to prove it http t co fxlnsqkcad
-1	am done
-1	shoutout to the bitches who get beat up but show they face at school the next day y all the real mvp
-1	rt glorifiedwilk rt this for 35 free follows free because bored af
-1	rt irmadesmond gloria swanson amp helen bray danger girl 1916 http t co iewemycjfz
-1	gloria amp emilio estefan may need vip practice to get to carnegie where they re told to wait in line http t co dukzn9h0tn
-1	moduwaye gloria_adagbon mohangel002 ayourb we are all talk and no action start by dumping ur mtn numbers i have
-1	amazing spread at our volunteer milestone party courtesy of classics by gloria https t co rnn9zisemq
-1	having a blessd time preaching w pastor gloria 25th anniversary renewal of vows 4 pastor jay amp ingrid broadnax http t co toaxhqbwzi
-1	the miami sound machine with gloria estefan and come out of the dark on dj ronnie e s disco http t co nn32xv0zfc
-1	phy b day say wish u all d best jake with gloria https t co jx9wbcomfz
-1	check them out busty naija actress gloria says her assets are the biggest some ladies are proud of their val http t co mlt7wcteqk
-1	the lord s prayer sung by andrea bocelli for the dead in the tragedy of galicia and all your family and friends http t co tkixjrxstp tcot
-1	gloria lynn 45 fontana 1538 sometimes it be s that way m 1966 northern http t co i1tcfslqbk http t co f4bxxfnau5
-1	this is gloria estefan with her husband emilio and the rest of the miami sound machine http t co 8dqtrmzods
-1	all right mr demille i m ready for my close up norma desmond gloria swanson sunset boulevard 1950
-1	gloriaestefan book review attract your ideal weight 8 secrets of people http t co hlfpwszdwq gloria estefan http t co 9ofrinc7wd
-1	rt if you are thinking of running your own business read on 7 unexpected signs you might be an entrepreneur http t co zwn7du5pbl
-1	signifyingwolf releases cover of gloria a song i recorded with betonnie in holland last year recordstoreday http t co 20xd2njfwe
-1	nowplaying anything for you von gloria estefan sendung flashback dreamnight auf magic_flashback lautfm http t co byfopjppqa
-1	stroke patient 84 died in hospital after nurses ignored her for an hour http t co upgxn1e0rc gloria ross was found with a distorted
-1	shelby_rogers_ aye have brittany call me
-1	check them out busty naija actress gloria says her assets are the biggest some ladies are proud of their val http t co hxd2svpy0s
-1	check them out busty naija actress gloria says her assets are the biggest some ladies are proud of their val http t co xqn9ftqt6i
-1	check them out busty naija actress gloria says her assets are the biggest some ladies are proud of their val http t co p2tkeilwnd
-1	rt rebukedsagacity all of this http t co hcr3myevby
-1	check them out busty naija actress gloria says her assets are the biggest some ladies are proud of their val http t co 2ndzfugujr
-1	check them out busty naija actress gloria says her assets are the biggest some ladies are proud of their val http t co ubudaoppbv
-1	check them out busty naija actress gloria says her assets are the biggest some ladies are proud of their val http t co y9qnzewg8r
-1	check them out busty naija actress gloria says her assets are the biggest some ladies are proud of their val http t co ctog3dyftm
-1	check them out busty naija actress gloria says her assets are the biggest some ladies are proud of their val http t co tgqavn0iir
-1	check them out busty naija actress gloria says her assets are the biggest some ladies are proud of their val http t co zbjpllwyj4
-1	check them out busty naija actress gloria says her assets are the biggest some ladies are proud of their val http t co qmfybyq4cb
-1	check them out busty naija actress gloria says her assets are the biggest some ladies are proud of their val http t co xxfy3i08p1
-1	check them out busty naija actress gloria says her assets are the biggest some ladies are proud of their val http t co bsky0cy9vy
-1	check them out busty naija actress gloria says her assets are the biggest some ladies are proud of their val http t co a6wsb12g2o
-1	check them out busty naija actress gloria says her assets are the biggest some ladies are proud of their val http t co ewdn5wsyf2
-1	check them out busty naija actress gloria says her assets are the biggest some ladies are proud of their val http t co hrboaahywp
-1	check them out busty naija actress gloria says her assets are the biggest some ladies are proud of their val http t co eq6fixp1el
-1	check them out busty naija actress gloria says her assets are the biggest some ladies are proud of their val http t co zc9rufvxid
-1	knippers_20 call me
-1	check them out busty naija actress gloria says her assets are the biggest some ladies are proud of their val http t co ihovnfezmv
-1	check them out busty naija actress gloria says her assets are the biggest some ladies are proud of their val http t co 9o1iy2tbtz
-1	check them out busty naija actress gloria says her assets are the biggest some ladies are proud of their val http t co r6ovzgzhsj
-1	check them out busty naija actress gloria says her assets are the biggest some ladies are proud of their val http t co ctoecrep0t
-1	check them out busty naija actress gloria says her assets are the biggest some ladies are proud of their val http t co frdgvykvdb
-1	ms gloria offered me free pizza
-1	rt irmadesmond gloria swanson amp helen bray danger girl 1916 http t co iewemycjfz
-1	gloria vanderbuilt casuals womens blue green leaf print button down shirt small http t co nwflo7j4q5 http t co wveywwzawh
-1	gloria vanderbuilt casuals womens blue green leaf print button down shirt small http t co vkz94rn51g http t co y3pju2zwyc
-1	network marketing mlm trainer gloria starr product knowledge is not enough to be assured of success in netw http t co cqtcxqelsp
-1	gloria vanderbuilt casuals womens blue green leaf print button down shirt small http t co jokqanbiom http t co v1lybamlnq
-1	bad girls ain t no good amp the good girls ain t no funn https t co ronsimuxgb
-1	gloria swanson amp helen bray danger girl 1916 http t co iewemycjfz
-1	rt botdfmusic here are the 3 razorkissla shirts that we will be launching tomorrow for pre orders limited edition 200 prints only http
-1	rt gacspartans good luck gacsh choir and orchestra we can t wait to hear vivaldi s gloria performed tonight at oak grove umc
-1	rt boycpphoto nice out at first from gloria to silvia gobobcatsgo boycphs against richards bobcatstrong http t co dpjxfmevvj
-1	ggevirtz ireland0828 nupe117 bbrucew12 detcookieman74 rhiannonkwy that is so correct gloria an why this did is a disgrace tom cotton
-1	my song is don t stop believin by gloria gaynor which legendary song best describes your life http t co ysxbc52f3c
-1	broadway bound gloriaestefan amp emilio estefan reveal who will play them on stage http t co zdaoypmtic via extratv
-1	rt tamiedearen rt gloriarepp the forever stone the dumont chronicles by gloria repp http t co xn9ezztxcj cr4u http t co aouzeuiiwo
-1	love them older
-1	but that s so attractive someone who has shit together
-1	wish you didn t have work always
-1	rt iosernigga at least my intentions were good
-1	have such a lovely evening nurse team gloria
-1	now playing gloria estefan gloriaestefan get on your feet http t co nqtjoontgn
-1	rt comfort don t fuck this up
-1	gloriaestefan christmas through your eyes by gloria estefan cd sep 2001 http t co axj9kzuhwn music fashion http t co uzdaq4abdp
-1	rt naebankos me on my birthday lol http t co bhc2sqponw
-1	rt tamiedearen rt gloriarepp the forever stone the dumont chronicles by gloria repp http t co xn9ezztxcj cr4u http t co aouzeuiiwo
-1	have you heard tumbas de la gloria by jev negromusica on soundcloud np https t co 0e0pte5i5u
-1	cubancutenese crystalgvasquez jv8097 cuban_love21 gloria_her erikaprater taniamirozlava enjoy ur night hv a happy w e every1
-1	alma_gloria thank you alma means a lot
-1	rt realmcgoldrick too much mo t taken staggering around the streets shirtless looking for gloria huniford to tell her i want another c
-1	rt realmcgoldrick too much mo t taken staggering around the streets shirtless looking for gloria huniford to tell her i want another c
-1	rt mrcheckpoint http t co hfijq2supf 8pm 1am losangeles dui checkpoint northhills roscoe blvd at gloria ave nodui la http t co
-1	the hockey guy is going nationwide i m making my tv debut on cbc tomorrow morning http t co qj5imlzdg7
-1	my friend gloria makes the best salads insert salad emoji here salad greeksalad springsalad https t co v1ksimulvj
-1	http t co fuppsjgxmi gloria los angeles escorts is available now
-1	enjoying this beautiful weather in ny little oban n a nice serie r la gloria cubana http t co fobh7z3zbg
-1	gloriaestefan garcinia cambogia elite slim getting rid of those last few http t co dzzojdhwlm gloria estefan http t co bszf5i2vzm
-1	enjoy the ride http t co g80g7enwtn
-1	the truth will set you free but first it will piss you off gloria steinem
-1	hollowcrownfans must be marvellous
-1	rt qc some of us are becoming the men we wanted to marry gloria steinem tothegirls
-1	rt steampunk_t steampunk totoro cake by gloria cakes http t co nke34rdlb0 http t co ep8rbyjfwc
-1	heather1337 as riley by david love photography http t co td3fmdwp1x
-1	at deerfield talent show with gloria and vikas d oldbuds
-1	holyyyyyy mollyyy mother of earth https t co fhd7djnehy
-1	kthopkins neither are you accomplished enough jsp has been a newspaper editor nadia a tv presenter and actress gloria a long career
-1	viva la gloria green day drum cover youtube http t co d6h0eu3fps
-1	rt gacspartans good luck gacsh choir and orchestra we can t wait to hear vivaldi s gloria performed tonight at oak grove umc
-1	rt bob_badders scores and details from all of today s games besides the two night matchups marlboro midd south and rbr rbc http t c
-1	cubancutenese mijaro crystalgvasquez jv8097 gloria_her erikaprater taniamirozlava great wkend chicas besos
-1	enter the gloria ferrer wines begloriouscontest amp grab a few of these profiteroles http t co 24rdc4vsnb cg http t co rnrdhqei1u
-1	rt tamiedearen rt gloriarepp the forever stone the dumont chronicles by gloria repp http t co xn9ezztxcj cr4u http t co aouzeuiiwo
-1	rt leebryant damiancorbet dt celineschill charleneli lombardi_gloria elsua simongterry euan johnqshift re orignal q gt http t
-1	i saved a youtube playlist http t co mkllotcomx mix gloria estefan turn the beat
-1	rt mrspeedtrap http t co hly3i1tjjf 8pm 1am losangeles dui checkpoint northhills roscoe blvd at gloria ave nodui la http t co 8
-1	nowplaying tainted love 1976 recording by gloria jones on anghami http t co 8t7a6lu9ow
-1	hey gloria how are you i m great http t co a606gq5hn0
-1	rt 1dtoursca rumor has it mr louis tomlinson has started his own record label with sony it would be a similar idea to hi or hey records
-1	rt ratliffr5 someday i ll have a hover lounge chair so at any time i can feel like i m lounging in a pool but i m like in a parking lo
-1	rt mcriley__ which glee performance gloria rt or the happening fav http t co 74i9q39z9y
-1	rt malikzapchat this isnt a game http t co jdkhybmrii
-1	rt bob_badders scores and details from all of today s games besides the two night matchups marlboro midd south and rbr rbc http t c
-1	rt haroldrepublic from barely having any solos to becoming an owner of a record company wow louis is the fucking king
-1	video defending gloria lawyers group says amal clooney clueless on http t co jwjdn1jwni teletech
-1	rt 1dinsidereport i m pretty sure louis said something funny when this photo was taken a http t co tlqo2cammm
-1	the truth will set you free but first it will piss you off gloria steinem
-1	rt gd_lyrics bring us the season that we always will remember don t let the bonfires go out viva la gloria
-1	rt marcosyaroide sold out new york radiovisioncristiana mayo 16 teatro united palace gloria a dios http t co wfz3qczigo
-1	rt 1dalertww louis is setting up his own record label which will be launched this year with the full backing of sony http t co 3cdbl
-1	we have a snake living under our house it is a garter garden snake yep andrea and me were afraid to go up http t co mbwrrcfsgs
-1	rt weupdate1dfans here is the tweet from dan wootton regarding louis record label rach https t co 8jprcfeeos
-1	rt cmb_jalooo my dad say he cancer free http t co t0fqeusofl
-1	gloria gaynor i will survive nowplaying en http t co mgj52njcbk siguemeytesigo
-1	rt stylatorarmy louis is setting up his own record label at sony he s already signed a girlband amp jack walton http t co oketlw7irf
-1	rt adorxblezaynie liam is such a dad http t co cbjjjyfynw
-1	scores and details from all of today s games besides the two night matchups marlboro midd south and rbr rbc http t co texycov89v
-1	rt 1dinsidereport louis starting his own record company doesn t literally mean that he s gonna leave one direction so calm down loves
-1	rt gacspartans good luck gacsh choir and orchestra we can t wait to hear vivaldi s gloria performed tonight at oak grove umc
-1	rt gbboybs zayn during his accepting speech 5 http t co 0fkod4dqfp
-1	rt rebarambomcguir the moment you share your new baby song with your mentor gloria gaither amp she says it s beautiful i love it gri
-1	rt haroldrepublic i m ok with zayn shaving off his head getting more tattoos and a nose piercing what really matters is he s happy
-1	gloria turner thanks for the follow http t co sc9muzk8cm
-1	rt mcriley__ which glee performance gloria rt or the happening fav http t co 74i9q39z9y
-1	rt harryfairies omg louis is starting his own record label i am a proud mother
-1	rt gbboybs zayn with his award at the asian awards 17 04 2015 http t co xr7mk1oxhe
-1	gloria vanderbilt women s blue short sleeve crochet shirt sz medium http t co gabrhdpn2o http t co qjftbjrhvt
-1	rt ww1dupdates zayn s acceptance speech at the asian awards http t co yllufpvhd8
-1	rt realjohnbravo what gloria steinem henry kissinger have in common cia pay http t co 220pipg7pl via bloombergnow cc kim_tastiic
-1	rt zaylenas aw trisha http t co rylpdqfsi5
-1	bring us the season that we always will remember don t let the bonfires go out viva la gloria
-1	mijaro crystalgvasquez jv8097 cuban_love21 gloria_her erikaprater taniamirozlava have a nice night amp a lovely weekend amigas lqm
-1	reinabeyonce oh gloria
-1	rt williebarcena when i was younger i was stimulated by a woman s looks now i m stimulated by intelligence my 3some would b judge judy
-1	officialmakay bye that was gloria lmao
