-1	i had a very strange dream last night i dreamt that u told me u love someone else and her name is carol amp i realized its time to gve up
-1	one night he wakes strange look on his face pauses then says you re my best friend and you knew what it was he is in love
-1	love is that condition in which the happiness of another person is essential to your own robert a heinlein stranger in a strange land
-1	i liked a youtube video http t co zhjgowfojg love is strange
-1	love is such a strange thing
-1	rt theserioussfact love is rare life is strange nothing last people change
-1	have you ever noticed money is a strange thing it ranks with love as a great source of joy and with death as a great source of anxiety
-1	rt blzaki alisashamrow love your new album wow hard to top isn t love strange but your voice is more beautiful with time
-1	the tumblr community is so weird bizarre strange and odd i love em tumblr
-1	rt theserioussfact love is rare life is strange nothing last people change
-1	rt theserioussfact love is rare life is strange nothing last people change
-1	rt theserioussfact love is rare life is strange nothing last people change
-1	rt theserioussfact love is rare life is strange nothing last people change
-1	rt theserioussfact love is rare life is strange nothing last people change
-1	rt theserioussfact love is rare life is strange nothing last people change
-1	rt theserioussfact love is rare life is strange nothing last people change
-1	rt theserioussfact love is rare life is strange nothing last people change
-1	rt theserioussfact love is rare life is strange nothing last people change
-1	rt theserioussfact love is rare life is strange nothing last people change
-1	rt theserioussfact love is rare life is strange nothing last people change
-1	love is rare life is strange nothing last people change
-1	rt theserioussfact love is rare life is strange nothing last people change
-1	rt theserioussfact love is rare life is strange nothing last people change
-1	rt theserioussfact love is rare life is strange nothing last people change
-1	rt theserioussfact love is rare life is strange nothing last people change
-1	rt theserioussfact love is rare life is strange nothing last people change
-1	rt theserioussfact love is rare life is strange nothing last people change
-1	rt theserioussfact love is rare life is strange nothing last people change
-1	rt theserioussfact love is rare life is strange nothing last people change
-1	rt theserioussfact love is rare life is strange nothing last people change
-1	rt theserioussfact love is rare life is strange nothing last people change
-1	rt theserioussfact love is rare life is strange nothing last people change
-1	rt theserioussfact love is rare life is strange nothing last people change
-1	rt theserioussfact love is rare life is strange nothing last people change
-1	rt theserioussfact love is rare life is strange nothing last people change
-1	rt theserioussfact love is rare life is strange nothing last people change
-1	rt theserioussfact love is rare life is strange nothing last people change
-1	rt theserioussfact love is rare life is strange nothing last people change
-1	rt theserioussfact love is rare life is strange nothing last people change
-1	money is a strange thing it ranks with love as our greatest source of joy and with death as our greates sourde of anxiety
-1	i know smoking is supposed to be a bad habit but i love watching men smoke i will legit sit down and watch you do it because i am strange
-1	rt annagokova love is strange feelings of the soul are in need of affection and mental calming
-1	rt nabilahaxor_tnt love is strange the more you try to remove it from your heart the more often he appears in your mind nabilahjkt48
-1	love is strange the more you try to remove it from your heart the more often he appears in your mind nabilahjkt48
-1	love is that condition in which the happiness of another person is essential to your own robert a heinlein stranger in a strange lan
-1	love is strange by marios papalexis with artwork by jutta gabriel https t co ufv3aqdkhd via youtube
-1	our love is taking a strange turn but ok rt iamtjones tressiemcphd can you come slap me and tell me to start writing
-1	one of his best which is strange so late in career bob dylan https t co j0v9ogxfoo love sick perfect
-1	rt theserioussfact love is rare life is strange nothing last people change
-1	otqps i have 7 love gems and i m like this is so strange
-1	money is a strange thing it ranks with love as our greatest source of joy and nith death as our greatest source of ansiety
-1	the human heart is a strange vessel love and hatred can exist side by side
-1	rt musicsmsg love is strange sometimes it makes you crazy it can burn or break you lana del rey
-1	rt deiics love is strange u do anything for a person trying to please them amp they could treat u like shit but u still crave amp lose sleep
-1	rt induige love is strange u do anything for a person trying to please them amp they could treat u like shit but u still crave amp lose slee
-1	i added a video to a youtube playlist http t co 4112s6xp67 love is strange dirty dancing soundtrack
-1	rt theserioussfact love is rare life is strange nothing last people change
-1	love is rare life is strange nothing lasts people change
-1	johnwxtsxn love that still is strange coming from your mouth but i like it
-1	holybatgirl oooh i love life is strange enjoy
-1	just saw the trailer for the game life is strange and fell in love must play now
-1	rt thematthewpaul karendavid love is strange lyrics from the official galavant soundtrack http t co 8vsfwapnte
-1	rt julianuary jonmon happy birthday bro it s already the 18th over here in poland dude strange love is the jam thanks for introdu
-1	lemon is a clever sempai who s not strange a lot of kouhais love you but they re 2 weird http t co kwrzxafo6a goodness gracious
-1	this is so strange but i love it http t co iunu1ti4tl http t co g9yfexie55
-1	rt thefactguide love is rare life is strange nothing last people change
-1	money is a strange thing it ranks with love as our greatest source of joy and with death as our greatest source f anxiety
-1	money is a strange thing it ranks with love as our greatest source om joy and with death as our greatest source of anxiety joedmoore
-1	rt induige love is strange u do anything for a person trying to please them amp they could treat u like shit but u still crave amp lose slee
-1	playing love is strange by mickey amp sylvia
-1	rt kayla_gastineau she sure is strange but she s the best love you more than words lyd http t co av9zfssk6o
-1	she sure is strange but she s the best love you more than words lyd http t co av9zfssk6o
-1	money is a strange thing it rants with love as our greatest source of joy and with death as our greatest source of anxiet joe moore
-1	rt engrossingfacts love is rare life is strange nothing last people change
-1	meg_schnei_nei yaaassss this is so strange bc you never have them done love it tho
-1	money is a strange thing it ranks with love as our greatest source of joy and with death as our greatest source tf anxiety
-1	rt engrossingfacts love is rare life is strange nothing last people change
-1	rt engrossingfacts love is rare life is strange nothing last people change
-1	rt engrossingfacts love is rare life is strange nothing last people change
-1	colon with an rbi and a nimble play off the mound this is getting very strange and i love it
-1	rt engrossingfacts love is rare life is strange nothing last people change
-1	rt engrossingfacts love is rare life is strange nothing last people change
-1	engrossingfacts love is rare life is strange nothing last people change
-1	rt engrossingfacts love is rare life is strange nothing last people change
-1	joeygraceffa the speech at the end of life is strange brought me to tears thank you for keeping me in this life i love you joey
-1	rt thematthewpaul karendavid love is strange lyrics from the official galavant soundtrack http t co 8vsfwapnte
-1	rt engrossingfacts love is rare life is strange nothing last people change
-1	rt engrossingfacts love is rare life is strange nothing last people change
-1	rt engrossingfacts love is rare life is strange nothing last people change
-1	rt engrossingfacts love is rare life is strange nothing last people change
-1	rt thematthewpaul karendavid love is strange lyrics from the official galavant soundtrack http t co 8vsfwapnte
-1	don t jump life is strange ep 12 joeygraceffa this touched me and made my whole day love u so much joey http t co as9fotxefg
-1	a strange contradiction that is pandemic in the arabian gulf region is people that hate sisi but love his backers the gulf governments
-1	rt messinaisletwo angelinamutino love is strange every person in history
-1	rt musicsmsg love is strange sometimes it makes you crazy it can burn or break you lana del rey
-1	rt theserioussfact love is rare life is strange nothing last people change
-1	rt thefactguide love is rare life is strange nothing last people change
-1	joeygraceffa just watched your life is strange aw the speech lt 3 love you joey
-1	rt theserioussfact love is rare life is strange nothing last people change
-1	link removed barney_strange is my favourite from theisland by far would love a follow barney x
-1	a_libellule you don t understand the ouran love is strong and the strange fan fics even stronger w
-1	barney_strange is my favourite from theisland by far would love a follow barney x
-1	jonmon happy birthday bro it s already the 18th over here in poland dude strange love is the jam thanks for introducing me to that
-1	i love books but idk cds is a strange obsession for me
-1	finds it hard to put pen to paper for love songs but is very capable when it comes to death strange child
-1	rt thematthewpaul karendavid love is strange lyrics from the official galavant soundtrack http t co 8vsfwapnte
-1	angelinamutino love is strange every person in history
-1	love is that condition in which the happiness of another person is essential to your own robert a heinlein stranger in a strange land
-1	love is rare life is strange nothing lasts people change
-1	rt thematthewpaul karendavid love is strange lyrics from the official galavant soundtrack http t co 8vsfwapnte
-1	your words at the end of life is strange really stabbed me in the heart and gave me the feels like super hard i love you joeygraceffa
-1	rt ferrahashemi harshivhumsafarss2 but today i m feeling strange i feel like our love is dying 4lionsfilms abpnewstv
-1	one night he wakes strange look on his face pauses and says you re my best friend and you knew what it was he is in love
-1	joeygraceffa i love your life is strange series i m playing it too and it s so weird cool cos our stories are totally different
-1	love is rare life is strange nothing lasts people change
-1	alisashamrow love your new album wow hard to top isn t love strange but your voice is more beautiful with time
-1	aedaily fate love the idea of soul mates and some other humany type stuff strange is the best description
-1	lol i love how niall is such a strange name yet we re all so use to it that it seems like second nature
-1	love is rare life is strange nothing lasts people change
-1	rt tegiminis i just wanna see a superman who is strange and alien but still love people and humans we play up the raised by humans bit
-1	rt theserioussfact love is rare life is strange nothing last people change
-1	videodante he is still built around a human concept norse thor i d love to see some really strange superhero that still loves people
-1	i just wanna see a superman who is strange and alien but still love people and humans we play up the raised by humans bit too much
-1	rt induige love is strange u do anything for a person trying to please them amp they could treat u like shit but u still crave amp lose slee
-1	he s a creep life is strange ep 1 part 3 love this series zailetsplay http t co ikma2w8hur
-1	rt theserioussfact love is rare life is strange nothing last people change
-1	rt gilliamreggie love is a puzzle with missing pieces strange thing is tho you don t need all the pieces to make out what the picture is
-1	rt induige love is strange u do anything for a person trying to please them amp they could treat u like shit but u still crave amp lose slee
-1	rt gilliamreggie love is a puzzle with missing pieces strange thing is tho you don t need all the pieces to make out what the picture is
-1	love is a puzzle with missing pieces strange thing is tho you don t need all the pieces to make out what the picture is
-1	rt thematthewpaul karendavid love is strange lyrics from the official galavant soundtrack http t co 8vsfwapnte
-1	rt thematthewpaul karendavid love is strange lyrics from the official galavant soundtrack http t co 8vsfwapnte
-1	rt thematthewpaul karendavid love is strange lyrics from the official galavant soundtrack http t co 8vsfwapnte
-1	disclaimer on the whole print is dead thing it was a joke i hate reading ebooks love the tactile beauty of the humble paperback
-1	it is strange how your brain makes you think you love someone but your tears say something else
-1	epik high is an inspiration winner is more mature kind of love and even exo was always like this strange way of entertainment
-1	even monsters need love on their lives then why is it strange fr u when comes to me
-1	rt theserioussfact love is rare life is strange nothing last people change
-1	love is rare life is strange nothing lasts people change
-1	my mom is in love with louis which is strange considering he s my son
-1	i love how strange milton jones is
-1	rt thematthewpaul karendavid love is strange lyrics from the official galavant soundtrack http t co 8vsfwapnte
-1	blackbear is so strange i love it
-1	jackson browne amp david lindley stay love is strange https t co xojl4ahrjz via youtube mobilemole50 hope this is on your mp3
-1	rt theserioussfact love is rare life is strange nothing last people change
-1	love love is strange
-1	rt thematthewpaul karendavid love is strange lyrics from the official galavant soundtrack http t co 8vsfwapnte
-1	rt thefactguide love is rare life is strange nothing last people change
-1	rt thematthewpaul karendavid love is strange lyrics from the official galavant soundtrack http t co 8vsfwapnte
-1	good morning australia happiness is strange it comes when you are not seeking it quote happinessmoments love http t co uf8mdkt9mb
-1	rt thematthewpaul karendavid love is strange lyrics from the official galavant soundtrack http t co 8vsfwapnte
-1	rt agneshappyy i m playing life is strange with my mom i love the game so much lt 3
-1	rt thematthewpaul karendavid love is strange lyrics from the official galavant soundtrack http t co 8vsfwapnte
-1	i m playing life is strange with my mom i love the game so much lt 3
-1	rt thematthewpaul karendavid love is strange lyrics from the official galavant soundtrack http t co 8vsfwapnte
-1	karendavid love is strange lyrics from the official galavant soundtrack http t co 8vsfwapnte
-1	the everly brothers love is strange https t co swjjgvhxe8 via youtube
-1	rt joofutgard a mortal love a norn oh this world is really strange i never thought a norn have the time to love https t co 7ecbuwg
-1	a mortal love a norn oh this world is really strange i never thought a norn have the time to love https t co 7ecbuwgy5z
-1	one night he wakes strange look on his face pauses then says you re my best friend and you knew what it was he is in love
-1	rt theserioussfact love is rare life is strange nothing last people change
-1	rt theserioussfact love is rare life is strange nothing last people change
-1	rt sarahbushnell13 paigemcneeely ok wow crying i vividly remember this day is that strange miss and love love you amp also ditto trampol
-1	flahsfootball i think spongers is plenty strange can t imagine anyone else has it and i love the tie in to the local sponge industry
-1	paigemcneeely ok wow crying i vividly remember this day is that strange miss and love love you amp also ditto trampoline days gt gt college
-1	guys do not know how strange magcon this is very sad love you guys magconmemories magconfamilyforever oldmagconmemories
-1	love is rare life is strange nothing last people change
-1	guys do not know how strange magcon this is very sad love you guys jacobwhitesides http t co w7fs2ut01t
-1	guys do not know how strange magcon this is very sad love you guys mahoganylox http t co pqwmbuufqy
-1	guys do not know how strange magcon this is very sad love you guys themattespinosa http t co wks7hj0okj
-1	guys do not know how strange magcon this is very sad love you guys hayesgrier http t co dgavvz1cij
-1	guys do not know how strange magcon this is very sad love you guys taylorcaniff http t co tfvr49wpzp
-1	guys do not know how strange magcon this is very sad love you guys shawnmendes http t co qjsxqv7pha
-1	guys do not know how strange magcon this is very sad love you guys carterreynolds http t co le1ldtpzrc
-1	guys do not know how strange magcon this is very sad love you guys jackgilinsky http t co le7pvwqaqd
-1	guys do not know how strange magcon this is very sad love you guys jackjackjohnson http t co x3xyhgxjck
-1	guys do not know how strange magcon this is very sad love you guys aaroncarpenter http t co zqx8flgonq
-1	rt theserioussfact love is rare life is strange nothing last people change
-1	guys do not know how strange magcon this is very sad love you guys camerondallas http t co h14u2fx8ma
-1	rt russellgrantcom virgo is dr strange love they love in a strange way horoscope
-1	guys do not know how strange magcon this is very sad love you guys nashgrier http t co g64fhnhslq
-1	ciaraquinlan_tw awwh ciara i love you also this is so sweet and ikr totally strange
-1	rt theserioussfact love is rare life is strange nothing last people change
-1	some behaviorists will tell you not to directly gaze in a dog s eyes this is meant for a strange dog but no http t co peqqgfvepu
-1	banana_man1983 she is like her a lot got some nuts always good to have a change strange without you there did you go to hpma u love it
-1	rt engrossingfacts love is rare life is strange nothing last people change
-1	rt engrossingfacts love is rare life is strange nothing last people change
-1	rt engrossingfacts love is rare life is strange nothing last people change
-1	love is strange pink_lyrics_bot
-1	rt engrossingfacts love is rare life is strange nothing last people change
-1	rt engrossingfacts love is rare life is strange nothing last people change
-1	rt engrossingfacts love is rare life is strange nothing last people change
-1	i love ragareturns always proves me wrong amp comes up with all strange ways show he is stupidisforever amul_coop http t co zyvaftfdtk
-1	rt engrossingfacts love is rare life is strange nothing last people change
-1	the love he recieves is the love that is saved and sometimes is seen a strange spot in the sky a human being that was given to fly
-1	rt engrossingfacts love is rare life is strange nothing last people change
-1	rt thefactguide love is rare life is strange nothing last people change
-1	rt thefactguide love is rare life is strange nothing last people change
-1	virgo is dr strange love they love in a strange way horoscope
-1	rt savijrabbit haven t felt feelings in a while i love with my eyes and my cock life is strange these days
-1	rt thefactguide love is rare life is strange nothing last people change
-1	mickey amp sylvia love is strange 1956 http t co zawaqsv9tg
-1	rt thefactguide love is rare life is strange nothing last people change
-1	rt thefactguide love is rare life is strange nothing last people change
-1	love is rare life is strange nothing lasts people change
-1	thefactguide love is rare life is strange nothing last people change
-1	rt thefactguide love is rare life is strange nothing last people change
-1	rt thefactguide love is rare life is strange nothing last people change
-1	rt thefactguide love is rare life is strange nothing last people change
-1	rt thefactguide love is rare life is strange nothing last people change
-1	rt thefactguide love is rare life is strange nothing last people change
-1	rt thefactguide love is rare life is strange nothing last people change
-1	love is rare life is strange nothing last people change
-1	rt theserioussfact love is rare life is strange nothing last people change
-1	love is a strange and fascinating thing it adds up to more than just a science and feels more than any emotion http t co nngame3i2b
-1	rt maritzaxbro pnwjosh next on my strange addictions man named josh is in love with his car ok change channel
-1	rt theserioussfact love is rare life is strange nothing last people change
-1	zaynmalik wow your new look is strange but lovely you are so cute and dkdnfkkf i love you
-1	love is strange feelings of the soul are in need of affection and mental calming
-1	rt maritzaxbro pnwjosh next on my strange addictions man named josh is in love with his car ok change channel
-1	pnwjosh next on my strange addictions man named josh is in love with his car ok change channel
-1	rt theserioussfact love is rare life is strange nothing last people change
-1	rt theserioussfact love is rare life is strange nothing last people change
-1	mickey and sylvia love is strange https t co 4kjjv26j9k
-1	rt theserioussfact love is rare life is strange nothing last people change
-1	rt theserioussfact love is rare life is strange nothing last people change
-1	love is strange
-1	rt theserioussfact love is rare life is strange nothing last people change
-1	rt waynedoud love is rare life is strange nothing last people change
-1	rt theserioussfact love is rare life is strange nothing last people change
-1	rt theserioussfact love is rare life is strange nothing last people change
-1	rt theserioussfact love is rare life is strange nothing last people change
-1	it s weird how people can just suddenly have nothing in common anymore growing up is strange but i kinda love it
-1	rt theserioussfact love is rare life is strange nothing last people change
-1	rt theserioussfact love is rare life is strange nothing last people change
-1	rt theserioussfact love is rare life is strange nothing last people change
-1	rt theserioussfact love is rare life is strange nothing last people change
-1	rt theserioussfact love is rare life is strange nothing last people change
-1	rt theserioussfact love is rare life is strange nothing last people change
-1	rt theserioussfact love is rare life is strange nothing last people change
-1	rt theserioussfact love is rare life is strange nothing last people change
-1	love is rare life is strange nothing last people change
-1	rt theserioussfact love is rare life is strange nothing last people change
-1	rt theserioussfact love is rare life is strange nothing last people change
-1	rt theserioussfact love is rare life is strange nothing last people change
-1	rt theserioussfact love is rare life is strange nothing last people change
-1	rt theserioussfact love is rare life is strange nothing last people change
-1	love is rare life is strange nothing last people change
-1	rt theserioussfact love is rare life is strange nothing last people change
-1	love is rare life is strange nothing last people change
-1	theserioussfact love is rare life is strange nothing last people change
-1	rt theserioussfact love is rare life is strange nothing last people change
-1	rt theserioussfact love is rare life is strange nothing last people change
-1	rt theserioussfact love is rare life is strange nothing last people change
-1	rt theserioussfact love is rare life is strange nothing last people change
-1	rt theserioussfact love is rare life is strange nothing last people change
-1	rt theserioussfact love is rare life is strange nothing last people change
-1	rt theserioussfact love is rare life is strange nothing last people change
-1	rt theserioussfact love is rare life is strange nothing last people change
-1	rt theserioussfact love is rare life is strange nothing last people change
-1	rt theserioussfact love is rare life is strange nothing last people change
-1	rt theserioussfact love is rare life is strange nothing last people change
-1	rt theserioussfact love is rare life is strange nothing last people change
-1	rt theserioussfact love is rare life is strange nothing last people change
-1	basically listening to the song strange girl by the zolas is like hearing the pov of every ya love interest
-1	arianasbra i love sleeping but the strange thing is that i can t take naps i never could and idk why
-1	rt ferrahashemi harshivhumsafarss2 but today i m feeling strange i feel like our love is dying 4lionsfilms abpnewstv
-1	harry is so strange i love him
-1	love is strange 2014 is a beautifully shot movie a dallascritic lt nmyqa2 gt
-1	my nephew is strange
-1	rt theserioussfact love is rare life is strange nothing last people change
-1	rt theserioussfact love is rare life is strange nothing last people change
-1	rt theserioussfact love is rare life is strange nothing last people change
-1	melissahopkiins minimum love is friendship amp maximum friendship is love strange but true
-1	theserioussfact love is rare life is strange nothing last people change
-1	love is strange the more you try to remove it from your heart the more often he appears in your mind nabilahjkt48
-1	boneywhiteass omg this is an epic account i love the idea of making a parody for life is strange characters sumps up
-1	summbot minimum love is friendship amp maximum friendship is love strange but true
-1	top 10 interspecies couples in movies and tv top 10 interspecies couples in movies and tv love is indeed a strange http t co zant3cyzhe
-1	rt theserioussfact love is rare life is strange nothing last people change
-1	realborismcg how do you only have 190 followers twitter is so strange love your work
-1	rt theserioussfact love is rare life is strange nothing last people change
-1	dpyeout i have a strange feeling that it is to love ru p
-1	rt theserioussfact love is rare life is strange nothing last people change
-1	rt theserioussfact love is rare life is strange nothing last people change
-1	rt theserioussfact love is rare life is strange nothing last people change
-1	rt theserioussfact love is rare life is strange nothing last people change
-1	rt theserioussfact love is rare life is strange nothing last people change
-1	rt theserioussfact love is rare life is strange nothing last people change
-1	s o to my big bro nerdboyteedee love is rare life is strange nothing last people change truth
-1	rt theserioussfact love is rare life is strange nothing last people change
-1	rt theserioussfact love is rare life is strange nothing last people change
-1	rt theserioussfact love is rare life is strange nothing last people change
-1	rt theserioussfact love is rare life is strange nothing last people change
-1	rt theserioussfact love is rare life is strange nothing last people change
-1	rt theserioussfact love is rare life is strange nothing last people change
-1	rt theserioussfact love is rare life is strange nothing last people change
-1	love is rare life is strange nothing last people change
-1	rt theserioussfact love is rare life is strange nothing last people change
-1	rt theserioussfact love is rare life is strange nothing last people change
-1	rt theserioussfact love is rare life is strange nothing last people change
-1	rt theserioussfact love is rare life is strange nothing last people change
-1	top 10 interspecies couples in movies and tv love is indeed a strange phenomenon whether http t co spxaarz6ts
-1	this is a song meant to uplift and encourage people who feel like they re too strange to fit in love it oddisee https t co vsi6mrimfs
-1	rt theserioussfact love is rare life is strange nothing last people change
-1	rt theserioussfact love is rare life is strange nothing last people change
-1	rt theserioussfact love is rare life is strange nothing last people change
-1	rt theserioussfact love is rare life is strange nothing last people change
-1	harshivhumsafarss2 but today i m feeling strange i feel like our love is dying 4lionsfilms abpnewstv
-1	one night he wakes strange look on his face pauses then says you re my best friend and you knew what it was he is in love
-1	rt thefactguide love is rare life is strange nothing last people change
-1	love is strange sometimes it makes you crazy it can burn or break you
-1	rt theserioussfact love is rare life is strange nothing last people change
-1	rt theserioussfact love is rare life is strange nothing last people change
-1	truuuee lol t theserioussfact love is rare life is strange nothing last people change
-1	rt theserioussfact love is rare life is strange nothing last people change
-1	rt theserioussfact love is rare life is strange nothing last people change
-1	rt theserioussfact love is rare life is strange nothing last people change
-1	love is rare life is strange nothing last people change truth
-1	love is a strange thing it can make the weakest person strong and the strongest person weak quotes
-1	rt theserioussfact love is rare life is strange nothing last people change
-1	rt theserioussfact love is rare life is strange nothing last people change
-1	theserioussfact love is rare life is strange nothing last people change
-1	rt theserioussfact love is rare life is strange nothing last people change
-1	rt theserioussfact love is rare life is strange nothing last people change
-1	love is rare life is strange nothing last people change
-1	rt theserioussfact love is rare life is strange nothing last people change
-1	rt theserioussfact love is rare life is strange nothing last people change
-1	rt theserioussfact love is rare life is strange nothing last people change
-1	rt sleepisforrich love is strange u do anything for a person trying to please them amp they could treat u like shit but u still crave amp lo
-1	rt theserioussfact love is rare life is strange nothing last people change
-1	rt theserioussfact love is rare life is strange nothing last people change
-1	rt theserioussfact love is rare life is strange nothing last people change
-1	rt theserioussfact love is rare life is strange nothing last people change
-1	rt theserioussfact love is rare life is strange nothing last people change
-1	rt theserioussfact love is rare life is strange nothing last people change
-1	rt theserioussfact love is rare life is strange nothing last people change
-1	rt theserioussfact love is rare life is strange nothing last people change
-1	command strange amp dynamic love is here to stay dnb4life dobp drumnbass
-1	rt theserioussfact love is rare life is strange nothing last people change
-1	rt theserioussfact love is rare life is strange nothing last people change
-1	rt theserioussfact love is rare life is strange nothing last people change
-1	rt theserioussfact love is rare life is strange nothing last people change
-1	rt theserioussfact love is rare life is strange nothing last people change
-1	theserioussfact love is rare life is strange nothing last people change
-1	rt theserioussfact love is rare life is strange nothing last people change
-1	rt theserioussfact love is rare life is strange nothing last people change
-1	rt theserioussfact love is rare life is strange nothing last people change
-1	rt theserioussfact love is rare life is strange nothing last people change
-1	rt theserioussfact love is rare life is strange nothing last people change
-1	rt theserioussfact love is rare life is strange nothing last people change
-1	rt theserioussfact love is rare life is strange nothing last people change
-1	rt theserioussfact love is rare life is strange nothing last people change
-1	rt theserioussfact love is rare life is strange nothing last people change
-1	rt theserioussfact love is rare life is strange nothing last people change
-1	rt theserioussfact love is rare life is strange nothing last people change
-1	rt theserioussfact love is rare life is strange nothing last people change
-1	rt theserioussfact love is rare life is strange nothing last people change
-1	love is rare life is strange nothing last people change
-1	love is rare life is strange nothing lasts people change
-1	is it strange that i love stationary shops
-1	the world is a strange and beautiful place time is a fantastic study and relation is beautiful science the rest is sex music and love
-1	rt thefactguide love is rare life is strange nothing last people change
-1	money is a strange thing it ranks with love as our greatest source of joy and with death as our greatest source if anxcety
-1	rt induige love is strange u do anything for a person trying to please them amp they could treat u like shit but u still crave amp lose slee
-1	money is a strange thing it ranks wihh love as our greatest source of joy and with de th as our greatest source of anxiety joe moore
-1	the human heart is a strange vessel love and hatred can exist side by side
-1	fafirah_kama love is strange
-1	rt firstpunkyangel music share love is strange by marios papalexis mariopappas with artwork by jutta gabriel https t co havaxxjf9j
-1	one night he wakes strange look on his face pauses the says you re my best friend and you knew what it was he is in love
-1	love is weird red hearts on strange abstra http t co lplx8ufync
-1	also angelica is such a strange sound don t get me wrong i love my name but i don t want to hear it spoken by anyone but the people i love
-1	rt thefactguide love is rare life is strange nothing last people change
-1	rt thefactguide love is rare life is strange nothing last people change
-1	the human heart is a strange vessel love and hatred can exist side by side scott westerfeld
-1	rt thefactguide love is rare life is strange nothing last people change
-1	rt thefactguide love is rare life is strange nothing last people change
-1	love is rare life is strange nothing last people change
-1	rt thefactguide love is rare life is strange nothing last people change
-1	rt thefactguide love is rare life is strange nothing last people change
-1	rt thefactguide love is rare life is strange nothing last people change
-1	rt thefactguide love is rare life is strange nothing last people change
-1	rt thefactguide love is rare life is strange nothing last people change
-1	destroy_alec ok this is strange since it is likely that the concept of preemption would undermine their newfound love of rtw zones
-1	this is the strange way of the world that people who simply want to love are instead forced to become warriors requiem lauren oliver
-1	the human heart is a strange vessel love and hatred can exist side by side scott westerfeld
-1	engrossingfacts love is rare life is strange nothing last people change
-1	rt engrossingfacts love is rare life is strange nothing last people change
-1	rt engrossingfacts love is rare life is strange nothing last people change
-1	rt engrossingfacts love is rare life is strange nothing last people change
-1	rt engrossingfacts love is rare life is strange nothing last people change
-1	rt engrossingfacts love is rare life is strange nothing last people change
-1	rt yaoi_room love is strange but i m still head over heels in love with you yukina kou sekaiichihatsukoi
-1	rt yaoi_room love is strange but i m still head over heels in love with you yukina kou sekaiichihatsukoi
-1	love is strange but i m still head over heels in love with you yukina kou sekaiichihatsukoi
-1	there is this strange feeling that runs through ur mind when you find love again very difficult to explain but you can t sleep at night
-1	one night he wakes strange look on his face pauses then says you re my best friend and you knew what it was he is in love
-1	i love adventure but i wouldn t dare death this strange roller coaster is the most terrifying ride ever created http t co 7eigwlnmnj
-1	tis a sign of love and love to richard is a strange brooch in this all hating world
-1	i have this strange habit to hurt my own self to love someone who is impossible to love me back kinda like it though i know i m weird
-1	rt musicsmsg love is strange sometimes it makes you crazy it can burn or break you lana del rey
-1	it may seem a strange thing to say but true love is not emotional in nature but is an attitude of the soul toward life
-1	taengoori some of it is strange but i love so much of it i had my friends who are in the fashion know how help me pick it out it s cute
-1	bootyism23 ceapmann lifeasstoner p 100 new zealand is a strange place my love
-1	rt musicsmsg love is strange sometimes it makes you crazy it can burn or break you lana del rey
-1	rt engrossingfacts love is rare life is strange nothing last people change
-1	rt yaoi_room love is strange it makes you seem pathetic depresses you makes you worry and come off totally lame like an idiot yukin
-1	love is strange it makes you seem pathetic depresses you makes you worry and come off totally lame like an idiot yukina kisa sh
-1	that is always something strange to me something i didnt understand in the way i wanted to i need to get it down more
-1	rt musicsmsg love is strange sometimes it makes you crazy it can burn or break you lana del rey
-1	love is rare life is strange nothing last people change
-1	officialuwem that is a strange question is there any love like christ s is sex involved in his redeeming love
-1	rt asianbear14 its strange that others dream of love or success and my mind is a constant nightmare of razors and depression
-1	love is rare life is strange nothing lasts people change
-1	rt asianbear14 its strange that others dream of love or success and my mind is a constant nightmare of razors and depression
-1	joeygraceffa omg i love life is strange it s was so good
-1	toc1701 my first thought was why are they playing this special theme strange if the reason is love and compassion everything is ok
-1	rt thesongmsgs love is strange sometimes it makes you crazy it can burn or break you lana del rey
-1	love is a strange emotion when you are in it you wish to be with your lover all the time
-1	rt musicsmsg love is strange sometimes it makes you crazy it can burn or break you lana del rey
-1	seema6956 aamirghauri fear element is also there but trust me there are still many people who love to vote for them strange but true
-1	rt joeygraceffa ended chapter 2 of life is strange i m a very very sad boy right now
-1	love is strange http t co k3lbk002gf
-1	one night he wakes strange look on his face pauses then says you re my best friend amp you knew what it was he is in love
-1	paroles de chanson mickey amp sylvia love is strange traduction lyrics http t co lqc9ha89md
-1	rt bryanmcc74 that s strange corner of the universe where untiss is a love song
-1	i m a strange girl hopelessly lost and terribly confused what s worse is that i think i may have fallen madly in love with you
-1	i love alt j i was so happy when it payed in life is strange bc hey they re my alarm too
-1	rt theserioussfact love is rare life is strange nothing last people change
-1	love is rare life is strange nothing last people change sandra__baby
-1	love is rare life is strange nothing last people change doyinokupe 2pac_shakur_1 chibuikeamaechi channelstv
-1	love is rare life is strange nothing lasts people change
-1	it is so strange to me to be so much in love with a man so special as he is
-1	look there she goes that girl is strange no question fun love life http t co aq7e0gjoxc
-1	coconut make me purge is it strange that i love it still
-1	when i see that person i feel something strange is that love
-1	thestranger is living up to its name my first harlancoben is extremely strange can t decide if i love it or hate it psychthriller
-1	love is rare life is strange nothing last people change lt 3
-1	love strange thing it is at what point do you realize it s hit you or do you even notice at all
-1	joeygraceffa i love life is strange
-1	rt chloedaquin love is so illogical
-1	this boy is one strange human being love him though iamkennyholland http t co 4wo75ygfky
-1	rt thefactguide love is rare life is strange nothing last people change
-1	love is a strange and beautiful thing http t co zjphvitcj2
-1	how strange it is that we can love our pets so much and then sit down to a meal of animal flesh
-1	rt engrossingfacts love is rare life is strange nothing last people change
-1	rt thefactguide love is rare life is strange nothing last people change
-1	love is rare life is strange nothing lasts people change
-1	bencobley niall_gooch or mr punch with whom there is a strange love hate relationship tony benn was also like this
-1	love is strange the more you try to remove it from your heart the more often he appears in your mind nabilahjkt48
-1	love is that condition in which the happiness of another person is essential to your own robert a heinlein stranger in a strange land
-1	random is it strange that i don t know what love is is it weird that i don t know what being in love is like honestlykyn
-1	rt fvcknfeelings love is rare life is strange nothing lasts people change
-1	golf is a strange love hate addiction it can be so rewarding and so cruel it s all about attitude
-1	realitytea i love the all white theme strange that porsha is there i wonder why they demoted her if she s in every epi amp on reunion
-1	rt z_taam miss_only_sex wow i love this look in ur eyes i understand u all fast strange hard that is what i want get ready yeeeeeyea
-1	thefactguide love is rare life is strange nothing last people change
-1	rt thefactguide love is rare life is strange nothing last people change
-1	rt thefactguide love is rare life is strange nothing last people change
-1	rt thefactguide love is rare life is strange nothing last people change
-1	rt thefactguide love is rare life is strange nothing last people change
-1	rt thefactguide love is rare life is strange nothing last people change
-1	thefactguide love is rare life is strange nothing last people change
-1	love is rare life is strange nothing lasts people change
-1	rt thefactguide love is rare life is strange nothing last people change
-1	the human heart is a strange vessel love and hatred can exist side by side
-1	thefactguide love is rare life is strange nothing last people change
-1	love is a strange thing at certain times nothing seems better than being loved yet at the same time we push away those who do truly love us
-1	rt thefactguide love is rare life is strange nothing last people change
-1	rt thefactguide love is rare life is strange nothing last people change
-1	rt thefactguide love is rare life is strange nothing last people change
-1	money is a strange thing it ranks with love as pur greatest source of joy and with death as our greatest source of awxiety
-1	thefactguide love is rare life is strange nothing last people change
-1	rt thefactguide love is rare life is strange nothing last people change
-1	rt thefactguide love is rare life is strange nothing last people change
-1	rt thefactguide love is rare life is strange nothing last people change
-1	rt thefactguide love is rare life is strange nothing last people change
-1	rt thefactguide love is rare life is strange nothing last people change
-1	rt thefactguide love is rare life is strange nothing last people change
-1	rt thefactguide love is rare life is strange nothing last people change
-1	rt thefactguide love is rare life is strange nothing last people change
-1	rt thefactguide love is rare life is strange nothing last people change
-1	rt thefactguide love is rare life is strange nothing last people change
-1	rt thefactguide love is rare life is strange nothing last people change
-1	this is strange yet very sweet i love it https t co kx6npvaulx
-1	love is strange
-1	love is such a strange thing
-1	someone recreate that love is strange scene from dirty dancing with me
-1	sexyfolflion ppolo05 love is strange but love is indeed what makes our world go around
-1	_erinmckee_ cassiekeller17 chelseac_10 is it strange that i love this picture
-1	now playing mickey amp sylvia love is strange on indo radio nederland
-1	saying i love you is so strange and weird now i can t even imagine or comprehend how i use to say it to you before
-1	is it strange that i love eat a whole can of black olives by myself
-1	love is strange movie dirty dancing songs were amazing from this movie https t co qzmicglkkt
-1	i love hands is that strange
-1	rygorous i really love how part 2 is this ridiculous microcosm of the strange bubble universe of the late 90s internet hype train
-1	love is rare life is strange nothing lasts people change
-1	rt induige love is strange u do anything for a person trying to please them amp they could treat u like shit but u still crave amp lose slee
-1	irasachs just saw love is strange beautifully crafted film and wonderful truly sensitive performances from john and alfred great job
-1	alaya is giggling and making strange noises good job i love her
-1	rt __shannanigans love is rare life is strange nothing lasts people change
-1	love is that condition in which the happiness of another person is essential to your own robert a heinlein stranger in a strange lan
-1	love_lauren_e what is this strange liquid called
-1	money is a strange thing it ranks with love as our greatest source of joy and with death as our greatast sourcewof anxiety joe moore
-1	rt musicsmsg love is strange sometimes it makes you crazy it can burn or break you lana del rey
-1	theserioussfact love is rare life is strange nothing last people change
-1	pewdiepie will you play more life is strange pewds we love that game
-1	blythemaddy it is right love you strange persian cat lady
-1	rt theserioussfact love is rare life is strange nothing last people change
-1	rt theserioussfact love is rare life is strange nothing last people change
-1	love is rare life is strange nothing last people change but it can t changes that they are is https t co bnb8hv6nti
-1	rt theserioussfact love is rare life is strange nothing last people change
-1	rt induige love is strange u do anything for a person trying to please them amp they could treat u like shit but u still crave amp lose slee
-1	rt theserioussfact love is rare life is strange nothing last people change
-1	rt theserioussfact love is rare life is strange nothing last people change
-1	rt induige love is strange u do anything for a person trying to please them amp they could treat u like shit but u still crave amp lose slee
-1	night is the time of love of strange thoughts of dreams sherwood anderson via ghani_b ff
-1	rt theserioussfact love is rare life is strange nothing last people change
-1	sia is strange but i love it
-1	rt theserioussfact love is rare life is strange nothing last people change
-1	rt induige love is strange u do anything for a person trying to please them amp they could treat u like shit but u still crave amp lose slee
-1	rt induige love is strange u do anything for a person trying to please them amp they could treat u like shit but u still crave amp lose slee
-1	rt theserioussfact love is rare life is strange nothing last people change
-1	rt induige love is strange u do anything for a person trying to please them amp they could treat u like shit but u still crave amp lose slee
-1	theserioussfact love is rare life is strange nothing last people change
-1	rt theserioussfact love is rare life is strange nothing last people change
-1	rt theserioussfact love is rare life is strange nothing last people change
-1	rt theserioussfact love is rare life is strange nothing last people change
-1	rt thefactguide love is rare life is strange nothing last people change
-1	rt bigjuicypen love is a strange thing http t co y0zutadn0k
-1	rt theserioussfact love is rare life is strange nothing last people change
-1	love is strange sometimes it makes you crazy it can burn or break you
-1	love is a strange thing http t co vomuvtyfy7
-1	rt theserioussfact love is rare life is strange nothing last people change
-1	tarobinha_ love is strange mickey amp sylvia
-1	rt theserioussfact love is rare life is strange nothing last people change
-1	rt theserioussfact love is rare life is strange nothing last people change
-1	rt theserioussfact love is rare life is strange nothing last people change
-1	rt theserioussfact love is rare life is strange nothing last people change
-1	rt theserioussfact love is rare life is strange nothing last people change
-1	rt theserioussfact love is rare life is strange nothing last people change
-1	rt theserioussfact love is rare life is strange nothing last people change
-1	rt theserioussfact love is rare life is strange nothing last people change
-1	thefactguide love is rare life is strange nothing last people change
-1	rt theserioussfact love is rare life is strange nothing last people change
-1	rt theserioussfact love is rare life is strange nothing last people change
-1	rt theserioussfact love is rare life is strange nothing last people change
-1	rt theserioussfact love is rare life is strange nothing last people change
-1	theserioussfact love is rare life is strange nothing last people change
-1	r_lupins but honestly i actually missed reading this is so strange you probably love me now don t you
-1	rt theserioussfact love is rare life is strange nothing last people change
-1	love is rare life is strange nothing last people change
-1	love is that condition in which the happiness of another person is essential to your own robert a heinlein stranger in a strange land
-1	theserioussfact love is rare life is strange nothing last people change sarahxoxo_13
-1	rt theserioussfact love is rare life is strange nothing last people change
-1	rt theserioussfact love is rare life is strange nothing last people change
-1	rt theserioussfact love is rare life is strange nothing last people change
-1	rt theserioussfact love is rare life is strange nothing last people change
-1	rt theserioussfact love is rare life is strange nothing last people change
-1	rt __shannanigans love is rare life is strange nothing lasts people change
-1	rt theserioussfact love is rare life is strange nothing last people change
-1	rt theserioussfact love is rare life is strange nothing last people change
-1	rt theserioussfact love is rare life is strange nothing last people change
-1	rt theserioussfact love is rare life is strange nothing last people change
-1	rt theserioussfact love is rare life is strange nothing last people change
-1	rt theserioussfact love is rare life is strange nothing last people change
-1	rt theserioussfact love is rare life is strange nothing last people change
-1	rt theserioussfact love is rare life is strange nothing last people change
-1	love is rare life is strange
-1	rt theserioussfact love is rare life is strange nothing last people change
-1	rt theserioussfact love is rare life is strange nothing last people change
-1	rt theserioussfact love is rare life is strange nothing last people change
-1	rt theserioussfact love is rare life is strange nothing last people change
-1	rt theserioussfact love is rare life is strange nothing last people change
-1	theserioussfact love is rare life is strange nothing last people change
-1	rt theserioussfact love is rare life is strange nothing last people change
-1	rt theserioussfact love is rare life is strange nothing last people change
-1	rt theserioussfact love is rare life is strange nothing last people change
-1	rt theserioussfact love is rare life is strange nothing last people change
-1	rt theserioussfact love is rare life is strange nothing last people change
-1	rt theserioussfact love is rare life is strange nothing last people change
-1	grief is a strange thing it is debilitating soul crushing and constant when you lose someone you love some http t co rvil5kqhva
-1	rt theserioussfact love is rare life is strange nothing last people change
-1	rt __shannanigans love is rare life is strange nothing lasts people change
-1	love is rare life is strange nothing last people change
-1	money is a strange thing it ranks with love as our greatest soprce of joy and with death as o r greatest source of anxiety joe moore
-1	the human heart is a strange vessel love and hatred can exist side by side scott westerfeld
-1	rt __shannanigans love is rare life is strange nothing lasts people change
-1	rt induige love is strange u do anything for a person trying to please them amp they could treat u like shit but u still crave amp lose slee
-1	love is strange we hate it we want it we envy it and we are molded by it i dont think we ll ever understand it and maybe thats good
-1	watching my strange addiction a woman is in love and has married a ferris wheel she is intimate with this ride she calls bruce nutjobs
-1	love is strange pink_lyrics_bot
-1	band g o d it is strange but i love their music the one in the middle joon hyung is my mom s age all five http t co wllovtryxf
-1	band g o d it is strange but i love their music the one in the middle joon hyung is my mom s age all five http t co 9bfxtp85av
-1	rt keepcaimtweets love is rare life is strange nothing lasts people change
-1	tell me your troubles and doubts give me everything inside and out love is strange so real in the dark
-1	rt thefactguide love is rare life is strange nothing last people change
-1	sometimes the person we love doesn t love us but we still want them no matter what love is strange
-1	it s a strange mixed emotion to have such enormous pride in and love for your child as he is now but also to http t co skb0toxuhf
-1	rt bryanmcc74 that s strange corner of the universe where untiss is a love song
-1	rt musicsmsg love is strange sometimes it makes you crazy it can burn or break you lana del rey
-1	rt lauraatriana kaylamorrisonn omg bahaha love is a strange thing
-1	kaylamorrisonn omg bahaha love is a strange thing
-1	rt induige love is strange u do anything for a person trying to please them amp they could treat u like shit but u still crave amp lose slee
-1	rt thefactguide love is rare life is strange nothing last people change
-1	that s strange corner of the universe where untiss is a love song
-1	money is a strange thing it ranks with love as our greatest source of joy and with death as our grpatest source ol anxiety
-1	money is a strange thing it ranks with love a our greatest source of joy and with death s our greatest source of anxiety joe moore
-1	money is a strange thrng it ranks with love as our greatest source of joy a d with death as our greatest source of anxiety joe moore
-1	rt thefactguide love is rare life is strange nothing last people change
-1	rt thefactguide love is rare life is strange nothing last people change
-1	my soundtrack love is strange by mickey amp sylvia http t co 2qrqgejxm0
-1	bo diddley love is strange https t co ym7rgd1pra via youtube
-1	my love for kid ink is becoming abit strange
-1	your behavior is a little strange but that s no reason for me not love you little things by one direction https t co yteg41lg6l
-1	just played love ain t strange everything else is night beats sonic bloom reverberation appreciation society
-1	the human heart is a strange vessel love and hatred can exist side by side scott westerfeld
-1	ladymacbitxh tammie is such a strange queen and i love it i knew she would be odd when she was staring at rebecca glasscock in s1
-1	one night he wakes strange look on his face pauses than says you re my best friend and you knew what it was he is in love
-1	love is rare life is strange nothing lasts people change
-1	rt thefactguide love is rare life is strange nothing last people change
-1	rt thefactguide love is rare life is strange nothing last people change
-1	rt thefactguide love is rare life is strange nothing last people change
-1	thefactguide love is rare life is strange nothing last people change so truee
-1	rt thefactguide love is rare life is strange nothing last people change
-1	love is rare life is strange nothing lasts people change
-1	rt thefactguide love is rare life is strange nothing last people change
-1	rt thefactguide love is rare life is strange nothing last people change
-1	rt thefactguide love is rare life is strange nothing last people change
-1	rt thefactguide love is rare life is strange nothing last people change
-1	rt thefactguide love is rare life is strange nothing last people change
-1	rt thefactguide love is rare life is strange nothing last people change
-1	all you need to know about love and marriage is this even jesus christ s mom got some strange
-1	todaysevents love is strange 15 http t co w4rnpvtnex
-1	love is that condition in which the happiness of another person is essential to your own robert a heinlein stranger in a strange land
-1	is so strange how the same face can make you love until it hurts where do we go i need to know
-1	cry is playing such a strange anime game i love it
-1	we have 3 a of land that aren t woods 6 are woods he spends hours weed eating and mowing is it strange i find it hot love a wrkn man
-1	life is strange i love how you look but i cannot take your dialogue seriously also punishing me for not remembering a bible verse harsh
-1	webcomradiobot is playing mickey amp sylvia love is strange http t co qhbvindmsg
-1	thanks ray rosenberg for reminding us how strange it is that all these msnbc personalities who love to berate http t co saf9ncz4c4
-1	sekioh it is strange but i love mayo so it works p i don t like the taste of tomato sauce that much
-1	rt musicsmsg love is strange sometimes it makes you crazy it can burn or break you lana del rey
-1	komalmunakhya that is so strange if you go to our site and click message on any page we will be happy to help love
-1	nic and gabe are at it again love is such a strange strong powerful thing if you enjoyed the pair before http t co v64cl8dagy
-1	rt asianbear14 its strange that others dream of love or success and my mind is a constant nightmare of razors and depression
-1	its strange that others dream of love or success and my mind is a constant nightmare of razors and depression
-1	it s strange how your mind works when love is in power one learns 2 care and appreciate a flower
-1	i love those people who you can literally talk to about anything nothing is too weird or strange
-1	is it strange if i admit that i love the smell of freshly cut grass
-1	juhavantzelfde i love the message even indeed the video is strange
-1	is it strange to say i really fancy a pot noodle now love celebjuice best ever xx
-1	rickypdillon i m so used to the blue so this is strange but it s okay because i love it
-1	money is a strange thing it ranks with love as our reatest souace of joy and with death as our greatest source of anxiety
-1	i love strange and interesting bookmarks this is one i definitely wish i had http t co ysu2bmdxjy
-1	xaishakhanx her opinion is right unlike ur strange ass love for a greasy chicken nugget
-1	the love of christ is strange to the world eloho quote eloxie
-1	money is a strange thing it ranks with love as our greatest source of joy and with death as our grxatest source of anxiety joe moore
-1	money is a strange thing it ranks with love as our greatesp source of joy and with death as our greatest source of anxiety jbe moore
-1	rt nabilahaxor_tnt love is strange the more you try to remove it from your heart the more often he appears in your mind nabilahjkt48
-1	money is a strange thing it ranks with love as our greatest sou ce of joy and with death as our g eatest source of anxiety
-1	love is strange the more you try to remove it from your heart the more often he appears in your mind nabilahjkt48
-1	fuckyouibite your way of thinking is strange but i love strange and anything that is not normal so perfect match
-1	rt analeskdolovitz one night he wakes strange look on his face pauses then says you re my best friend and you knew what it was he
-1	wow i love the friendships on this show even wilson s and wesley s is beautiful in a strange way
-1	rt cmbackbehere strange look on his face pauses then says you re my best friend you knew what it was he is in love
-1	love is rare life is strange nothing lasts people change
-1	jayerobinbrown i know it s totally strange and i never want to leave i really love how neighorhood y it is
-1	thefactguide love is rare life is strange nothing last people change
-1	rt thefactguide love is rare life is strange nothing last people change
-1	now playing mickey and sylvia love is strange on aps radio
-1	rt thefactguide love is rare life is strange nothing last people change
-1	hysteriauno i love both but i think it s strange as j s creature is more toddler whereas b s is more stroke patient
-1	one night he wakes strange look on his face pauses then says you re my best friend and you knew what it was he is in love
-1	rt thefactguide love is rare life is strange nothing last people change
-1	rt kaaz_7 love is rare life is strange nothing last people change
-1	rt thefactguide love is rare life is strange nothing last people change
-1	love is rare life is strange nothing last people change
-1	theserioussfact love is rare life is strange nothing last people change sakistanimanidi
-1	rt thefactguide love is rare life is strange nothing last people change
-1	rt thefactguide love is rare life is strange nothing last people change
-1	rt thefactguide love is rare life is strange nothing last people change
-1	rt thefactguide love is rare life is strange nothing last people change
-1	rt cmbackbehere strange look on his face pauses then says you re my best friend you knew what it was he is in love
-1	rt thefactguide love is rare life is strange nothing last people change
-1	rt thefactguide love is rare life is strange nothing last people change
-1	rt thefactguide love is rare life is strange nothing last people change
-1	lagirl888 miss talking to you more these days it is strange for me not to talk to you on a daily base love ya
-1	rt thefactguide love is rare life is strange nothing last people change
-1	rt thefactguide love is rare life is strange nothing last people change
-1	rt cmbackbehere strange look on his face pauses then says you re my best friend you knew what it was he is in love
-1	rt thefactguide love is rare life is strange nothing last people change
-1	strange look on his face pauses then says you re my best friend you knew what it was he is in love
-1	love is rare life is strange nothing last long people change
-1	rt thefactguide love is rare life is strange nothing last people change
-1	rt thefactguide love is rare life is strange nothing last people change
-1	thefactguide love is rare life is strange nothing last people change
-1	rt thefactguide love is rare life is strange nothing last people change
-1	rt thefactguide love is rare life is strange nothing last people change
-1	rt thefactguide love is rare life is strange nothing last people change
-1	rt thefactguide love is rare life is strange nothing last people change
-1	love is rare life is strange nothing last people change
-1	love is rare life is strange nothing last people change quote
-1	rt thefactguide love is rare life is strange nothing last people change
-1	ashermaj asinoski yes absolutely if i d be attracted 2 would love the guy love is strange chemistry same goes for the mom of my son
-1	rt induige love is strange u do anything for a person trying to please them amp they could treat u like shit but u still crave amp lose slee
-1	schwingmetolife i fall in platonic love with everyone romantically with many but have zero sexual attraction sexuality is strange ovo
-1	rt nana9221_ strange how love wounds us amp the only way we heal is by loving again
-1	rt engrossingfacts love is rare life is strange nothing last people change
-1	ok now this is very strange i love and we ll but really http t co e3enxdyrx5
-1	my love is off work amp on his way home yesterday was a strange day which makes me extra grateful for an awesome afternoon and evening ahead
-1	our love is like water pinned down and abused for being strange
-1	dear mr strange you looking like a danger grap me in your trap wrapp me with you re arms the love is on highest speed my song
-1	it s so strange how i don t know you but when i message you i feel calm lol li awww i love you this is so nice http t co vu0bnrk3pp
-1	heffrondrive i love u and your video more then nutella and belive me when i say that this is strange i usually love nothing more then food
-1	rt thefactguide love is rare life is strange nothing last people change
-1	rt bookwqts the human heart is a strange vessel love and hatred can exist side by side scott westerfeld
-1	the human heart is a strange vessel love and hatred can exist side by side scott westerfeld
-1	rt jonnysun nostalgia is the feeling u get when a memory falls in love
-1	how we love old school movies doctor love strange is on now and next we have the great gatsby r360 for our http t co bczrqqrwgw
-1	shanahanmike to think this is a year after steve strange s fade to grey i think i must have been in my bedoom listening to tainted love
-1	mituk is it ok to used to love things and have a strange mix of hope and cynicism about loving them again
-1	rt induige love is strange u do anything for a person trying to please them amp they could treat u like shit but u still crave amp lose slee
-1	rt induige love is strange u do anything for a person trying to please them amp they could treat u like shit but u still crave amp lose slee
-1	strange addictions is such a gross ass show i love it
-1	rt induige love is strange u do anything for a person trying to please them amp they could treat u like shit but u still crave amp lose slee
-1	rt ferminrodriguez i barely know you but i feel security is love next to you freedom from fear when i m with you strange strong love fro
-1	love is rare life is strange nothing lasts people change
-1	rt ferminrodriguez i barely know you but i feel security is love next to you freedom from fear when i m with you strange strong love fro
-1	i barely know you but i feel security is love next to you freedom from fear when i m with you strange strong love from a beautiful stranger
-1	love is strange everything but the girl 03 16 youtube http t co gq9qvwyyeb
-1	love is strange everything but the girl jwavenoa nowplaying http t co yqjyue7ceo
-1	03 16 j wave love is strange everything but the girl 150 itunes http t co vpqxxyuacf amazon http t co l3cxakgebj jwave rt
-1	love is strange everything but the girl 03 16 http t co eonmcytu80
-1	rt mic_tang love is strange sometimes it makes you crazy it can burn or break you
-1	miss_only_sex wow i love this look in ur eyes i understand u all fast strange hard that is what i want get ready yeeeeeyea
-1	the greatest pain that comes from love is loving someone you can never have strange but true
-1	musicsmsg love is strange sometimes it makes you crazy it can burn or break you lana del rey
-1	rt induige love is strange u do anything for a person trying to please them amp they could treat u like shit but u still crave amp lose slee
-1	scandaaliss it doesn t matter either way just the fact that you love showering outside so much is strange
-1	our love is like water pinned down and abused for being strange our love is no other than me alone for me all day
-1	is it strange that i love the smell of fresh strawberries
-1	love is strange u do anything for a person trying to please them amp they could treat u like shit but u still crave amp lose sleep over them
-1	is it strange that i love watching deadliest catch
-1	i love this man his character is amazing and he gets you through rough times cause hes so dopie and strange fl http t co j4a0wvibgo
-1	rt maxjenmana notsosad sweetcocoa strange to meet you need is love without last banana piece
-1	rt notsosad maxjenmana sweetcocoa strange to meet you need is love
-1	do you feel like watching a movie if yes then doctor strange love is on in 30 minutes but don t worry if you http t co 4bhvkocevd
-1	i do love nothing so well in the world as you is not that strange love s labours won or as it is better http t co zudn6ceoon
-1	this playlist on spotify is so strange but i love it
-1	rt engrossingfacts love is rare life is strange nothing last people change
-1	love is rare life is strange nothing last people change
-1	rt musicsmsg love is strange sometimes it makes you crazy it can burn or break you lana del rey
-1	love is so strange by everybody loves irene https t co q38g6f0bcj
-1	money is a strange thing it ranks with love as our grentest source f joy and with death as our greatest source of anxiety joe moore
-1	it s strange to tell you i love you but the feeling is so real
-1	thealeem i should hand you life is strange you ll love it at least once all the eps are out it s a game btw
-1	just started playing life is strange ep 1 love it if you haven t heard of it check it out it ll show http t co fq5lujvh8c
-1	rt musicsmsg love is strange sometimes it makes you crazy it can burn or break you lana del rey
-1	theserioussfact love is rare life is strange nothing last people change
-1	rt avacraggs angela s character development in the office is so strange i love it
-1	i know death is real therefore i live with full consequence i know my love can flee and it relieves me in a strange way
-1	rt musicsmsg love is strange sometimes it makes you crazy it can burn or break you lana del rey
-1	rt engrossingfacts love is rare life is strange nothing last people change
-1	rt engrossingfacts love is rare life is strange nothing last people change
-1	money is a strange thing it ranks with love as our gleatest source of joy cnd with death as our greatest source of anxiety joe moore
-1	rt theserioussfact love is rare life is strange nothing last people change
-1	rt engrossingfacts love is rare life is strange nothing last people change
-1	gubes_madness gublernation i love the eps from matt is always spooky freaky strange but genial and brilliant
-1	rt thefactguide love is rare life is strange nothing last people change
-1	rt thefactguide love is rare life is strange nothing last people change
-1	rt engrossingfacts love is rare life is strange nothing last people change
-1	rt engrossingfacts love is rare life is strange nothing last people change
-1	rt engrossingfacts love is rare life is strange nothing last people change
-1	rt theserioussfact love is rare life is strange nothing last people change
-1	it is strange how u can go from being strangers to friends to more then friends to be in love and then being total strangers again so fast
-1	rt engrossingfacts love is rare life is strange nothing last people change
-1	rt theserioussfact love is rare life is strange nothing last people change
-1	love is rare life is strange nothing lasts people change
-1	why is it strange that i would fall in love who is the boogie man you thinkin of
-1	rt theserioussfact love is rare life is strange nothing last people change
-1	rt theserioussfact love is rare life is strange nothing last people change
-1	rt induige love is strange u do anything for a person trying to please them amp they could treat u like shit but u still crave amp lose slee
-1	love is rare life is strange nothing last people change
-1	rt theserioussfact love is rare life is strange nothing last people change
-1	rt theserioussfact love is rare life is strange nothing last people change
-1	rt theserioussfact love is rare life is strange nothing last people change
-1	rt theserioussfact love is rare life is strange nothing last people change
-1	rt theserioussfact love is rare life is strange nothing last people change
-1	rt theserioussfact love is rare life is strange nothing last people change
-1	rt theserioussfact love is rare life is strange nothing last people change
-1	rt theserioussfact love is rare life is strange nothing last people change
-1	rt theserioussfact love is rare life is strange nothing last people change
-1	rt theserioussfact love is rare life is strange nothing last people change
-1	rt theserioussfact love is rare life is strange nothing last people change
-1	rt theserioussfact love is rare life is strange nothing last people change
-1	rt theserioussfact love is rare life is strange nothing last people change
-1	rt theserioussfact love is rare life is strange nothing last people change
-1	rt theserioussfact love is rare life is strange nothing last people change
-1	rt theserioussfact love is rare life is strange nothing last people change
-1	rt theserioussfact love is rare life is strange nothing last people change
-1	rt theserioussfact love is rare life is strange nothing last people change
-1	rt theserioussfact love is rare life is strange nothing last people change
-1	rt theserioussfact love is rare life is strange nothing last people change
-1	rt theserioussfact love is rare life is strange nothing last people change
-1	rt theserioussfact love is rare life is strange nothing last people change
-1	rt theserioussfact love is rare life is strange nothing last people change
-1	money is a strange thing it ranks with love asvour greatest source of joy and withvdeath as our greatest source of anxiety joe moore
-1	rt theserioussfact love is rare life is strange nothing last people change
-1	rt thefactguide love is rare life is strange nothing last people change
-1	rt mic_tang love is strange sometimes it makes you crazy it can burn or break you
-1	ppl say love is strange and i guess they are right
-1	rt thefactguide love is rare life is strange nothing last people change
-1	rt thefactguide love is rare life is strange nothing last people change
-1	rt thefactguide love is rare life is strange nothing last people change
-1	too fastt rt thefactguide love is rare life is strange nothing last people change
-1	rt thefactguide love is rare life is strange nothing last people change
-1	john lithgow and alfred molina in love is strange next week it didn t get much of a release but it s worth seeing http t co shwsbjrgjz
-1	love is strange sometimes it makes you crazy it can burn or break you
-1	rt theserioussfact love is rare life is strange nothing last people change
-1	read carefully and get the meaning minimum love is friendship amp maximum friendship is love strange but true
-1	money is a strange thing it ranks with love as our greatest soukce of joy an with death as our greatest source of anxiety
-1	rt theserioussfact love is rare life is strange nothing last people change
-1	just got this in the mail is it strange that i love the smell of this it reminds me of being a https t co bkegk1v63h
-1	life is strange is so pretty i love it
-1	love is rare life is strange nothing last people change
-1	rt theserioussfact love is rare life is strange nothing last people change
-1	rt thefactguide love is rare life is strange nothing last people change
-1	rt thefactguide love is rare life is strange nothing last people change
-1	rt theserioussfact love is rare life is strange nothing last people change
-1	love is a strange thing it can make who you are and put you back together or it can destroy you and shader you into microscopic pieces
-1	rt induige love is strange u do anything for a person trying to please them amp they could treat u like shit but u still crave amp lose slee
-1	rt theserioussfact love is rare life is strange nothing last people change
-1	rt thefactguide love is rare life is strange nothing last people change
-1	theserioussfact love is rare life is strange nothing last people change
-1	rt theserioussfact love is rare life is strange nothing last people change
-1	rt theserioussfact love is rare life is strange nothing last people change
-1	rt thefactguide love is rare life is strange nothing last people change
-1	rt theserioussfact love is rare life is strange nothing last people change
-1	love is rare life is strange nothing last people change
-1	rt thefactguide love is rare life is strange nothing last people change
-1	rt theserioussfact love is rare life is strange nothing last people change
-1	the human heart is a strange vessel love and hatred can exist side by side scott westerfeld
-1	rt thefactguide love is rare life is strange nothing last people change
-1	the human heart is a strange vessel love and hatred can exist side by side scott westerfeld
-1	rt thefactguide love is rare life is strange nothing last people change
-1	rt thefactguide love is rare life is strange nothing last people change
-1	rt thefactguide love is rare life is strange nothing last people change
-1	rt thefactguide love is rare life is strange nothing last people change
-1	rt thefactguide love is rare life is strange nothing last people change
-1	rt theserioussfact love is rare life is strange nothing last people change
-1	rt theserioussfact love is rare life is strange nothing last people change
-1	rt theserioussfact love is rare life is strange nothing last people change
-1	rt theserioussfact love is rare life is strange nothing last people change
-1	rt theserioussfact love is rare life is strange nothing last people change
-1	rt theserioussfact love is rare life is strange nothing last people change
-1	review love is strange http t co bhlpk7mp6s filmandtv
-1	ya pretty much sums up everything theserioussfact love is rare life is strange nothing last people change
-1	rt thefactguide love is rare life is strange nothing last people change
-1	rt theserioussfact love is rare life is strange nothing last people change
-1	rt theserioussfact love is rare life is strange nothing last people change
-1	rt theserioussfact love is rare life is strange nothing last people change
-1	rt theserioussfact love is rare life is strange nothing last people change
-1	love is rare life is strange nothing last people change
-1	love is rare life is strange nothing last and people change
-1	rt theserioussfact love is rare life is strange nothing last people change
-1	rt theserioussfact love is rare life is strange nothing last people change
-1	love is rare life is strange nothing last people change
-1	rt theserioussfact love is rare life is strange nothing last people change
-1	rt theserioussfact love is rare life is strange nothing last people change
-1	rt theserioussfact love is rare life is strange nothing last people change
-1	love is rare life is strange nothing last forever people change
-1	rt theserioussfact love is rare life is strange nothing last people change
-1	rt theserioussfact love is rare life is strange nothing last people change
-1	rt theserioussfact love is rare life is strange nothing last people change
-1	theserioussfact love is rare life is strange nothing last people change
-1	rt theserioussfact love is rare life is strange nothing last people change
-1	rt theserioussfact love is rare life is strange nothing last people change
-1	theserioussfact love is rare life is strange nothing last people change
-1	theserioussfact love is rare life is strange nothing last people change
-1	rt theserioussfact love is rare life is strange nothing last people change
-1	love is rare life is strange nothing last people change
-1	rt theserioussfact love is rare life is strange nothing last people change
-1	rt theserioussfact love is rare life is strange nothing last people change
-1	rt theserioussfact love is rare life is strange nothing last people change
-1	rt theserioussfact love is rare life is strange nothing last people change
-1	rt theserioussfact love is rare life is strange nothing last people change
-1	rt theserioussfact love is rare life is strange nothing last people change
-1	rt theserioussfact love is rare life is strange nothing last people change
-1	rt apkokuchtakleef love is rare life is strange nothing last people change
-1	love is rare life is strange nothing last people change
-1	rt theserioussfact love is rare life is strange nothing last people change
-1	rt theserioussfact love is rare life is strange nothing last people change
-1	love is rare life is strange nothing last people change
-1	love is rare life is strange nothing last people change
-1	rt theserioussfact love is rare life is strange nothing last people change
-1	theserioussfact love is rare life is strange nothing last people change
-1	rt theserioussfact love is rare life is strange nothing last people change
-1	rt theserioussfact love is rare life is strange nothing last people change
-1	rt theserioussfact love is rare life is strange nothing last people change
-1	rt theserioussfact love is rare life is strange nothing last people change
-1	rt theserioussfact love is rare life is strange nothing last people change
-1	rt theserioussfact love is rare life is strange nothing last people change
-1	rt theserioussfact love is rare life is strange nothing last people change
-1	rt theserioussfact love is rare life is strange nothing last people change
-1	rt theserioussfact love is rare life is strange nothing last people change
-1	theserioussfact love is rare life is strange nothing last people change
-1	rt theserioussfact love is rare life is strange nothing last people change
-1	rt theserioussfact love is rare life is strange nothing last people change
-1	rt theserioussfact love is rare life is strange nothing last people change
-1	money is a strange taing it ranks with love s our greatest source of joy and with death as our greatest source of anxiety joe moore
-1	rt thefactguide love is rare life is strange nothing last people change
-1	remember when i heard my vet say aw cat is strange but i love her that essentially happened to me as a human last night
-1	rt musicsmsg love is strange sometimes it makes you crazy it can burn or break you lana del rey
-1	barney_strange centerparcsuk this is so funny but also so sweeet love barney fav
-1	money is a strange thing it ranks with love as our greatest source of joy and with death as our greatest source of zlxiety
-1	it s so strange because part of my heart is breaking today but the other half is beaming with love and happiness
-1	77 strange is love true love is more extra o jean de la fontaine
-1	rt anthagiox listening to my sister and her boyfriend argue over what he posted on facebook is this how heterosexuals express their lo
-1	money is a strange thing it ranks with love as our greatest source of joy and with death as our grdatert source of anxiety
-1	rt deviantiy love is strange u do anything for a person trying to please them amp they could treat u like shit but u still crave amp lose sl
-1	love is rare life is strange nothing last people change
-1	rt thefactguide love is rare life is strange nothing last people change
-1	rt thefactguide love is rare life is strange nothing last people change
-1	rt thefactguide love is rare life is strange nothing last people change
-1	rt thefactguide love is rare life is strange nothing last people change
-1	maejor it s strange love you because i ve never seen you in person but either way is good
-1	rt musicsmsg love is strange sometimes it makes you crazy it can burn or break you lana del rey
-1	love is a strange feeling http t co i0nhr17ca3
-1	rt thefactguide love is rare life is strange nothing last people change
-1	maejor it s strange love you because i ve never seen you in person but either way is good xo
-1	maejor it s strange love you because i ve never seen you in person but either way is good
-1	rt thefactguide love is rare life is strange nothing last people change
-1	rt thefactguide love is rare life is strange nothing last people change
-1	rt thefactguide love is rare life is strange nothing last people change
-1	love is rare life is strange nothing last people change
-1	rt thefactguide love is rare life is strange nothing last people change
-1	rt thefactguide love is rare life is strange nothing last people change
-1	rt thefactguide love is rare life is strange nothing last people change
-1	love is rare life is strange nothing lasts people change
-1	rt thefactguide love is rare life is strange nothing last people change
-1	rt thefactguide love is rare life is strange nothing last people change
-1	love is rare life is strange nothing last people change
-1	rt drjamescabot agent_it would you think the boy is strange__ain t he strange_if i could win you if i could sing you a love song so div
-1	agent_it would you think the boy is strange__ain t he strange_if i could win you if i could sing you a love song so divine__
-1	omoyey is a strange thing it ranks with love as our greatest source of joy and with death as our greatest source of anxiety joe moore
-1	money is a strange thing it ranks with love as our greatest source of joy and with death ashour great st source of anxiety
-1	money is a strange thing it ranks with love as our gaeatest source of joy and with death as our gre test source of anxiety
-1	the idea of being in love is strange to me
-1	rt induige love is strange u do anything for a person trying to please them amp they could treat u like shit but u still crave amp lose slee
-1	rt christinarosemc the_strange1 and i were almost on catfishmtv real talk they just couldn t see how real our love is lmfao kris s
-1	rt induige love is strange u do anything for a person trying to please them amp they could treat u like shit but u still crave amp lose slee
-1	rt induige love is strange u do anything for a person trying to please them amp they could treat u like shit but u still crave amp lose slee
-1	love is a powerful emotion we do strange things in the name of love people shower their loved ones with beautiful amp expensive gifts
-1	the master said the study of strange doctrines is injurious indeed oh shit is it really throws away 2000 year old chinese text
-1	strange as it is but i d love aaroncooktkd to win gold in 2016 and shove it back down the haters throats fair play and good luck to you
-1	rt induige love is strange u do anything for a person trying to please them amp they could treat u like shit but u still crave amp lose slee
-1	life is like one long strange dream color or black and white everyone looks your quote men love flirt
-1	love is rare life is strange nothing lasts people change
-1	i love the game but life is strange was clearly written by 40 somethings who have no idea how teenagers speak
-1	one night he wakes strange look on his face pauses then says you re my best friend and you knew what it was he is in love
-1	rt induige love is strange u do anything for a person trying to please them amp they could treat u like shit but u still crave amp lose slee
-1	rt theserioussfact love is rare life is strange nothing last people change
-1	rt theserioussfact love is rare life is strange nothing last people change
-1	rt theserioussfact love is rare life is strange nothing last people change
-1	rt theserioussfact love is rare life is strange nothing last people change
-1	sassygal_94 is it because you love strange men poking things in your mouth it s childish but so are we so
-1	rt theserioussfact love is rare life is strange nothing last people change
-1	rt theserioussfact love is rare life is strange nothing last people change
-1	rt dnngnzls theserioussfact love is rare life is strange nothing last people change
-1	rt theserioussfact love is rare life is strange nothing last people change
-1	indiaknight there s a story there a strange and unusual one i would love to know what it is
-1	rt theserioussfact love is rare life is strange nothing last people change
-1	rt theserioussfact love is rare life is strange nothing last people change
-1	rt theserioussfact love is rare life is strange nothing last people change
-1	rt theserioussfact love is rare life is strange nothing last people change
-1	theserioussfact love is rare life is strange nothing last people change
-1	rt theserioussfact love is rare life is strange nothing last people change
-1	rt theserioussfact love is rare life is strange nothing last people change
-1	rt theserioussfact love is rare life is strange nothing last people change
-1	love is rare life is strange nothing lasts people change
-1	love is rare life is strange nothing last people change
-1	rt theserioussfact love is rare life is strange nothing last people change
-1	rt musicsmsg love is strange sometimes it makes you crazy it can burn or break you lana del rey
-1	rt theserioussfact love is rare life is strange nothing last people change
-1	money is a strange thing it ranks with love as our greatest source of joy and with deith as our greatest source of anxiety
-1	love is that condition in which the happiness of another person is essential to your own robert a heinlein stranger in a strange land
-1	rt induige love is strange u do anything for a person trying to please them amp they could treat u like shit but u still crave amp lose slee
-1	rt adorablyhemmo luke is a very strange person but i love him so much
-1	is it strange if i love boxing thru watching k o awwmen ippo machonouchi box
-1	luke is a very strange person but i love him so much
-1	lord huron love like ghosts indie strange trails is described as western themed and that s an apt http t co 4t0dzqals7
-1	rt dailybooksquote the human heart is a strange vessel love and hatred can exist side by side scott westerfeld
-1	so blessed to be doing what i love the most in this strange world music for me is the only https t co vktxs5wvfj
-1	telltalegames i really love how your games are keep up the good work i want to see more live is strange
-1	dude this is so strange because i love everything about camila like how she s so bubbly and cute but i just can t stand her voice
-1	money is a strange thing it ranks with love as our greatest source of joy and with eath as our greatest sourcelof anxiety
-1	mridulad haha that made me laugh india is indeed a strange place too but i love it and can t wait to be back there soon
-1	rt nabilahaxor_tnt love is strange the more you try to remove it from your heart the more often he appears in your mind nabilahjkt48
-1	rt thesongmsgs love is strange sometimes it makes you crazy it can burn or break you lana del rey
