-1	movie review song of the sea 2014 http t co ur4vnpioki
-1	the best thing i ve seen for a long while song of the sea official us release trailer irish animated movie hd http t co cuytyhqpzg
-1	going to introduce some friends to song of the sea tomorrow must bring something to sob into at the end https t co ch9e355gmn
-1	rt night_errant breathe the wind s song as it races from the sea its salty brace kissing lips taunting brains with stories of glory rage
-1	a great movi to watch song of the sea
-1	horrormoans song of the sea
-1	rt feidorlaview seagrave and woomie are finally sailing the sea of glass song of oblivion seagrave s 31 http t co hx5kb6ev6x fri
-1	song of the sea for those of you who haven t seen this it s ethereally beautiful http t co kdvipnnztd
-1	hello will be watching song of the sea shortly http t co 1hq6acrr0x
-1	now playing dino song of the sea finlandia listen at http t co ow5dep2zhx
-1	song of the sea
-1	i added a video to a youtube playlist http t co 0ajmgnyx2c song of the sea official us release trailer irish animated movie hd
-1	i liked a youtube video http t co z3932kdlfk song of the sea official us release trailer irish animated movie hd
-1	rt angelamortimer2 brilliant splotches of scarlet purple and green as if a child had emptied the contents of its paint box into the sea
-1	rt night_errant breathe the wind s song as it races from the sea its salty brace kissing lips taunting brains with stories of glory rage
-1	brilliant splotches of scarlet purple and green as if a child had emptied the contents of its paint box into the sea shell song
-1	song of the sea http t co soetcd3jg8
-1	i liked a youtube video http t co pvwaaqz6vx song of the sea official us release trailer irish animated movie hd
-1	rt pinbrin i just watched song of the sea with friends it was frickin awesome i highly recommend it my gawd
-1	song of the sea was so beautiful a bit hard for me 2 watch at times but it was a gorgeous movie
-1	breathe the wind s song as it races from the sea its salty brace kissing lips taunting brains with stories of glory rage amp fire asymlife
-1	soyiacomadreja song of the sea obvious child
-1	check out sounds of the sea by stingin steve http t co dxewkh80r1
-1	10000spirits o have the code for a digital he copy of song of the sea interested
-1	songofthesea saoirse animation 2danimation animationfilm irishfilm figures saoirse song of the sea http t co 8ksjirqlhh
-1	she s walking down the aisle with eyes as deep as the sea a song of the morning bird a divine vision a picture of paradise
-1	crispy6usiness o h h hhhh are you watching song of the sea
-1	song of the sea
-1	hd movie http t co bfjn6wfmlh song of the sea 2014 bro sis http t co baxlxhp0gq
-1	rt ohjeetorig tommmoore watched song of the sea yesterday such beautiful art and a beautiful story http t co gjedqkrbr9
-1	song of the sea is an enchanting poignant and extremely powerful film and a thing of true beauty thanks tommmoore and cartoonsaloon
-1	i still hear the song of the sea https t co stnhnctu3l namibot
-1	pero ved song of the sea
-1	just watched song of the sea it was lovely o
-1	at http t co rcmcjnricb guess the song round 5 7 my ship went down in a sea of sound when i woke up alone i had everything hi
-1	photoset song of the sea 2014 3 http t co jbxpvaggt7
-1	song of the sea official us release trailer irish animated movie hd https t co rpm6smbj1a via youtube this is so good love it i cried
-1	seagrave and woomie are finally sailing the sea of glass song of oblivion seagrave s 31 http t co hx5kb6ev6x fridayflash webserial
-1	every song on the magnetic fields love at the bottom of the sea is between 2 01 and 2 39 that s on porpoise right
-1	beardynoise my favourite lyric of any song ever in the world ever is elbow in the stops i miss you the way you miss the sea
-1	11 to heaven goodbye to language 3d the grand budapest hotel leviathan timbuktu song of the sea the http t co q6ipnxtbu3
-1	rt merlerser my song of the sea blu ray arrived last week needless to say it s incredible http t co wpxceh0itz http t co ajux6zhwxo
-1	weekly inspiration song of the sea http t co yywx5xwmoy http t co yihuwvznmr
-1	phosphorushead into the arms of the sea what my tide had carried free best song
-1	still not over song of the sea tbh
-1	rt pinbrin channelawesome dear rob and doug please watch and vlog song of the sea it s beautiful and fantastic i highly recommend i
-1	join us tonight at 7 for a free gallery night showing of song of the sea a fun movie for young and old alike http t co g789iqwcnn
-1	channelawesome dear rob and doug please watch and vlog song of the sea it s beautiful and fantastic i highly recommend it
-1	rt ffsade i still hear the song of the sea nami from leagueoflegends http t co p3v6f9xtax http t co anuvdtwg8q
-1	miriamgc oliver needs to see song of the sea i m serious it s phenomenal and i think you d both dig it
-1	new stills from song of the sea animated feature film directed by tomm moore secret of http t co an6ogtxgo4
-1	i just watched song of the sea with friends it was frickin awesome i highly recommend it my gawd
-1	the sea has cradled them along the shores of clear bays and with a love song the sea has swayed my heart for life
-1	i honestly believe that tom moore could become ireland s miyazaki secret of kells and song of the sea are both gorgeous films
-1	song of the sea blu ray dvd 2015 2 disc set includes digital copy http t co 9hjxn6hjrx book
-1	nevermind mein song of the sea dekh leti houn ab
-1	announce song of the sea g saturday may 2 2015 2 00pm http t co 0eryook1vj
-1	rt travel song of the sea italy http t co gyoueb1odz
-1	new song of the day on my head sounds featuring seawolfmusic check it out here https t co ldqvu1ax40
-1	rt lauramhackett mercy mercy as endless as the sea can t get matt_redman song out of my head so grateful for the mercy of god
-1	totally ninja 10 10 song of the sea 2014 https t co zau9zl0kj5 trakt
-1	http t co botecumr8w can t get enough of this song from the sea soundtrack herinteractive
-1	rt athenscine song of the sea final shows 2 30p this wknd a great family experience to see this animated gem on the big screen http
-1	hobbesdawg naw as i recall looked like the old english sheepdog from song of the sea
-1	united states 83 song of the sea 2014 tomm moore http t co uc4hd21fo1 movies itunes iphone apple
-1	rt rebeccamascull press release for song of the sea maid lovely press release here for my second novel kindly provided by http t
-1	dude i m watching song of the sea 2014 https t co zau9zl0kj5 trakt
-1	i rated song of the sea 2014 6 10 imdb http t co lebhzbdcga
-1	song of the sea https t co smfony8gox
-1	today s 3 of 3 selection billboard number 34 song of 1985 sea of love by the honeydrippers http t co 6mssnchgpz
-1	recently watched song of the sea 2014 and loved the music http t co jvkqigqq0n
-1	recently watched song of the sea 2014 and loved the music http t co dzfruowu9b
-1	nw song of the sea kingkoy uy
-1	http t co ayq20gyq7c today s 3 of 3 selection billboard number 34 song of 1985 sea of love the http t co 2rsc45bthf
-1	watching song of the sea https t co qduryemoir
-1	rt rebeccamascull icymi i wrote about science amp setting in my forthcoming novel songoftheseamaid for shinynewbooks here http t co i
-1	watching song of the sea https t co nqwdygnlly
-1	rt rebeccamascull icymi i wrote about science amp setting in my forthcoming novel songoftheseamaid for shinynewbooks here http t co i
-1	rt rebeccamascull press release for song of the sea maid lovely press release here for my second novel kindly provided by http t
-1	kereeen song of the sea https t co zkuz3b2dik
-1	first sick leave of the year gonna rest this fever cold away with a movie nw song of the sea
-1	watching song of the sea https t co 7ixdvt1f54
-1	press release for song of the sea maid lovely press release here for my second novel kindly provided by http t co 8ikhxdbxkh
-1	song of the sea is such a nice movie
-1	kevinxarate it s the song art for sea of voices by porter oops
-1	song of the sea
-1	justindherd yes secret of kells no on song of the sea should i
-1	easter song all the ends of the earth refrain all the ends of the earth all you creatures of the sea lift http t co nwvsuzpdp2
-1	rt rebeccamascull icymi i wrote about science amp setting in my forthcoming novel songoftheseamaid for shinynewbooks here http t co i
-1	icymi i wrote about science amp setting in my forthcoming novel songoftheseamaid for shinynewbooks here http t co iuwjpdxbdz
-1	rt animation_force have you seen song of the sea yet check out our review http t co v9bwqcll9g cartoonsaloon animation songofthesea
-1	have you seen song of the sea yet check out our review http t co v9bwqcll9g cartoonsaloon animation songofthesea
-1	rt ffsade i still hear the song of the sea nami from leagueoflegends http t co p3v6f9xtax http t co anuvdtwg8q
-1	travelled 3 hours to see song of the sea at the gold coast film festival and it was so worth it https t co 55bdl1epdy
-1	larissafilgs song of the sea
-1	movies hd http t co csfheeieae song of the sea 2014 http t co abrssdilrg
-1	song of the sea https t co 8fbd1ozjkk
-1	nw song of the sea
-1	song of the sea is easily the prettiest film i ve seen in a while
-1	gonna watch song of the sea later read so many good things about it
-1	watching song of the sea https t co 25lakx2pny
-1	in love with song of the sea
-1	they said i could watch anything so i watched song of the sea cinematoons https t co zgtatad3ia
-1	brilliant splotches of scarlet purple and green as if a child had emptied the contents of its paint box into the sea shell song
-1	nw song of the sea
-1	jaebluuh it is well handmade movie you should try the song of the sea movie they have the same graphics and animation 3
-1	nw song of the sea ang cutie ni saoirse http t co gebl6f7uxx
-1	i felt like crying all through song of the sea what the hell
-1	rt rainbow_wearcat burning sun smell of sea amp pine song of the cicadas amp your hot kisses down my spine a dream divine heartsoup
-1	i m watching song of the sea 2014 https t co gqmplgjcer trakt
-1	boooooored haha now watching song of the sea https t co u6ksrublf3
-1	i still hear the song of the sea https t co stnhnctu3l namibot
-1	rt merlerser my song of the sea blu ray arrived last week needless to say it s incredible http t co wpxceh0itz http t co ajux6zhwxo
-1	song of the night sea of love open mic tea rice cakes http t co 8tzcvsjlpy
-1	rt ffsade i still hear the song of the sea nami from leagueoflegends http t co p3v6f9xtax http t co anuvdtwg8q
-1	now playing lords of the trident song of the wind and sea on http t co twi9lyqzs8
-1	song of the sea https t co 13fxo3mimn
-1	song of the sea https t co e3qrxaituw
-1	ahh oh my gosh song of the sea
-1	rt merlerser my song of the sea blu ray arrived last week needless to say it s incredible http t co wpxceh0itz http t co ajux6zhwxo
-1	rt merlerser my song of the sea blu ray arrived last week needless to say it s incredible http t co wpxceh0itz http t co ajux6zhwxo
-1	watching song of the sea with margie niar and 5 others at sumirat s house https t co ij2qbgxvlv
-1	song of the sea looks good
-1	gadag song of the sea with niar vidya and 6 others at sumirat s https t co 3hch8fsluq
-1	reminds me of the cassandra wilson song sky and sea blue in green abalone is some kind of magic for sure http t co re2l47xhp2
-1	reminds me of the cassandra wilson song sky and sea blue in green abalone is some kind of https t co ghyz91ztwn
-1	nw song of the sea
-1	rt whya doodling while watching song of the sea such a lovely magical animation doodle drawing girl https t co muauxxwqar
-1	doodling while watching song of the sea such a lovely magical animation doodle drawing girl https t co muauxxwqar
-1	iamtyannajones this song with your voice and military videos could blow all of the others out to sea https t co ns7jg5pie6 it s perfect
-1	this animated irish movie song of the sea was so goooood
-1	rt nepcardenas song of the sea tho
-1	decentfilms overstweet is song of the sea sad
-1	rt nepcardenas song of the sea tho
-1	song of the sea tho
-1	rt angelamortimer2 brilliant splotches of scarlet purple and green as if a child had emptied the contents of its paint box into the sea
-1	rt angelamortimer2 brilliant splotches of scarlet purple and green as if a child had emptied the contents of its paint box into the sea
-1	brilliant splotches of scarlet purple and green as if a child had emptied the contents of its paint box into the sea shell song
-1	rt das_fsi photoset angel s egg 1985 dir mamoru oshii the descent 2005 dir neil marshall song of the sea 2014 http t co thl
-1	under the sea is my jam like holy sh t fav song of all time
-1	rt its_me_ac between the winds between the waves between the sands between the shore from the shell a song of the sea art by me http
-1	she s walking down the aisle with eyes as deep as the sea a song of the morning bird a divine vision a picture of paradise
-1	rt ffsade i still hear the song of the sea nami from leagueoflegends http t co p3v6f9xtax http t co anuvdtwg8q
-1	song of the sea full soundtrack ost audio http t co z4x6qtkfua
-1	rt cartoonsaloon song of the sea has been nominated for best foreign animation family trailer 2015 goldentrailer songofthesea tommmoore
-1	comicsgirl i thought about this when i saw song of the sea if it had been american disney it would have been well different
-1	song of the sea blu ray dvd 2015 2 disc set includes digital copy http t co zn5fxay5t9 book
-1	watching song of the sea https t co iytwm1rz4s
-1	rt ffsade i still hear the song of the sea nami from leagueoflegends http t co p3v6f9xtax http t co anuvdtwg8q
-1	rt ffsade i still hear the song of the sea nami from leagueoflegends http t co p3v6f9xtax http t co anuvdtwg8q
-1	i think this song negates the badassery of today s work out pandora http t co ayzpe6jmvm
-1	rt sufi_path does the song of the sea end at the shore or in the hearts of those who hear it khalil gibran
-1	rt ffsade i still hear the song of the sea nami from leagueoflegends http t co p3v6f9xtax http t co anuvdtwg8q
-1	the song of the sea at the moment
-1	song of the sea dvd 2015 http t co wqiwalwyhd book
-1	anything in the world can be twisted to be offensive this guy spins song of the sea as a sexist film http t co nxiaj6yqja
-1	l movies dvd song of the sea blu ray dvd 2015 2 disc set includes digital copy hot sale http t co mkuxkqiz7v
-1	rt inkylaurens if the dream thieves was a fairytale song of the narrow sea once upon a time there lived a savagely http t co bgoz
-1	if the dream thieves was a fairytale song of the narrow sea once upon a time there lived a savagely http t co bgozreqgio
-1	song of the sea soundtrack yesss
-1	rt ffsade i still hear the song of the sea nami from leagueoflegends http t co p3v6f9xtax http t co anuvdtwg8q
-1	rt ffsade i still hear the song of the sea nami from leagueoflegends http t co p3v6f9xtax http t co anuvdtwg8q
-1	rt ffsade i still hear the song of the sea nami from leagueoflegends http t co p3v6f9xtax http t co anuvdtwg8q
-1	rt ffsade i still hear the song of the sea nami from leagueoflegends http t co p3v6f9xtax http t co anuvdtwg8q
-1	i still hear the song of the sea nami from leagueoflegends http t co p3v6f9xtax http t co anuvdtwg8q
-1	bruno coulais is a genius nowplaying katy s tune by kila from song of the sea original motion picture soundtra http t co omijzuulnm
-1	rt sufi_path does the song of the sea end at the shore or in the hearts of those who hear it khalil gibran
-1	rt sufi_path does the song of the sea end at the shore or in the hearts of those who hear it khalil gibran
-1	rt sufi_path does the song of the sea end at the shore or in the hearts of those who hear it khalil gibran
-1	does the song of the sea end at the shore or in the hearts of those who hear it khalil gibran
-1	leighaval2 moviememorles cutedecorations this is the song of tha sea
-1	on an animated movie spree my neighbor totoro spirited away song of the sea gt all gems
-1	song of the sea blu ray dvd 2015 2 disc set includes digital copy http t co k7iilkbx27 http t co 18avurdnwv
-1	this weekend song of the sea 2 exams orphan black the avengers at least the rest balances the exams out
-1	movies dvd song of the sea blu ray dvd 2015 2 disc set includes digital copy http t co inddwn1bbq hot sale
-1	song of the sea is a beautiful movie you should watch it http t co cdvzdetm7h
-1	gengarsedible is song of the sea good i saw secret of kells and loved it
-1	rt merlerser my song of the sea blu ray arrived last week needless to say it s incredible http t co wpxceh0itz http t co ajux6zhwxo
-1	will i pay 60 for the song of the sea art concept book yes how is that even a question i might get one for me amp one for the lighthouse
-1	song of the sea 2014 http t co 0zy1vixwei
-1	dear people who don t see western animation as an art form hercules 1997 song of the sea 2014 http t co ix49vhlmkk
-1	song of the sea 2014 http t co wfqoxfunou
-1	song of the sea https t co lynuo9vn12 from the studio which made secrets of kells it s bloody brilliant magical and beautiful story
-1	sing me a song of a lad that is gone say could that lad be i merry of soul he sailed on a day over the sea to skye culloden
-1	rt merlerser my song of the sea blu ray arrived last week needless to say it s incredible http t co wpxceh0itz http t co ajux6zhwxo
-1	cantante_ines recomenda es dispicable me dispicable me 2 song of the sea big hero 6 beauty and the beast my neighbour totoro lt 3
-1	i had the pleasure of seeing cartoonsaloon s song of the sea today a testament to how good it is was the children s reactions
-1	the song of the sea es muy lindaaaa
-1	films i need to watch this year star wars pew pew song of the sea splish splosh when marnie was there infinite sobs
-1	voy a ver song of the sea a ver que tal
-1	vdaloia have you seen song of the sea yet i totally recommend it peskyfeelings
-1	nolwenn leroy lullaby from song of the sea celtic folk soundtrack 2014 http t co 5fhyvl1wpf
-1	finally getting around to watching song of the sea i may well get very excited
-1	rt merlerser my song of the sea blu ray arrived last week needless to say it s incredible http t co wpxceh0itz http t co ajux6zhwxo
-1	my song of the sea blu ray arrived last week needless to say it s incredible http t co wpxceh0itz http t co ajux6zhwxo
-1	http t co 1ce6yh9ejy topsellers deals_us new song of the sea blu ray only no dvd http t co ahjufhfdyi
-1	have you heard the song of the sea composed by chanel by chanel hurricane on soundcloud np https t co 3fkzmxz7jj
-1	rt chilledch if you have a moment why not take a look at the free sample of my award winning novel http t co acmvryxbdp http t co wj
-1	watching song of the sea https t co f37msxlik5
-1	done watching song of the sea
-1	song of the sea
-1	http t co m4cybepmqz new topsellers deals_uk song of the sea dvd 2015 new sealed http t co qlsetx233r
-1	such an amazingly beautiful movie song of the sea irish animated movie hd https t co 1izhrsklvp via youtube
-1	sing me a song of a lass that is gone say could that lass be i merry of soul she sailed on a day over the sea to skye outlander
-1	avenger2 hot pursuit the last five years pith perfect2 song of the sea
-1	ernestofilardi juangorostidi lupe_ hola ved song of the sea hasta luego
-1	sing me a song of a lass that is gone say could that lass be i merry of soul she sailed on a day over the sea to skye
-1	today s movie is brought to you by cartoon saloon nourishmentforthesoul http t co d80tjtuxmc
-1	and now a song of a data node in the sea of nodes ir no no no i ve got no control https t co ekozi44vy0
-1	mamont174 dzenmen song of the sea
-1	song of the day between the saltmarsh and the sea stornoway https t co 4sjx2zzlh3
-1	can t sleep yet song of the sea https t co t0jcgujlun
-1	paulvirzi totally agree with you about song of the sea great old school animation and i don t even have kids
-1	songofthesea saoirse thesecretofkells animationfilms sculpture song of the sea is a new magnificent http t co zrd409sweb
-1	lumbago in the sea of sciatica our fav song olivia_holmes
-1	watching song of the sea https t co 46tbvoqfjx
-1	united states 92 song of the sea 2014 tomm moore http t co uc4hd21fo1 movies itunes iphone apple
-1	caught tomm moore s song of the sea this morning all kindsa wonderful
-1	song of the sea soundtrack ost song of the sea lullaby http t co sd9n0yxmyl
-1	watching song of the sea https t co mxioxhkbd8
-1	review of breathtaking song of the sea 2014 oscar nominated feature from cartoonsaloon amp tommmoore songofthesea http t co eimg0yym8x
-1	review of breathtaking song of the sea 2014 oscar nominated feature from cartoonsaloon amp tommmoore songofthesea http t co xbxdc4pyfp
-1	rt nowverybad review of breathtaking song of the sea 2014 the 2nd oscar nominated hand drawn animation feature from tomm moore http t
-1	review of breathtaking song of the sea 2014 the 2nd oscar nominated hand drawn animation feature from tomm moore http t co 5j1irei6c3
-1	song of the sea
-1	three wise men of gotham went to sea in a bowl if the bowl had been stronger my song would have been longer
-1	watching song of the sea https t co 2kzw7dnh0s
-1	song of the sea full movie http t co 0zuioubyuh via youtube
-1	just watched song of the sea what a lovely movie
-1	the song of the sea a manuscript that bridges a gap on may 22 2007 a hebrew scroll fragment dating from the http t co sjpo41nkkm
-1	rt lsdconscious always listen to the music of nature the birds the wind the sea eventually your soul will become the same song if you
-1	watching song of the sea https t co qiinxomhrw
-1	soak sea creatures the cutest song of 2015
-1	learning to love sadness in song of the sea http t co rmta2f5fwj
-1	honestly song of the sea is one of the most beautiful films i have ever watched
-1	watching song of the sea with yumi https t co mgfv6dyruc
-1	song of the sea is good
-1	rt chunksthemighty photoset small painting given to tomm moore and his wife at mocca it s the seals from song of the sea http t
-1	nw song of the sea
-1	watching song of the sea https t co sew8i6vkei
-1	sing me a song of a lass that is gone say could that lass be i merry of soul she sailed on a day over the sea to skye billow
-1	i ve always had a longing 4 the sea which i why i wrote childofthewater when i was about 13 yrs old http t co ogpg6uyylb indiemusic
-1	if you could listen to only one song for the rest of your life what would it be tenerife sea http t co rd24rqypom
-1	i still hear the song of the sea https t co stnhnctu3l namibot
-1	chriscolfer whispers check out soundtrack to song of the sea so nice
-1	i added a video to a youtube playlist http t co 8ymj2yoiua song of the sea full soundtrack ost audio
-1	book of life again gt song of the sea nw
-1	if you have a moment why not take a look at the free sample of my award winning novel http t co acmvryxbdp http t co wj4slmcwlt
-1	oh my god song of the sea they added aisling in the bus scene
-1	song of the sea is an awesome movie very artsy
-1	rt zach_winthrop dayseeker sleep in the sea drum cover https t co 3scd76xu2j check out my newest drum cover of another great song by
-1	oneperfectshot song of the sea 2014 art direction adrien meringau directed by tomm more http t co atyfxschtw
-1	there is a special joy when one realizes that the singing of the word sea in a song occurs in the same instance as playing a c
-1	watching song of the sea https t co 5xntxt2qfp
-1	also another great thing about song of the sea is it s an adventure without a true antagonist refreshing compared to most films
-1	song of the sea reminded me quite a bit of spirited away and totoro it s nice seeing folklore from around the world coming to life _
-1	me while watching the end of song of the sea
-1	rt sharonknight777 today s song magic song of the sea video filmed by embstudios who s doing our portals video also https t
-1	song of the sea is my aesthetic
-1	song of the sea 2014 fantastic film if you re looking for a reason to cry your eyes out
-1	song of the sea viva portugal https t co f2pbzkmomi via youtube
-1	we ll sing the song of the sea
-1	watched song of the sea recently loved it so i made some fan art songofthesea sketch drawing https t co y7fxcei8b4
-1	rt cosmopolitan watch justin bieber ariana grande and kendall jenner lip sync the shit out of this song http t co hc6z50jzxh http
-1	my entire class will have the song under the sea stuck in their heads for a week because of my presentation tmrw
-1	remind me to stop listening to song of the sea and getting slammed w those merkin feelios
-1	song of the sea
-1	in this corner of the world bats_ s cruel sea is the right song for the day https t co e4doi8f0qu
-1	photoset 210 film challenge 30 animated films 6 30 song of the sea tomm moore 2014 more out of http t co 2pd7xvulek
-1	rt stevemuench since seeing the movie i ve searched for art of the song of the sea book finally can pre order here http t co mlpng8
-1	she s walking down the aisle with eyes as deep as the sea a song of the morning bird a divine vision a picture of paradise
-1	photoset moviegifsthatrock song of the sea tomm moore 2014 http t co x9wjiqeu7f
-1	tonight will be filled with chocolate chip cookies and song of the sea http t co 1amjwiqijx
-1	song of the sea https t co 1h9m4vymx8
-1	nanjizal beach cornwall england this cave is known as the song of the sea http t co txpdpuo6a5
-1	photoset song of the sea macha and mac lir http t co svnzifxryh
-1	rt gicatam aisling cameo in the song of the sea almost didn t catch it http t co vdiaf0d6i0
-1	10 advance tickets on sale now for both song of the sea saturday april 25 and the tale of the princess kaguya http t co hjwzhxpunh
-1	rt sharonknight777 today s song magic song of the sea video filmed by embstudios who s doing our portals video also https t
-1	first sea swim of year in eerie but beautiful sunlit mist has inspired me to write new song the sea and me http t co bwjtr02iwg
-1	dayseeker sleep in the sea drum cover https t co 3scd76xu2j check out my newest drum cover of another great song by dayseekerband
-1	also just saw song of the sea and am so sad that i can t show it on movie night
-1	i want to watch song of the sea can i find it in the internet yet
-1	i still haven t given away the song of the sea download i should probably think of some way to
-1	same old song just a drop of water in an endless sea all we do crumbles to the ground though we refuse to see http t co 25gzji0vmr
-1	rt annabulbrook be the first to hear whiteseamusic s gorgeous remix of thebullsmusic s song comeunwound on the405 here http t co 8
-1	this song is about all the damn oil rigs destroying the views of the sea horizons
-1	song of the day frank worse things happen at sea georgechapman27 i have never not loved this one main reason siftw is top banana
-1	song of the sea https t co tndvvqa4dr
-1	rt sharonknight777 today s song magic song of the sea video filmed by embstudios who s doing our portals video also https t
-1	ahhhh skyrim the song of the dragonborn with lyrics https t co zj0qmehlxj via youtube
-1	today s song magic song of the sea video filmed by embstudios who s doing our portals video also https t co e9ai0ijznn
-1	rt marcsallis hear whiteseamusic s amazing remix of thebullsmusic s song comeunwound on the405 http t co rr2jt9ukya http t co zmm
-1	she said there not having a good time under the sea is the best song after human stuff of course
-1	i am kind and quite i wonder what my own house would be i hear the song of the sea i see the waves i want to swim i am kind and quite
-1	the best animation i ve seen in several years the m report dvd review song of the sea http t co im5od6y5as
-1	new dvd song of the sea a tale of a child on a quest into her own family s history http t co vbbdzfjwbs
-1	i liked a youtube video http t co nqjrr3nyvy song of the sea official us release trailer irish animated movie hd
-1	watching song of the sea
-1	song of the sea 2014 imdb 8 3 tiga film http t co 74alf9js9m
-1	song of the sea is absolutely amazing i got chills just looking at the artwork how it big hero 6 won over it i will never know
-1	rt annabulbrook be the first to hear whiteseamusic s gorgeous remix of thebullsmusic s song comeunwound on the405 here http t co 8
-1	hear whiteseamusic s amazing remix of thebullsmusic s song comeunwound on the405 http t co rr2jt9ukya http t co zmmjglcgeh
-1	rt annabulbrook be the first to hear whiteseamusic s gorgeous remix of thebullsmusic s song comeunwound on the405 here http t co 8
-1	rt cartoonbrew rt animatedsarac great interview with tomm moore on song of the sea animation http t co yom0uwoh71
-1	por fin song of the sea lt 3
-1	rt annabulbrook be the first to hear whiteseamusic s gorgeous remix of thebullsmusic s song comeunwound on the405 here http t co 8
-1	rt annabulbrook be the first to hear whiteseamusic s gorgeous remix of thebullsmusic s song comeunwound on the405 here http t co 8
-1	itunes sea pictures iv song of the watch nocturne merikuvia iv http t co vunozswcxt finland sougofollow
-1	totally just ordered song of the sea so i can write on it with aliatpitt but i was totally going to buy it anyway
-1	photoset guardians of the food seal madeleines song of the sea http t co d9rp6io1bk
-1	rt annabulbrook be the first to hear whiteseamusic s gorgeous remix of thebullsmusic s song comeunwound on the405 here http t co 8
-1	psycho sungguh citer song of the sea
-1	be the first to hear whiteseamusic s gorgeous remix of thebullsmusic s song comeunwound on the405 here http t co 8jvtcxscjx
-1	my library holds for boyhood song of the sea john wick and gone girl all just came in bonanza toomanymoviestoolittletime
-1	the song of the sea is strange lol
-1	nanailyana98 yaaaas omg go watch song of the sea i swear i cried a tear
-1	saw song of the sea on blu ray at the store yesterday but i didn t buy it i kinda regret it
-1	the song of the sea has made me so sad
-1	video song of the sea on back of the boat what a beautiful experience ujungkulontrip boat wave http t co ex3pglceu7
-1	cartoonsaloon will yo be releasing a art book for song of the sea would be super interested on getting my hands on a copy
-1	sing unto the lord a new song and his praise from the end of the earth ye that go down to the sea and all that is http t co pev9n3wull
-1	tenerife sea is kind of the sweetest song ever made so far
-1	nw song of the sea
-1	please go watch song of the sea
-1	united states 98 song of the sea 2014 tomm moore http t co uc4hd21fo1 movies itunes iphone apple
-1	rt lunalowell your last chance to catch song of the sea is tonight at 7 35 tickets and more info http t co bxf7kyoyxw http t co egp
-1	your last chance to catch song of the sea is tonight at 7 35 tickets and more info http t co bxf7kyoyxw http t co egpb7mhplh
-1	bird dog the ocean and the sea sounds like kings of leon delta spirit band of horses song bird dog the http t co 3wxmbhrgqw
-1	okay enuf with the chitchat time to watch the song of the sea movie
-1	rt tommmoore garerick seriously anyone who doesn t love song of the sea is probably an asshole
-1	welcome to song of the sea perfectly located in a low traffic area ideal for biking jogging and walking while http t co jvwudql6k1
-1	since seeing the movie i ve searched for art of the song of the sea book finally can pre order here http t co mlpng8mujf parkablogs
-1	inessentials sure we row on a sea of cans hence the song oh say can sea
-1	saturday movie at hageman song of the sea http t co jme4vuv7ia
-1	apik song of the sea https t co uqa7qgg9iz
-1	worldstarpop why were song ga yeon and seo kang joon edited out of roommate finale if you watched the sea http t co j9xmljlxhf
-1	song of the sea 2014 tomm moore overwhelmed by how beautiful this film amp story is http t co 5zmkdyx4sr
-1	daym the graphics animation and musics ahhhh can t wait to watch song of the sea movie 3
-1	rt vallypee worthy winner of best literary novel for http t co uyn7uhvibt 2014 awards song of the sea god by chilledch http t co
-1	rt fishsoupwriting i loved chilledch novel song of the sea god and am enjoying the pickup artists published by magicoxygen https t c
-1	song of the day kinks this time tomorrow where will we be on a spaceship somewhere sailing across an empty sea what will we know
-1	rt tommmoore garerick seriously anyone who doesn t love song of the sea is probably an asshole
-1	lynn lupetti song of the sea http t co z3ahz2nlkp
-1	rt cartoonsaloon song of the sea has been nominated for best foreign animation family trailer 2015 goldentrailer songofthesea tommmoore
-1	song of the sea
-1	done watching the song of the sea ba yun basta ang ganda
-1	great interview w tomm moore creator of animated film song of the sea http t co 9uok1tb11q
-1	copy film nonton filmnya song of the sea with anna and siska https t co xe7jug4tzk
-1	rt tommmoore garerick seriously anyone who doesn t love song of the sea is probably an asshole
-1	song of the sea u cuuute
-1	rt burhan_movie watch song of the sea 2014 movie streaming and please click http t co pdajuqvhzo
-1	rt burhan_movie watch song of the sea 2014 movie streaming and please click http t co qv6zncatjs
-1	song of the sea https t co cvbuqlezuy
-1	watch song of the sea 2014 movie streaming and please click http t co qv6zncatjs
-1	watch song of the sea 2014 movie streaming and please click http t co pdajuqvhzo
-1	song of the sea 2014 dvdrip x264 ac3 ift 1 41 gb movie xvid
-1	song of the sea
-1	kurokobun i was listening to a song and it made me color the art haha the song is called the breath of the sea
-1	rt cartoonsaloon song of the sea has been nominated for best foreign animation family trailer 2015 goldentrailer songofthesea tommmoore
-1	rt firstlastshot song of the sea 2014 http t co 8hzdffzsec
-1	rt willumsfillum spoiler warning lovely visual essay on song of the sea https t co snr3i27zx2
-1	what music are you listening to right now song of the sea by nolwenn leroy http t co ccoavn9xle
-1	84 song of the sea https t co 98hzrro5ja
-1	i still hear the song of the sea https t co stnhnctu3l namibot
-1	rt fishsoupwriting i loved chilledch novel song of the sea god and am enjoying the pickup artists published by magicoxygen https t c
-1	rt tommmoore garerick seriously anyone who doesn t love song of the sea is probably an asshole
-1	rt cartoonsaloon song of the sea has been nominated for best foreign animation family trailer 2015 goldentrailer songofthesea tommmoore
-1	rt cartoonsaloon song of the sea has been nominated for best foreign animation family trailer 2015 goldentrailer songofthesea tommmoore
-1	rt tommmoore garerick seriously anyone who doesn t love song of the sea is probably an asshole
-1	cartoonsaloon goldentrailer songofthesea tommmoore congrats i loved song of the sea
-1	rt cartoonsaloon song of the sea has been nominated for best foreign animation family trailer 2015 goldentrailer songofthesea tommmoore
-1	song of the sea has been nominated for best foreign animation family trailer 2015 goldentrailer songofthesea tommmoore
-1	tommmoore the lovely old protective christian grandmother is my favorite in song of the sea such a real character
-1	watched song of the sea beautiful film the only reason nobody was talking about it last awards season was because nobody had seen it
-1	watching song of the sea https t co hokwodord5
-1	watching song of the sea https t co rvvdqlxnqu
-1	rt belcourt still showing birdman also today song of the sea zero motivation antarctica amp orson welles in the stranger lady from shan
-1	rt animatedsarac great interview with tomm moore on song of the sea animation http t co uswzku3iqk via cartoonbrew
-1	watching song of the sea https t co xi0ujwfurr
-1	rt crushingbort the best jamiroquai song swirls brandy the liquor briefly assumes shape of a roaring tiger which drop of water in the
-1	meggy_omega lorvelyyy hahahaha cge imma introduce that watch mo song of the sea na movie irish and so nice
-1	nowplaying song of the sea http t co nf5xwjk1o8
-1	because i m still not over this movie have a good day everyone song of the sea soundtrack ost https t co hdebz0vkoc via youtube
-1	rt garerick seriously anyone who doesn t love song of the sea is probably an asshole
-1	rt tommmoore garerick seriously anyone who doesn t love song of the sea is probably an asshole
-1	garerick seriously anyone who doesn t love song of the sea is probably an asshole
-1	rt animartshow pre order cartoonsaloon s beautiful song of the sea art book it promises over 1000 pieces of pre production art http
-1	song of the sea https t co c7xlxcd044
-1	new song of the sea spirit by k c may paperback book english free shipping http t co zerxy3s6ps http t co ajv5pzmbpv
-1	rt a2togodwin 984inthemorning djjoemfalme the video of that song diamond ass shaking amp all that at the sea shore chakacha midweekpar
-1	rt a2togodwin 984inthemorning djjoemfalme the video of that song diamond ass shaking amp all that at the sea shore chakacha midweekpar
-1	984inthemorning djjoemfalme the video of that song diamond ass shaking amp all that at the sea shore chakacha midweekparty
-1	rt animatedsarac great interview with tomm moore on song of the sea animation http t co uswzku3iqk via cartoonbrew
-1	awsome movie song of the sea https t co tbhpql2xkp
-1	rewatching song of the sea noting that what it may lack in the polish sheen of pixar makes up in brilliant specifics sharp little details
-1	song of the sea is the most beautiful movie ever
-1	l movies dvd song of the sea dvd 2015 hot sale http t co l42n3l55di http t co 1phgbsepfg
-1	rt fishsoupwriting i loved chilledch novel song of the sea god and am enjoying the pickup artists published by magicoxygen https t c
-1	rt team_nola no song on this planet has the same affect that porter s sea of voices omg everything slows down its magical
-1	rt team_nola no song on this planet has the same affect that porter s sea of voices omg everything slows down its magical
-1	no song on this planet has the same affect that porter s sea of voices omg everything slows down its magical
-1	three wise men of gotham went to sea in a bowl if the bowl had been stronger my song would have been longer
-1	movies dvd song of the sea dvd 2015 http t co gkbkzqhrxe hot sale http t co l42n3l55di
-1	photoset song of the sea macha and mac lir http t co w9hw14bokc
-1	watching song of the sea https t co os8gx4kdnf
-1	nowplaying porterrobinson sea of voices the beauty of this song is indescribable edm chill beautiful https t co pkrpy6g6r6
-1	acabo de ver song of the sea rightinthefeels
-1	nw song of the sea
-1	mumpung libuurrrrr song of the sea https t co o4hpqiobxx
-1	seriously anyone who doesn t love song of the sea is probably an asshole
-1	im watching song of the sea and the art is sooo gorgeous im crying http t co 0neukje33f
-1	rt arkesh_sharma song of the sea is a nice animation movie for kids and family http t co 6fzyhwakkb
-1	song of the sea was gorgeous
-1	song of the sea is a nice animation movie for kids and family http t co 6fzyhwakkb
-1	91 song of the sea the best animated film i ve seen since wall e maybe absolutely wonderful dlmchallenge
-1	mendesluvs he doesn t even know the name of his own song what a dumb sea cucumber
-1	song of the sea the movie is so good
-1	yall the movie song of the sea is so good
-1	song of the sea gives me intense kin feels i am bursting
-1	finally watched song of the sea and it was beautiful
-1	watched the song of the sea what a beautiful movie
-1	same old song just a drop of water in an endless sea all we do crumbles to the ground though we https t co 25a9sqylpd
-1	51 the song of the sea beautiful animation kind of bad movie 365days 365movies dlmchallenge eightwordsorless
-1	tristangled i ll sing you a song a song of the sea birdseye fish fingers
-1	watch the movie song of the sea if you like disney movies and irish accents jk disney can t compare
-1	song of the sea awesome movie
-1	just watched the animated film song of the sea what a great movie defo recommend songofthesea
-1	she s walking down the aisle with eyes as deep as the sea a song of the morning bird a divine vision a picture of paradise
-1	kingsquirrelz kels0pending either way you both should be watching song of the sea
-1	nanjizal beach cornwall england this cave is known as the song of the sea it lies on the east http t co bwtefjcfhl
-1	great interview with tomm moore on song of the sea animation http t co uswzku3iqk via cartoonbrew
-1	song of the sea official us release trailer irish animated movie hd https t co tn1391xzxm via youtube
-1	check out sounds of the sea by stingin steve http t co dxewkh80r1
-1	song of the sea full soundtrack ost audio https t co 0fucmrp2r3 via youtube i love this soundtrack
-1	check out ghost ship of the sea by stingin steve http t co rhltsxhdv9
-1	love song of the sea https t co rxj7h9jxrm
-1	i still hear the song of the sea https t co stnhncbtcd namibot
-1	go movie http t co csfheeieae song of the sea 2014 http t co hytnowkils
-1	gypsynadya_rp gt this is what i have been drawn to running towards it s just myself and the siren song of the sea i walk towards the gt
-1	watching song of the sea i m 5 minutes in and already in love
-1	miami at dusk sitting in front of the sea listening to italian 80 s song writer gianna nannini https t co 71zqaozi6j
-1	miami at dusk sitting in front of the sea listening to italian 80 s song writer gianna nannini deliciously http t co xhq8tfktcu
-1	sing me a song of a lass that is gone say could that lass be i merry of soul she sailed on a day over the sea to skye
-1	tenerife sea has got to be the most beautiful song of this century http t co xaqpgql63d
-1	wow i think i have another fave animated movie aside from the lion king song of the sea is excellent great art and visuals touching too
-1	rt songofthesea song of the sea in cinemas 10th july
-1	porterrobinson this song man it just hit me like sea of voices did for the very first time beautiful
-1	dingus_x listening to 2009 academy awards show did you ever see secret of the kells or its studio s follow up song of the sea
-1	rt animartshow pre order cartoonsaloon s beautiful song of the sea art book it promises over 1000 pieces of pre production art http
-1	rt animartshow pre order cartoonsaloon s beautiful song of the sea art book it promises over 1000 pieces of pre production art http
-1	rt animartshow pre order cartoonsaloon s beautiful song of the sea art book it promises over 1000 pieces of pre production art http
-1	rt animartshow pre order cartoonsaloon s beautiful song of the sea art book it promises over 1000 pieces of pre production art http
-1	have you heard frank davis s song titanic cqd signal on the sea about the other side of that fateful http t co bry72ndkfj
-1	song of the sea just put a wide smile on my face cartoonsaloon
-1	tg4 is on behind me amp i m trying to work out whether they re using song of the sea soundtrack as background music or just general k la
-1	show 821 bruno coulais i hate you 2014 song of the sea https t co 6xhw2exbj7
-1	show 821 bruno coulais get away 2014 song of the sea https t co 6xhw2exbj7
-1	show 821 bruno coulais amp lisa hannigan song of the sea 2014 song of the sea lisahannigan http t co oyj5oarwai
-1	this week s new movies interstellar into the woods song of the sea the hobbit battle of the five http t co orur3u3cya
-1	song of the sea art animation ireland irish https t co abdbhr6g2j
-1	list of animated movies to watch after i revise my thesis song of the sea book of life and when marnie was there
-1	rt rfewtimet the song of sea is a beautiful cartoon the drawings the songs and the story are wonderful good choice floaredevara
-1	the song of sea is a beautiful cartoon the drawings the songs and the story are wonderful good choice floaredevara
-1	song of the sea
-1	just watched song of the sea wow just wow x
-1	karu screaming snk song of the sea aus while we re watching i hate u
-1	i went through like 7 hours of a personal crisis and now i m watching song of the sea i love to die
-1	song of the sea full soundtrack https t co kgxekdmzyb youtube
-1	rt vallypee worthy winner of best literary novel for http t co uyn7uhvibt 2014 awards song of the sea god by chilledch http t co
-1	watching song of the sea movie
-1	rt fishsoupwriting i loved chilledch novel song of the sea god and am enjoying the pickup artists published by magicoxygen https t c
-1	rt fishsoupwriting i loved chilledch novel song of the sea god and am enjoying the pickup artists published by magicoxygen https t c
-1	rosenberg yelawolf don t use the word love often but i love love the the pic of the wolf it s so effin cool the song makes me miss jax
-1	i loved chilledch novel song of the sea god and am enjoying the pickup artists published by magicoxygen https t co unsl0gzzw4
-1	nw song of the sea
-1	rt vallypee worthy winner of best literary novel for http t co uyn7uhvibt 2014 awards song of the sea god by chilledch http t co
-1	think of the children tuesday song of the sea explores grief http t co lneamrijcl
-1	song of the sea is such a beautiful movie absolutely wonderful
-1	song of the sea time lt 3 lt 3 http t co mcleldotxe
-1	worthy winner of best literary novel for http t co uyn7uhvibt 2014 awards song of the sea god by chilledch http t co pxdb9kqki1
-1	dw song of the sea
-1	photoset some screenshots from the song of the sea inspiration http t co h7xawgfa3o
-1	same old song just a drop of water in an endless sea all we do crumbles to the ground though we refuse to see dust in the wind
-1	united states 86 song of the sea 2014 tomm moore http t co uc4hd21fo1 movies itunes iphone apple
-1	same old song just a drop of water in an endless sea all we do crumbles to the ground though we refuse to see
-1	rt edskeeper when people be like omg tenerife sea is written about taylor ed says beth at the end of the song do u have tomatoes
-1	rt cartoonsaloon some cute little doodle of saoirse which makes for lovely fan art thank you http t co vfodks2tsb songofthesea
-1	i babysat on sat and put on song of the sea but the kid saw a trailer for princess kaguya and wanted to watch that instead
-1	some cute little doodle of saoirse which makes for lovely fan art thank you http t co vfodks2tsb songofthesea
-1	1 all about my wife 2 gangnam 1970 3 song of the sea
-1	jasikuen ughh lt 3 song of the sea so beautiful
-1	songofthesea song of the sea i bpicti rlainn 10 i il
-1	rt songofthesea song of the sea in cinemas 10th july
-1	rt songofthesea song of the sea in cinemas 10th july
-1	rt songofthesea song of the sea in cinemas 10th july
-1	rt cartoonsaloon only 3 days left until the australian premiere of songofthesea will you be there http t co firertmtkn
-1	cuteness overload watching song of the sea
-1	rt edskeeper when people be like omg tenerife sea is written about taylor ed says beth at the end of the song do u have tomatoes
-1	nyarga_jane song of the sea
-1	song of the sea is the most beautiful film i have ever seen
-1	rt edskeeper when people be like omg tenerife sea is written about taylor ed says beth at the end of the song do u have tomatoes
-1	rt edskeeper when people be like omg tenerife sea is written about taylor ed says beth at the end of the song do u have tomatoes
-1	when people be like omg tenerife sea is written about taylor ed says beth at the end of the song do u have tomatoes in ur ears or
-1	amazing cartoonsaloon tommmoore willumsfillum song of the sea https t co jzs0o6plke
-1	rt cartoonsaloon only 3 days left until the australian premiere of songofthesea will you be there http t co firertmtkn
-1	rt cartoonsaloon only 3 days left until the australian premiere of songofthesea will you be there http t co firertmtkn
-1	only 3 days left until the australian premiere of songofthesea will you be there http t co firertmtkn
-1	rt saladinahmed if you didn t know there was an extended version of the mask cartoon theme song w additional lyrics now you do http
-1	song of the sea dvd for 14 99 14 99 14 99 brendan gleeson fionnula flanagan and lisa hannigan lend their http t co 4mji9kjrhu
-1	cries over song of the sea
-1	always listen to the music of nature the birds the wind the sea eventually your soul will become the same song if you listen long enough
-1	rt songofthesea song of the sea in cinemas 10th july
-1	photoset destinycalling07 films to watch 2014 song of the sea http t co h9kwcci4ib
-1	rt songofthesea song of the sea in cinemas 10th july
-1	download list paddington mr peabody amp sherman the book of life brave song of the sea the croods rango mary amp max coraline pamer
-1	rt songofthesea song of the sea in cinemas 10th july
-1	seal madeleines song of the sea http t co lqzdvmdt86
-1	rt eean_co_uk song of the sea 2015 dir tomm moore tacoma film http t co ihyyjund7u 5 star film animation http t co ikgvg
-1	song of the sea 2015 dir tomm moore tacoma film http t co ihyyjund7u 5 star film animation http t co ikgvglg9df
-1	ireland s song of the sea an animated surprise and a great film animation http t co gnln2fwwit
-1	rt songofthesea song of the sea in cinemas 10th july
-1	photoset guardians of the food seal madeleines song of the sea http t co fjbjhvzxu2
-1	rt songofthesea song of the sea in cinemas 10th july
-1	itunes sea pictures iv song of the watch nocturne merikuvia iv http t co ljskgmxqjb finland sougofollow
-1	song of the sea blu ray disc 2 disc ultraviolet digital copy for 19 99 19 99 19 99 brendan gleeson http t co qsmtu4izdl
-1	rt songofthesea song of the sea in cinemas 10th july
-1	rt songofthesea song of the sea in cinemas 10th july
-1	song of the sea 2014 http t co 4jsmbequya
-1	rt songofthesea song of the sea in cinemas 10th july
-1	by the way guys if you haven t seen the song of the sea yet this is your movie for today lt 3
-1	rt songofthesea song of the sea in cinemas 10th july
-1	rt songofthesea song of the sea in cinemas 10th july
-1	rt songofthesea song of the sea in cinemas 10th july
-1	rt songofthesea song of the sea in cinemas 10th july
-1	song of the sea
-1	im whistling the song of the little mermaid under the sea tell me why real_liam_payne
-1	rt songofthesea song of the sea in cinemas 10th july
-1	why do i have the bottom of the sea song from spongebob stuck in my head
-1	rt songofthesea song of the sea in cinemas 10th july
-1	rt songofthesea song of the sea in cinemas 10th july
-1	rt songofthesea song of the sea in cinemas 10th july
-1	i ve seen this twice if you have kids or have ever been one i suggest you see it too mt songofthesea song of the sea in cinemas 10 july
-1	rt songofthesea song of the sea in cinemas 10th july
-1	rt songofthesea song of the sea in cinemas 10th july
-1	rt songofthesea song of the sea in cinemas 10th july
-1	rt songofthesea song of the sea in cinemas 10th july
-1	rt songofthesea song of the sea in cinemas 10th july
-1	pre order song of the sea by jane dolby english free shipping http t co hmgb2gadxm http t co jvfeu2vbx3
-1	song of the sea is beautiful
-1	lisahannigan song of the sea thank you so much your music bring peace to me every night
-1	rt jedimoonshyne if nothing else song of the sea taught me how to correctly pronounce saoirse_ronan you know for when we get married
-1	rt jedimoonshyne if nothing else song of the sea taught me how to correctly pronounce saoirse_ronan you know for when we get married
-1	just saw song of the sea beautiful movie and much less abstract than secret of kells super excellent highly recommend
-1	song of the sea https t co hmnli5sd2n
-1	rt jedimoonshyne if nothing else song of the sea taught me how to correctly pronounce saoirse_ronan you know for when we get married
-1	i m getting some late siblings day viewing in w song of the sea thanks to paleosteno for the spot on recommendation
-1	sing me a song of a lass that is gone oh could that lass be i merry of soul she sailed on a day over the sea to skye
-1	watching song of the sea https t co 5qrkifb4iq
-1	but i think it s cool she s attracted to how pretty amp cultural song of the sea is amp she connects to that without even seeing it
-1	my little sister 8 apologized to me for not being happy that big hero 6 won the oscar she wanted song of the sea because she s irish
-1	song of the sea original score can put anyone to sleep peacefully plus its one of the best movies for animation in years
-1	song of the sea lullaby rus cover by gala voices https t co chhyyfk1xz
-1	a im i watching song of the sea
-1	heyitscloe the characters in song of the sea look a lot like you re art style so prettttty
-1	song of the sea
-1	song of the sea
-1	rt shawnmendes everyone send me wat ur favorite song is off the album followin as many of u as i can xx handwrittenonitunes http
-1	song of the sea is so beautiful amp great i wish there were figurines cause i would buy them all like right now
-1	song exploder the national sea of love http t co 7weeocotdy
-1	sing my song of the sea with you lt 3
-1	i identify strongly with the protagonist and jealous terrible older sibling in song of the sea
-1	lt 3 the song of the sea https t co xw4eki7j2q
-1	kevinhearne have you seen the song of the sea there are many names in there that i recognize from the idc thank u for that
-1	song of the sea 2014 http t co mpp2pqubom really lovely story and superb animation
-1	i m the voice of the song of the sea you ll always hear me
-1	food adventures in fiction seal madeleines for song of the sea http t co gek18ckszm
-1	edsheeran hey ed what is the meaning definition of lumiere in your song tenerife sea i ve googled it and it doesn t make sense to me
-1	she s walking down the aisle with eyes as deep as the sea a song of the morning bird a divine vision a picture of paradise
-1	ariannageorge yeah it sounds really good i ll definitely watch it song of the sea is really good to you should watch it
-1	wow song of the sea it s been years since i ve been so enraptured by a story
-1	elwedididina song of the sea
-1	rt fictionfood seal madeleines for the beautiful academyaward nominated film songofthesea http t co ko3abqzhqb songofthesea http
-1	watching the ending of song of the sea before going to work may not have been the best idea but no regrets wipes tears
-1	rt fictionfood seal madeleines for the beautiful academyaward nominated film songofthesea http t co ko3abqzhqb songofthesea http
-1	sing me a song of a lass that is gone say could that lass be i merry of soul she sailed on a day over the sea to skye
-1	posted a new song sounds of the sea http t co jnp1jhjq0m music
-1	when you re trying to listen to a song but can t find the original in the sea of remixes
-1	rt fictionfood seal madeleines for the beautiful academyaward nominated film songofthesea http t co ko3abqzhqb songofthesea http
-1	absolutely loving brave the 6 week journey crdschurch is hosting watching them song on the sea of https t co iizica4sb9
-1	rt fictionfood seal madeleines for the beautiful academyaward nominated film songofthesea http t co ko3abqzhqb songofthesea http
-1	rt fictionfood seal madeleines for the beautiful academyaward nominated film songofthesea http t co ko3abqzhqb songofthesea http
-1	rt fictionfood seal madeleines for the beautiful academyaward nominated film songofthesea http t co ko3abqzhqb songofthesea http
-1	rt fictionfood seal madeleines for the beautiful academyaward nominated film songofthesea http t co ko3abqzhqb songofthesea http
-1	rt fictionfood seal madeleines for the beautiful academyaward nominated film songofthesea http t co ko3abqzhqb songofthesea http
-1	is there going to be an art book for song of the sea
-1	rt karakulle01 gibbubbles roso1954 cathystefani139 macro photography http t co lgllz2knvu http t co ls9v8kvs1f simple drop
-1	song of waves above withered sunrise ancient verses of prophecy dwell in those eyes of a mariner lost in the sea
-1	above the horizon of pale dawn i see seagulls flying high in the sky sea in their soul i hear the song of the flight in their cry byme
-1	gibbubbles roso1954 cathystefani139 macro photography http t co lgllz2knvu http t co ls9v8kvs1f simple drop of love
-1	song of the sea is one of the most beautiful movies i ve ever seen http t co 3g1egmt5jh
-1	song of the sea blu ray review http t co rmootzyfxp
-1	this song kills because i am the most of the time not sure who is the real me in between the sea of personalities
-1	song of the sea is still the best film i ve seen with my kids ashlandfilm fest but johnbetamac s slowwest is the best film i ve seen
-1	we loved song of the sea and reviewed it on animation force give it a read if you want to learn more http t co c4nxrbxrrx
-1	meet me where the cliff meets the sea elan by nightwish my song of the day lt 3
-1	if you haven t watched the song of the sea then watch it immediately fantastic design animation story very impressed
-1	rt willumsfillum spoiler warning lovely visual essay on song of the sea https t co snr3i27zx2
-1	rt chunksthemighty photoset small painting given to tomm moore and his wife at mocca it s the seals from song of the sea http t
-1	does the song of the sea end at the shore or in the hearts that listen to it may your life reach https t co 9qdaqodata
-1	rt willumsfillum spoiler warning lovely visual essay on song of the sea https t co snr3i27zx2
-1	pick 2 blu ray dvd lot annie song of the sea penguins of madagascar full read by ebay http t co mogfm9d6ik http t co 18dbcrcao3
-1	pick 2 blu ray dvd lot annie song of the sea penguins of madagascar full read by ebay http t co bziqilcoyj http t co pttqkzg2ck
-1	song of the sea with syahnanda https t co v1437cdhp7
-1	if nothing else song of the sea taught me how to correctly pronounce saoirse_ronan you know for when we get married irishfilmfesta
-1	song of the sea blurayreview http t co tttkmjwukc songofthesea bluray moviereview filmreview
-1	whats the name of the show where the theme song goes who lives in a pineapple under the sea spongebob sqaurepants help
-1	song of the sea org james and the giant preach the little spermaid fondue panda kung pao panda unpopularanimatedmovies
-1	somewhere in the sea of indie singer songwriters kt tunstall got lost which is unfortunate she knows how to write a killer pop song
-1	pick 2 blu ray dvd lot annie song of the sea penguins of madagascar full read by ebay http t co mogfm9d6ik http t co 5gmjf90vwm
-1	rt fictionfood seal madeleines for the beautiful academyaward nominated film songofthesea http t co ko3abqzhqb songofthesea http
-1	tommmoore my lil sister told me she really wished song of the sea won the oscar she hasn t seen it but she s irish so she loves it
-1	steklov song of the sea
-1	seal madeleines for the beautiful academyaward nominated film songofthesea http t co ko3abqzhqb songofthesea http t co 1yx9anx0q1
-1	rt fictionfood seal madeleines for song of the sea http t co 62fp5y6vyb foodadventures
-1	seal madeleines for song of the sea http t co xjhxva4ior foodadventures
-1	seal madeleines for song of the sea http t co 62fp5y6vyb foodadventures
-1	song of the sea is my new favorite film saoirse is adorable http t co lu8eko5saz
-1	song of the sea and the tale of princess kaguya breathtakingly gorgeous
-1	i liked a youtube video http t co quup0khpny song of the sea a review or something
-1	i liked a youtube video http t co xgvaby4bfx song of the sea official us release trailer irish animated movie hd
-1	nw song of the sea
-1	night movie time song of the sea https t co yp3hu2vayj
-1	tokyo anime award festival 2015 song of the sea wins http t co lwntqjlg6w
-1	sing to the lord a new song his praise from the ends of the earth you who go down to the sea all that s in it
-1	posted a new song song of the sea witch http t co vtcmkf9pad music
-1	let s see how this is watching song of the sea
-1	rt eleleporesi sing me a song of a lass that is gone say could that lass be i merry of soul she sailed on a day over the sea to skye
-1	sing me a song of a lass that is gone say could that lass be i merry of soul she sailed on a day over the sea to skye
-1	song of the sea is such a stunning movie
-1	song of the sea an animated movie for glp http t co kj3jd48voi
-1	between the west between the east between the time between the place from the shell the song of the sea
-1	song of the sea unpopularanimatedmovies
-1	united states 71 song of the sea 2014 tomm moore http t co uc4hd21fo1 movies itunes iphone apple
-1	song of the sea the best animated movie i ve seen in a while
-1	rt ttopangel_06 there are a lot of fish in the sea but niel is one of a kind if you know what i mean hehe s new song is amazing
-1	rt ttopangel_06 there are a lot of fish in the sea but niel is one of a kind if you know what i mean hehe s new song is amazing
-1	rt ttopangel_06 there are a lot of fish in the sea but niel is one of a kind if you know what i mean hehe s new song is amazing
-1	nice song of the sea https t co usn5vnz3xn
-1	rt ttopangel_06 there are a lot of fish in the sea but niel is one of a kind if you know what i mean hehe s new song is amazing
-1	rt ttopangel_06 there are a lot of fish in the sea but niel is one of a kind if you know what i mean hehe s new song is amazing
-1	rt ttopangel_06 there are a lot of fish in the sea but niel is one of a kind if you know what i mean hehe s new song is amazing
-1	there are a lot of fish in the sea but niel is one of a kind if you know what i mean hehe s new song is amazing tbfh xd
-1	rt dvdinfatuation this movie s theme song was performed by frankie avalon who also played a supporting role in the film http t co nk
-1	rt dvdinfatuation this movie s theme song was performed by frankie avalon who also played a supporting role in the film http t co nk
-1	rt dvdinfatuation this movie s theme song was performed by frankie avalon who also played a supporting role in the film http t co nk
-1	in the heart of the sea trailer song http t co obotsjedqk
-1	rt dvdinfatuation this movie s theme song was performed by frankie avalon who also played a supporting role in the film http t co nk
-1	this movie s theme song was performed by frankie avalon who also played a supporting role in the film http t co nkgzvxho95
-1	nw song of the sea with siblings seems like a childish movie but mysterious haha
-1	fatefulflames i am treble my song is of the sea i guess i ll be the captain of our trio as instructed
-1	song of the sea http t co 6xqytyfngf via youtube
-1	done watching the song of the sea it s so good
-1	royal doulton song of the sea figurine h n 2379 lot 62 http t co kyk8upzcf2 http t co lxbguizsae
-1	nw song of the sea
-1	song of the sea
-1	rt tram_nguyen_npc you need to watch this dryssie mmar_p song of the sea official us release trailer irish animated movie hd https
-1	nowwatching song of the sea lt 3 https t co ewmsrv6yxk
-1	saoirse song of the sea https t co hgyghdjhtc
-1	the song of the sea is like an animated picture book it s so beautiful
-1	the song of the sea is waay better than the tale of kaguya
-1	what is your favorite children s story song of the sea http t co vfvpvqphjf
-1	one of the most beautiful animations ever song of the sea super pretty
-1	rt velveteenrabbi a pantoum for day 9 of the omer about the song at the sea for rabbi davidevanmarkus http t co 8uskscl0ka
-1	day 9 of the omer day 9 song at the sea a psalm of transformation can you still hear the song a http t co pmcly9ig1c velvrabbi
-1	a pantoum for day 9 of the omer about the song at the sea for rabbi davidevanmarkus http t co 8uskscl0ka
-1	rt songofthesea song of the sea in cinemas 10th july
-1	nowplaying gt the wilderness of manitoba sea song tune in here http t co gfh5ciy7in
-1	rt songofthesea song of the sea in cinemas 10th july
-1	idk why but i already fall in love with song of the sea soundtrack
-1	imo song of the sea is waaaaayy better than big hero 6
-1	i liked a youtube video http t co hkcfuoh8ub song of the sea full soundtrack ost audio
-1	japanese animation with irish voiceovers yup song of the sea
-1	just finished watching song of the sea and omg why have i not watched it sooner incrediblefilm
-1	watching song of the sea https t co kf0ubosgkg
-1	new song of the sea by edwin page paperback book english free shipping http t co spwreankee http t co qj2gxzydqb
-1	watching song of the sea https t co hio4t65n6n
-1	new song of the sea by edwin page paperback book english free shipping http t co rolimfgfac http t co tx9nvflbds
-1	watching song of the sea https t co ufgdz6lwoe
-1	new song of the sea by edwin page paperback book english free shipping http t co acx7b6zul3 http t co fvegiw0k0r
-1	madelinerupert i recommend song of the sea for this effect _
-1	spoiler warning lovely visual essay on song of the sea https t co snr3i27zx2
-1	nonton movie film song of the sea 2014 online streaming gratis download subtitle indonesia http t co uitsstsqzr
-1	spiritual topic magical gaelic animation and mythology the song of the sea http t co w6fxlhtayu
-1	spiritual topic magical gaelic animation and mythology the song of the sea http t co 6hk3bujkqx
-1	rt lydiasyson whattoreadnextandwhy song of the sea maid science and setting by rebeccamascull http t co tlebgw5qvh
-1	whattoreadnextandwhy song of the sea maid science and setting by rebeccamascull http t co tlebgw5qvh
-1	song of the sea
-1	if ur into fairytales amp think the human world is a mess then i suggest u watch song of the sea then read about silkies it s worth it i swear
-1	got very emotional watching the animated film song of the sea and am now reading about silkies seriously some interesting stuff
-1	truesakura have you seen song of the sea
-1	the sailor song of sea
-1	three wise men of gotham went to sea in a bowl if the bowl had been stronger my song would have been longer
-1	song of the sea is such a beautiful movie cartoonsaloon
-1	song of the sea
-1	song of the sea
-1	song of the sea
-1	song of the sea
-1	song of the sea
-1	song of the sea
-1	song of the sea
-1	song of the sea
-1	song of the sea
-1	song of the sea
-1	song of the sea
-1	song of the sea
-1	song of the sea
-1	song of the sea
-1	song of the sea
-1	song of the sea
-1	song of the sea
-1	song of the sea
-1	song of the sea
-1	song of the sea
-1	song of the sea
-1	song of the sea
-1	song of the sea
-1	song of the sea
-1	song of the sea
-1	song of the sea
-1	song of the day night love we are we love by the sea the sea
-1	you need to watch this dryssie mmar_p song of the sea official us release trailer irish animated movie hd https t co arv8ukvgck
-1	song of the sea is beyond good everyone should watch this movie
-1	watched song of the sea i almost teared up haha
-1	song of the sea looks absolutely gorgeous someone tell me what it s about so i don t have to put the effort into a swift google search
-1	the song of the sea
-1	for a sea games song this song is freaking dope heard it at ntuc first haha unbreakable songs of the games https t co avv4rysnmr
-1	i still hear the song of the sea https t co stnhnctu3l namibot
-1	home and i brought home interstellar and song of the sea
-1	rt sifps i know what i m gonna save up for now http t co jpv9ggbkdp songofthesea
-1	who else fell in love with the song of the sea seriously watch that movie the artwork is amazing http t co u0z8oi0st2
-1	song of the sea https t co jdczydas2i
-1	song of the sea
-1	song of the sea ost full soundtrack full movie soundtrack http t co moultrmjoc via youtube
-1	today i watched fast 7 and song of the sea and i have no more tears left in my body
-1	rt ayudellsha study visit day ii to merlion park china town singapore gen hospital sentosa island universal studio song of the sea
-1	big data the business of emotion feat white sea audio https t co blp1mti3xp via youtube still the hottest song out
-1	rt cinema__24 _ song of the sea http t co oqeoqwqokm
-1	aluisabarcelos etserbu maisaoumenos kkklayre sing me a song of a less that is gooone over the sea to sky
-1	ehbishop song of the sea song of the sea this movie is made for calvin the boy in it is calvin absolutely stunning must see
-1	omigosh song of the sea oh my gosh
-1	song of the sea illustrator working with my lady soawesomecards kickstarter emotions illustrator revealed http t co 3jzchynm2i
-1	rt firstlastshot song of the sea 2014 http t co 8hzdffzsec
-1	song of the sea official us release trailer irish animated movie hd http t co g6jhszwiw6
-1	nw song of the sea
-1	holly_holl i still laugh when i think about her lost in a sea of stoned troglodytes obsessing over the next depeche mode song
-1	i watched the song of the sea and it made me cry so much help
-1	watching song of the sea
-1	rt firstlastshot song of the sea 2014 http t co 8hzdffzsec
-1	the song of the sea
-1	rt firstlastshot song of the sea 2014 http t co 8hzdffzsec
-1	she s walking down the aisle with eyes as deep as the sea a song of the morning bird a divine vision a picture of paradise
-1	rt firstlastshot song of the sea 2014 http t co 8hzdffzsec
-1	rt firstlastshot song of the sea 2014 http t co 8hzdffzsec
-1	song of the sea is such a good movie
-1	tommmoore ok i see song of the sea shirts on the table eh hemmm where can i purchase said shirt
-1	song of the sea f u l l mo vie youtube http t co dro5gzmpcx
-1	song of the sea is a beautiful film
-1	bestehexe indeed was fun song of the sea was greatness
-1	rt sifps i know what i m gonna save up for now http t co jpv9ggbkdp songofthesea
-1	song of the sea was a great movie
-1	just finished watching song of the sea with macylao an incredible emotional and beautiful movie loved it tommmoore
-1	a friendly advocate did a cool cover of our song swimmin in the sea a friendly advocate will be playing with http t co lznuym918u
-1	eunreen song of the sea
-1	11 11 signals formol en los ojos and song of the sea cu
-1	song of the sea music video lullaby 2014 irish animated movie hd https t co serxlumiz3
-1	just watched song of the sea and i think it broke me
-1	from moccafest2015 tshirt amp signed by tommmoore print from song of the sea are two things i really wanted https t co pseuagrob0
-1	twittblaster again irish lyrics of carrickfergus the sea is wide https t co iabh6jcjus
-1	just watched song of the sea with the family what a beautifully animated and emotional movie highly recommended
-1	come all you young sailormen listen to me i ll sing you a song of the fish in the sea and https t co 2xj1kbd4vi
-1	anyway i m watching song of the sea
-1	favourite song from twenty one pilots if you mean the album then march to the sea of addict with a pen http t co zwuidsenky
-1	angramainyuu the song lulled the sea loving pokemon to sleep lost in the fog of dreams
-1	just watched the song of the sea and it s amazing so beautiful and cute and and just watch it lt 3 https t co dts9tafg5u
-1	song of the sea shell 1926 c w krogmann piano four hands 4705 http t co ztptmcj3l2 http t co 1paoic65or
-1	just watched song of the sea current status emotional about seals
-1	song of the sea
-1	jackiekircher did you see song of the sea it is my most recent favorite movie
-1	the tale of the princess kaguya 2014 and song of the sea 2014 via http t co htb6r68uzx
-1	rt cinema__24 _ song of the sea http t co oqeoqwqokm
-1	_ song of the sea http t co oqeoqwqokm
-1	frizbot hey that sounds like a plan you might like this article too from the feminism perspective http t co iuwjpdxbdz
-1	robrowlands me too though that appears a bit unfair now i know more of the music background their version of wyatt s sea song is ace too
-1	song of the sea check this cartoon https t co f6fxkaak6j realjonghyun90
-1	sing me a song of a lass that is gone say could that lass be i merry of soul she sailed on a day over the sea to skye korvamato outlander
-1	watching song of the sea
-1	sing me a song of a lass that is gone say could that lass be i merry of soul she sailed on a day over the sea to skye
-1	song of the sea http t co fcyotyoj6w
-1	beautiful movie song of the sea official us release trailer irish animated movie http t co l2bypt7sbg
-1	rt krofdrakula song of the sea brilliant storytelling wonderful story beautifully rendered go watch it https t co yzt8btbx8f
-1	sing me a song of a lad that is gone say could that lad be i merry of soul he sailed on a day over the sea to http t co cfuv4iqrmp
-1	i saw someone tweet about song of the sea and then it disappeared who did that
-1	rt katherineche i ve always had a longing 4 the sea which i why i wrote childofthewater when i was about 13 yrs old http t co ogpg6uy
-1	i ve always had a longing 4 the sea which i why i wrote childofthewater when i was about 13 yrs old http t co ogpg6uyylb indiemusic
-1	plenty of girls in the sea makes me physically sad i know sad is a mentality but i am physically sad because of this song
-1	he split the sea so i could walk right through it miriamwamer and open_door band fav line of an epic song for all generations
-1	watching song of the sea 2014
-1	rt animartshow pre order cartoonsaloon s beautiful song of the sea art book it promises over 1000 pieces of pre production art http
-1	rt xxreby92 and as the clouds roll by we ll sing the song of the sea
-1	song of the sea http t co bdq1pe1vvy
-1	i added a video to a youtube playlist http t co xeykfqvood song of the sea trailer new release 2014
-1	rt andybutler_ soo what did you guys think of the new song http t co fcpyxpnmcg nova969 idontwanttoleave http t co g5fl1myga8
-1	song of the sea http t co ecvt4cbjcc
-1	krisholden_ried just watched song of the sea with my little girl heartwarming thank you for the recommendation
-1	_soirees oh salt and the sea yes yes i have that song the one about the train station hhhrghg it shook me up in the best kind of wat
-1	rt paleosteno since it was posted late last night in case you missed it here s my review or something of song of the sea https t co k
-1	since it was posted late last night in case you missed it here s my review or something of song of the sea https t co kouxsux1gh
-1	the secret of kells e song of the sea
-1	shehwari nah i d watch song of the sea again and cry again p max waala movie ka poster repelled me p
-1	song of the sea full soundtrack ost audio https t co odbhmxlinz via youtube
-1	hyamei song of the sea trailer reminds me of your artstyle xd
-1	song of the sea soundtrack by lisa hannigan magical celtic ambient https t co ibueb3zzde
-1	just watched song of the sea wit viking_mera and it was so beautiful i nearly cried oh god im homesick for scotland now
-1	i watched song of the sea recently highly recommended as a quiet and poignant work of true artistry http t co j1dka7owuo
-1	song of the sea a magical film my kids amp i were entranced a beautifully animated perfectly told fairytale thank you tommmoore aiff15
-1	sing me a song of a lass that is gone say could that lass be i merry of soul she sailed on a day over the sea to skye
-1	watching song of the sea https t co qlecmd0rzh
-1	fab4fanbob makes you so happy i said yes of course a nice afternoon looking at the sea just being humming my own little song
-1	photoset small painting given to tomm moore and his wife at mocca it s the seals from song of the sea http t co xdakmo3neg
-1	bth this movie sia song of the sea wa 8 1 rating all but its like boring max
-1	spiritual topic magical gaelic animation and mythology the song of the sea http t co nxixdpiujw
-1	spiritual topic magical gaelic animation and mythology the song of the sea http t co u8p7iax82n
-1	the song of the sea is a pretty perfect film clever magical and full of woodland animals plus the seals make it like the iom ideal
-1	from the shell the song of the sea neither quiet nor calm searching for love again m ghr mdr oue jregarde les dessins anim s pr enfant oue
-1	song of the sea was a hit with the young motmers yesterday bring yours for the screening today at https t co y7ld2xkaxn
-1	the song of the sea
-1	united states 63 song of the sea 2014 tomm moore http t co uc4hd21fo1 movies itunes iphone apple
-1	finally i get to watch this amazing oscar nominee songofthesea https t co gbgnzzrarx trakt
-1	there s nothing in some of these places abroad a cafe a beach and the sea
-1	rt eyeamsabrina the perfect song for a sunday morning is tenerife sea by ed sheeran woke up in love with the thought of love
-1	the perfect song for a sunday morning is tenerife sea by ed sheeran woke up in love with the thought of love
-1	rt animartshow pre order cartoonsaloon s beautiful song of the sea art book it promises over 1000 pieces of pre production art http
-1	song of the sea is so beautiful very good storytelling as well actualtears
-1	must see song of the sea official us release trailer oscar nominated animated https t co fczjzhyr3f via youtube aiff animation
-1	just watched song of the sea after seeing a popular post saying the movie was good and it does
-1	sunday s movie line up 1 35 still alice 4 05 song of the sea 6 15 kumiko the treasure hunter
-1	hubby surprised me with song of the sea sooooo good beautiful feels great story selkie is my favorite type of story
-1	spiritual topic magical gaelic animation and mythology the song of the sea http t co 2rawlwbbh6
-1	spiritual topic magical gaelic animation and mythology the song of the sea http t co kftqeifjlp
-1	why didn t song of the sea win an oscar
-1	song of the sea full soundtrack ost audio https t co qs9cplihk6 via youtube
-1	nw song of the sea
-1	three wise men of gotham went to sea in a bowl if the bowl had been stronger my song would have been longer
-1	cutting hazel in the woods while the kids eat wild garlic leaves and then afternoon watching song of the sea again with a cuppa nice
-1	i liked a youtube video http t co g3i6ij4vdi song of the sea a review or something
-1	from the shell a song of the sea neither quiet nor calm searching for love again soya_122
-1	watching song of the sea with farsha at kontrakan dago https t co dnlkanyo8h
-1	60 song of the sea https t co yjqjvqrebi
-1	filme song of the sea filmes de fantasia online https t co cohjkkeiu3 qua youtube
-1	now song of the sea https t co 7alaixqvtw
-1	freedomjpg oh my god you wathced song of the sea crap that film made me cry non stop
-1	in animation news i d like to recommend song of the sea the tale of princess kaguya and when marnie was there watchemnow
-1	rt larisa129 song of the sea iffpanama
-1	done watching song of the sea i cried so hard damn it
-1	awww i just watched song of the sea it was so amazing wahhhhhh so much tears i didnt think i d cry that much huaaa
-1	silently listened to the song of the sea the wind gave her caress http t co gfjwhezejv
-1	song of the sea is such a sweet movie
-1	animasi song of the sea https t co re8tjndzn3
-1	done watching song of the sea omg it s so beautiful my dad said it is based on a irish folk tail
-1	i still hear the song of the sea https t co stnhnctu3l namibot
-1	wanted to watch irish animated film song of the sea with my little sis but she wants to watch exo next door first _
-1	ambient foam of the sea by narananda music http t co mjzzeabb8p
-1	watching song of the sea https t co xi2avxb3ra
-1	song of the sea 2014 bd remux buebird http t co gah4dkimn1
-1	away to the west s where i m longing to be where the beauties of heaven unfold by the sea scottish song
-1	shehwari cool then u shld also check out song of the sea irish hai but i totally loved it emotional rollercoaster it was must watch
-1	song of the sea https t co 2yed9ve88k
-1	song of the sea is my bew favorite movie sorry finding nemo
-1	song of the sea https t co lii3ffqdcz
-1	i liked a youtube video http t co jp9enovjes song of the sea a review or something
-1	rt caplino song of the sea what a wonder of a film the story the music and the animation is stunningly brilliant my new favourite c
-1	song of the sea
-1	gt shows girl sea of voices and tells her i like the lyrics gt gets most way through where are the lyrics where gt song ends that s it
-1	just watched song of the sea pretty dang amazing longlive2danimation
-1	i was lucky to hear nora talk about song of the sea and share a car back to the airport http t co pwfyrkzh4d https t co qaeabwjmpk
-1	jje261 song of the sea is the movie
-1	song of the sea nw
-1	song of the sea https t co knahdiadfo
-1	when ed sang tenerife sea i cried so much bc that song reminds me of niall despite the fact it says you look so wonderful in your dress
-1	song of the sea was too deep
-1	hinson stiles song of the sea 1928 hc signed 1sted http t co f30dx6uzzs http t co avm2tbnpnv
-1	set de fotos culturedkid song of the sea release date 2014 director tomm moore http t co hkr4olwhup
-1	nw song of the sea
-1	song of the sea before acads
-1	song of the sea
-1	rt evoketoday they may not have won but david rawle amp the songofthesea gang had a fab time at oscars2015 http t co duhywi6bhr http
-1	rt larisa129 song of the sea iffpanama
-1	rt larisa129 song of the sea iffpanama
-1	rt larisa129 song of the sea iffpanama
-1	rt larisa129 song of the sea iffpanama
-1	besok un oh song of the sea https t co qywgp4wah6
-1	tontonanku song of the sea amp fifty shades of grey 3 tarunaputranto
-1	everyone should watch song of the sea then we can all cry together
-1	song of the sea iffpanama
-1	song of the sea beautifully crafted storytelling must watch
-1	song of the sea is definitely one of my favorite movie that artwork
-1	i liked a youtube video http t co y3ninay4fj song of the sea a review or something
-1	songofthesea art book is ready for pre order http t co n4tqucopmq http t co wzfouwrtva
-1	song of the sea siren mermaid d20 necklace glitter crystalshards seagreen rpg mortivoreium https t co krkbyvt55t
-1	i liked a youtube video http t co 5doayevewd song of the sea a review or something
-1	rt violet_wisp so let s think what to do to give away this song of the sea download code
-1	so let s think what to do to give away this song of the sea download code
-1	horsefamous guy likes song of the sea so you should watch it https t co 5i5jbsa6si
-1	bee__sea the autumn song lonesome middle of nowhere
-1	nw song of the sea
-1	rt paleosteno here s a new review or something with song of the sea one of my new favorite films https t co kouxsufqp9 likes and rts
-1	rt paleosteno here s a new review or something with song of the sea one of my new favorite films https t co kouxsufqp9 likes and rts
-1	rt animartshow pre order cartoonsaloon s beautiful song of the sea art book it promises over 1000 pieces of pre production art http
-1	here s a new review or something with song of the sea one of my new favorite films https t co kouxsufqp9 likes and rts appreciated
-1	same old song just a drop of water in an endless sea all we do crumbles to the ground though we refuse to see
-1	song of the sea https t co veojgvrhdh
-1	walked by my dad at the wrong part of the song shoot
-1	song of the sea hurt me i knew it was coming i m a big baby
-1	song of the sea
-1	xiaoxien song of the sea
-1	drive by song of the sea rec post http t co 1zmjhyrplz
-1	you guys i saw song of the sea today at motmfest film holy shit that artwork that story just holy shit motmkc
-1	i m watching song of the sea 2014 https t co hwbc3udyud trakt
-1	the song movie version lucy o connell song of the sea ost https t co hqkzyefj4f v a youtube
-1	topgradeboy noooo song of the sea is so cute it s not art film it s beautiful and lovable and so cuuuuute
-1	tommmoore a song of the sea hoodie where can i get one omg
-1	the older brother in song of the sea sort of reminds me of armin except with erwin eyebrows and irish
-1	topgradeboy cinderella jk watch mommy or song of the sea
-1	only half an hour into song of the sea and it is the most beautiful animation i ve ever seen wow
-1	rt animartshow pre order cartoonsaloon s beautiful song of the sea art book it promises over 1000 pieces of pre production art http
-1	song of the sea is the most beautiful movie i ever see
-1	the tale of the princess kaguya vs song of the sea fight fight fight
-1	getting ready to watch song of the sea cartoonsaloon with the fam
-1	rt sydfilmfest one of the most blissfully beautiful animated films indiewire on the song of the sea http t co qaecwui2np http t
-1	she s walking down the aisle with eyes as deep as the sea a song of the morning bird a divine vision a picture of paradise
-1	your song on the last day of the school festival the flickering summer sea
-1	sing me a song of a lass that is gone say could that lass be i merry of soul she sailed on a day over the sea http t co rqm8bephgn
-1	rt gibbubbles roso1954 cathystefani139 macro photography http t co hqu9p5uoxg http t co lxssuxgi1e simple drop of love
-1	rt cookingupcomics it was lovely to meet tommmoore director of secret of kells and song of the sea at moccafest2015 animation comics
-1	song of the sea english subtitles best animation movies new action blockbuster http t co 1egqoc4rhu
-1	it was lovely to meet tommmoore director of secret of kells and song of the sea at moccafest2015 animation comics
-1	lgwenn song of the sea s a great one too
-1	three wise men of gotham went to sea in a bowl if the bowl had been stronger my song would have been longer
-1	love the animation song of the sea https t co ctyqu0psb1
-1	alexanderwolfe u were wonderful as the mock turtle floating on a sea of tears in aliceunderldn such a beautiful song didn t want it 2 end
-1	come hang out with me and cat tomorrow at my place we re gonna watch song of the sea http t co 8unzcxkdtl
-1	in case you can t guess i enjoyed song of the sea and highly recommend it
-1	also talking about song of the sea that was one of those great films that just reminds me of why i love film so much as an art form
-1	on the subject of song of the sea it is great to a modern hand drawn animated film especially one of such great quality
-1	for anyone interested in yesterday s tweet the mlpseason5 episode footlight parade and song of the sea were all heavily enjoyed
-1	song of the sea for family movie night was a fantastic choice fb
-1	rt animartshow pre order cartoonsaloon s beautiful song of the sea art book it promises over 1000 pieces of pre production art http
-1	rt writeoncreative catching song of the sea at ashlandfilm animation film
-1	sea within a sea is the greatest song of all time gdnight kids x
-1	granted the trailer playing before song of the sea hints that theater staff at least thought that was what it was
-1	rt writeoncreative catching song of the sea at ashlandfilm animation film
-1	rt writeoncreative catching song of the sea at ashlandfilm animation film
-1	catching song of the sea at ashlandfilm animation film
-1	song of the sea what a wonder of a film the story the music and the animation is stunningly brilliant my new favourite cartoonsaloon
-1	song of the sea english subtitles best animation movies new action blockbuster http t co ud3vlulp8o
-1	song of the sea fuel for dreams thanks tommmoore and cartoonsaloon it s endlessly beautiful songofthesea selkies
-1	song of the sea english subtitles best animation movies new action blockbuster http t co fcnp7tbij3
-1	rt animartshow pre order cartoonsaloon s beautiful song of the sea art book it promises over 1000 pieces of pre production art http
-1	talents can affectively rap the hole at the bottom of the sea song
-1	rt lerecordmachine song of the sea was excellent bring your kids to see it tomorrow at 1 30 for motmfest film fest motmkc http t co
-1	song of the sea was excellent bring your kids to see it tomorrow at 1 30 for motmfest film fest motmkc http t co cvn1ffryxx
-1	photo small painting given to tomm moore at mocca this morning it s the seals from song of the sea http t co xliklgeual
-1	rt cathystefani139 macro photography http t co prnwnwamik http t co uhq8nd8te4
-1	i know what i m gonna save up for now http t co jpv9ggbkdp songofthesea
-1	speaking of animation song of the sea should of won best animated feature big hero 6 was great but song of the sea was amazing
-1	rt peterson87k queens our song michaelkilbey performing queen of the sea on bbc3cr bbcintroducing with thegarethlloyd one of my fav
-1	aishnazim and and did you watch the song of the sea
-1	how the heck does the us have dvd blu release of cartoonsaloon s song of the sea but the uk eire doesn t iwannaseethismoviedammit
-1	rt leedsyoungfilm lyff s giant jury award winners are song of the sea older jury fiddlesticks younger jury special mention chil
-1	rt firstlastshot song of the sea 2014 http t co 8hzdffzsec
-1	i liked a youtube video http t co aabnjymn0q song of the sea official us release trailer 2014 animated movie hd
-1	rt animartshow pre order cartoonsaloon s beautiful song of the sea art book it promises over 1000 pieces of pre production art http
-1	rt animartshow pre order cartoonsaloon s beautiful song of the sea art book it promises over 1000 pieces of pre production art http
-1	rt kenclewett song of the sea simply beautiful motmfest
-1	song of the sea simply beautiful motmfest
-1	rt cathystefani139 macro photography http t co prnwnwamik http t co uhq8nd8te4
-1	watching song of the sea https t co wt4qmccf9k
-1	song of the sea brilliant storytelling wonderful story beautifully rendered go watch it https t co yzt8btbx8f
-1	roso1954 cathystefani139 macro photography http t co hqu9p5uoxg http t co lxssuxgi1e simple drop of love
-1	rt belituca eimhinmcnamara hey eimhin do you know if there s already the song of the sea dvd
-1	song of the sea is such an emotional film
-1	belituca yep http t co nksekadzpo though in french amp english and you can get the art of book on pre order too http t co 1ncnhn5hfa
-1	rt peterson87k queens our song michaelkilbey performing queen of the sea on bbc3cr bbcintroducing with thegarethlloyd one of my fav
-1	can it be july already i really want to see song of the sea
-1	rt peterson87k queens our song michaelkilbey performing queen of the sea on bbc3cr bbcintroducing with thegarethlloyd one of my fav
-1	rt cathystefani139 macro photography http t co prnwnwamik http t co uhq8nd8te4
-1	rt peterson87k queens our song michaelkilbey performing queen of the sea on bbc3cr bbcintroducing with thegarethlloyd one of my fav
-1	queens our song michaelkilbey performing queen of the sea on bbc3cr bbcintroducing with thegarethlloyd one of my favourite songs
-1	watching song of the sea atm
