-1	rt allcapsmovie the grand budapest hotel dir wes anderson http t co ll3i8vlhn1
-1	the grand budapest hotel 2014 full movie play now http t co msfc9vgvyx more movie http t co lzobskkm4l click the link
-1	rt anttimerikukka graphic design for filmmaking master class by annie atkins the grand budapest hotel http t co veq6mxavl0 http
-1	rt gointothestory script analysis the grand budapest hotel part 5 takeaways http t co kt9i4be2f9 screenwriting scriptchat
-1	rt allcapsmovie the grand budapest hotel dir wes anderson http t co ll3i8vlhn1
-1	the grand budapest hotel was great
-1	rt rilukkumas oh my god luhan s favourite movie recently is the grand budapest hotel he really has the best taste http t co juetiv1acd
-1	viccordeiro_ interstellar birdman whiplash the imitation game nightcrawler boyhood the grand budapest hotel the theory of everything
-1	we meet annie atkins graphic designer of the grand budapest hotel s empire of zubrowka https t co xu0z7cqwk7
-1	finally watched the grand budapest hotel amp it s pretty cute but there are 2 women w speaking roles in the entire film and they both die
-1	the grand budapest hotel
-1	is she in the afterlife version of the grand budapest hotel lostgirl
-1	the grand budapest hotel is such a weird but good movie
-1	the grand budapest hotel and fantastic mr fox are the best movies in the whole wide world
-1	watching the grand budapest hotel
-1	rt rilukkumas oh my god luhan s favourite movie recently is the grand budapest hotel he really has the best taste http t co juetiv1acd
-1	rt rilukkumas oh my god luhan s favourite movie recently is the grand budapest hotel he really has the best taste http t co juetiv1acd
-1	starting the grand budapest hotel for the first time i m excited
-1	entertainment how the grand budapest hotel turns the tragedy of the holocaust into thoughtful comedy http t co vwktbydmss
-1	the grand budapest hotel
-1	the grand budapest hotel was such a good fucking movie
-1	the grand hotel budapest hd720 sub http t co ujavpji4fd
-1	the grand budapest hotel is a wonderfully quirky movie and i love it
-1	rt bestmovieline the grand budapest hotel http t co uxff0wlrt6
-1	um filme the grand budapest hotel http t co 8cwwibrcwt
-1	script analysis the grand budapest hotel part 1 scene by scene breakdown http t co sztju5tzak
-1	tuckontherise i really enjoyed the grand budapest hotel
-1	i just finished watching the grand budapest hotel
-1	rt rilukkumas oh my god luhan s favourite movie recently is the grand budapest hotel he really has the best taste http t co juetiv1acd
-1	finally watching the grand budapest hotel and i am amazed at how much i love wes anderson s movies clever
-1	had2bkristen boyhood was released early and the grand budapest hotel
-1	the grand budapest hotel que filme
-1	i don t want to sound negative about digital dp robert yeoman on nab show the grand budapest hotel http t co hs9kbabqxo
-1	darkodalmata da grand budapest hotel la teoria del tutto imitation game the search latin lover still alice osage county foxcatcher
-1	the grand budapest hotel may well be one of my favourite films of all time stellar cast and sublime writing nathan however fell asleep
-1	rt newcenterpk day by day the schedule appears first the movies grand budapest hotel june 10 http t co 8rhszfqeuv
-1	rt i_d enjoy a mendl s treat as we meet annieatkins graphic designer of the grand budapest hotel http t co g9r2gperrv http t co po
-1	day by day the schedule appears first the movies grand budapest hotel june 10 http t co 8rhszfqeuv
-1	rt lyndssee the grand budapest hotel has to be one of my favourite movies
-1	bigmoelbc i recorded the grand budapest hotel and was geeked to see it but somehow the omen got recorded instead lol i m pissed
-1	check this out script analysis the grand budapest hotel part 4 psychological journey http t co fixnnjg1vn via sharethis
-1	rt i_d enjoy a mendl s treat as we meet annieatkins graphic designer of the grand budapest hotel http t co g9r2gperrv http t co jt
-1	model cities godzilla 1954 journey to the far side of the sun synecdoche new york grand budapest hotel http t co uoswtwep3s
-1	rt gointothestory script analysis the grand budapest hotel part 5 takeaways http t co kt9i4be2f9 screenwriting scriptchat
-1	the grand budapest hotel wasn t as good as i thought it was but the cinematography is 10 10
-1	wplcenter awesome movie the grand budapest hotel 2014 at http t co 2y3l5jb5hh movie film streaming http t co wfa0jrovgj
-1	taiiblonde soph watch the grand budapest hotel then or the imitation game please
-1	11 to heaven goodbye to language 3d the grand budapest hotel leviathan timbuktu song of the sea the http t co q6ipnxtbu3
-1	rt gointothestory script analysis the grand budapest hotel part 5 takeaways http t co kt9i4be2f9 screenwriting scriptchat
-1	script analysis the grand budapest hotel part 5 takeaways http t co kt9i4be2f9 screenwriting scriptchat
-1	rt rilukkumas oh my god luhan s favourite movie recently is the grand budapest hotel he really has the best taste http t co juetiv1acd
-1	edenthecat big hero 6 and grand budapest hotel are great if you want to cry wolf children the imitation game interstellar
-1	finally finally getting round to watching the grand budapest hotel so very excited
-1	rt i_d enjoy a mendl s treat as we meet annieatkins graphic designer of the grand budapest hotel http t co g9r2gperrv http t co jt
-1	viendo the grand budapest hotel
-1	rt i_d enjoy a mendl s treat as we meet annieatkins graphic designer of the grand budapest hotel http t co g9r2gperrv http t co jt
-1	rt i_d enjoy a mendl s treat as we meet annieatkins graphic designer of the grand budapest hotel http t co g9r2gperrv http t co jt
-1	rt sakurarain2323 wes anderson s the grand budapest hotel poster http t co cep6dbhyyn
-1	watching the grand budapest hotel again cos why wouldn t you
-1	ugh i just wanna sit and watch the grand budapest hotel but noooooooooooo
-1	carminattimax the grand budapest hotel
-1	goldendiscs do you sell the grand budapest hotel in dunl branch
-1	rt theblcklst script analysis the grand budapest hotel part 5 takeaways http t co ztdggvfcof via gointothestory
-1	i had no idea jude law and jeff goldblum were in the grand budapest hotel im screaming
-1	rt lyndssee the grand budapest hotel has to be one of my favourite movies
-1	script analysis the grand budapest hotel part 5 takeaways http t co jcm3lqnq3f via sharethis
-1	the grand budapest hotel has to be one of my favourite movies
-1	script analysis the grand budapest hotel part 5 takeaways http t co ztdggvfcof via gointothestory
-1	pinkfied it s that boy from the grand budapest hotel
-1	im about to watch the grand budapest hotel for the first time
-1	rt rilukkumas oh my god luhan s favourite movie recently is the grand budapest hotel he really has the best taste http t co juetiv1acd
-1	ah the cast extremely talented would not suffice watching the grand budapest hotel
-1	rt i_d enjoy a mendl s treat as we meet annieatkins graphic designer of the grand budapest hotel http t co g9r2gperrv http t co jt
-1	watched the grand budapest hotel at last really loved it
-1	mariacable2 among the guests were oscar winning graphic designer annie atkins who did grand budapest hotel brilliant event dice2015
-1	acabo de poner un like en shades of the grand budapest hotel en vimeo https t co usptlp62uo
-1	rt allcapsmovie the grand budapest hotel dir wes anderson http t co ll3i8vlhn1
-1	dope movie looks so so so great also it has zero from the grand budapest hotel in it as a nerdy gangster hell yeah mate
-1	rt rilukkumas oh my god luhan s favourite movie recently is the grand budapest hotel he really has the best taste http t co juetiv1acd
-1	rt rilukkumas oh my god luhan s favourite movie recently is the grand budapest hotel he really has the best taste http t co juetiv1acd
-1	rt i_d enjoy a mendl s treat as we meet annieatkins graphic designer of the grand budapest hotel http t co g9r2gperrv http t co jt
-1	rt i_d enjoy a mendl s treat as we meet annieatkins graphic designer of the grand budapest hotel http t co g9r2gperrv http t co jt
-1	rt i_d enjoy a mendl s treat as we meet annieatkins graphic designer of the grand budapest hotel http t co g9r2gperrv http t co jt
-1	rt xhuntandgather win 2 tickets to the grand budapest hotel screening amp afterparty in the sugar club follow us on twitter and rt to win ht
-1	rt grahaminman go into the story script analysis the grand budapest hotel part 5 takeaways reading scrip http t co unneoo1h
-1	name a few movies you can watch over and over hannibal the grand budapest hotel and ghost dog http t co hvkqsqevsf
-1	gonna watch the grand budapest hotel
-1	floridalilos not sure yet i might watch the grand budapest hotel
-1	rt i_d enjoy a mendl s treat as we meet annieatkins graphic designer of the grand budapest hotel http t co g9r2gperrv http t co jt
-1	rt i_d enjoy a mendl s treat as we meet annieatkins graphic designer of the grand budapest hotel http t co g9r2gperrv http t co jt
-1	i don t want to sound negative about digital dp robert yeoman on nab show the grand budapest hotel shooting http t co uqjfrxgsm8
-1	rt i_d enjoy a mendl s treat as we meet annieatkins graphic designer of the grand budapest hotel http t co g9r2gperrv http t co jt
-1	rt i_d enjoy a mendl s treat as we meet annieatkins graphic designer of the grand budapest hotel http t co g9r2gperrv http t co jt
-1	rt i_d enjoy a mendl s treat as we meet annieatkins graphic designer of the grand budapest hotel http t co g9r2gperrv http t co jt
-1	rt grahaminman go into the story script analysis the grand budapest hotel part 5 takeaways reading scrip http t co unneoo1h
-1	rt i_d enjoy a mendl s treat as we meet annieatkins graphic designer of the grand budapest hotel http t co g9r2gperrv http t co jt
-1	rt i_d enjoy a mendl s treat as we meet annieatkins graphic designer of the grand budapest hotel http t co g9r2gperrv http t co jt
-1	rt i_d enjoy a mendl s treat as we meet annieatkins graphic designer of the grand budapest hotel http t co g9r2gperrv http t co jt
-1	rt i_d enjoy a mendl s treat as we meet annieatkins graphic designer of the grand budapest hotel http t co g9r2gperrv http t co jt
-1	rt i_d enjoy a mendl s treat as we meet annieatkins graphic designer of the grand budapest hotel http t co g9r2gperrv http t co jt
-1	script analysis the grand budapest hotel part 5 takeaways reading scripts absolutely critical to learn http t co fyoz843hhz
-1	rt i_d enjoy a mendl s treat as we meet annieatkins graphic designer of the grand budapest hotel http t co g9r2gperrv http t co jt
-1	damn it ws awesome watching the grand budapest hotel
-1	aww la zorra we meet annie atkins graphic designer of the grand budapest hotel s empire of zubrowka https t co vv7ohsfcqg v a i_d
-1	rt i_d enjoy a mendl s treat as we meet annieatkins graphic designer of the grand budapest hotel http t co g9r2gperrv http t co jt
-1	rt i_d enjoy a mendl s treat as we meet annieatkins graphic designer of the grand budapest hotel http t co g9r2gperrv http t co jt
-1	rt i_d enjoy a mendl s treat as we meet annieatkins graphic designer of the grand budapest hotel http t co g9r2gperrv http t co jt
-1	rt i_d enjoy a mendl s treat as we meet annieatkins graphic designer of the grand budapest hotel http t co g9r2gperrv http t co jt
-1	enjoy a mendl s treat as we meet annieatkins graphic designer of the grand budapest hotel http t co g9r2gperrv http t co jtajd3rdka
-1	rt rilukkumas oh my god luhan s favourite movie recently is the grand budapest hotel he really has the best taste http t co juetiv1acd
-1	nw the grand budapest hotel
-1	the grand caravan budapest hotel vehicleamovie
-1	by gointothestory script analysis the grand budapest hotel part 5 takeaways rea http t co vfo6x1zdja film script story
-1	go into the story script analysis the grand budapest hotel part 5 takeaways reading scrip http t co unneoo1hqq scriptchat
-1	the grand budapest hotel that fucking faggot https t co yxvuqfgfai via youtube
-1	nw the grand budapest hotel
-1	coulsonsangels the grand budapest hotel the pixar story or maybe if you havent watched it yet black mirror really good short series
-1	rt rdlln gointothestory s script analysis the grand budapest hotel part 5 takeaways reading scri http t co 40llueczzt sc
-1	rt rilukkumas oh my god luhan s favourite movie recently is the grand budapest hotel he really has the best taste http t co juetiv1acd
-1	gointothestory s script analysis the grand budapest hotel part 5 takeaways reading scri http t co 40llueczzt scriptchat
-1	luhan likes the grand budapest hotel tho i wanna marry him
-1	rt mattsinger the second most grand budapest hotel
-1	rt mattsinger the second most grand budapest hotel
-1	rt rilukkumas oh my god luhan s favourite movie recently is the grand budapest hotel he really has the best taste http t co juetiv1acd
-1	when luhan said that his favorite movie was the grand budapest hotel i literally choked on my food hahaha i love that film
-1	i loved ralph fiennes before this but him as m gustave was hilarious and had me laughing throughout the grand budapest hotel
-1	watching the grand budapest hotel https t co ga68k2ic0d
-1	watching the grand budapest hotel https t co kagynkek1i
-1	rt rilukkumas oh my god luhan s favourite movie recently is the grand budapest hotel he really has the best taste http t co juetiv1acd
-1	rt hayvaninsan the grand budapest hotel pixelart by hayvaninsan http t co ekvgderxrt
-1	keep your hands off my lobby boy m gustave the grand budapest hotel
-1	rt rilukkumas oh my god luhan s favourite movie recently is the grand budapest hotel he really has the best taste http t co juetiv1acd
-1	rt hayvaninsan the grand budapest hotel pixelart by hayvaninsan http t co ekvgderxrt
-1	rt rilukkumas oh my god luhan s favourite movie recently is the grand budapest hotel he really has the best taste http t co juetiv1acd
-1	rt rilukkumas oh my god luhan s favourite movie recently is the grand budapest hotel he really has the best taste http t co juetiv1acd
-1	rt rilukkumas oh my god luhan s favourite movie recently is the grand budapest hotel he really has the best taste http t co juetiv1acd
-1	rt rilukkumas oh my god luhan s favourite movie recently is the grand budapest hotel he really has the best taste http t co juetiv1acd
-1	rt rilukkumas oh my god luhan s favourite movie recently is the grand budapest hotel he really has the best taste http t co juetiv1acd
-1	rt rilukkumas i even have a poster of the grand budapest hotel next to luhan on my bedroom wall its a sign http t co 84vstl7c7o
-1	foto melissapaff rewatching the grand budapest hotel dmitri http t co h8y59qw5wi
-1	rt rilukkumas oh my god luhan s favourite movie recently is the grand budapest hotel he really has the best taste http t co juetiv1acd
-1	rt rilukkumas i even have a poster of the grand budapest hotel next to luhan on my bedroom wall its a sign http t co 84vstl7c7o
-1	rt rilukkumas oh my god luhan s favourite movie recently is the grand budapest hotel he really has the best taste http t co juetiv1acd
-1	rt rilukkumas oh my god luhan s favourite movie recently is the grand budapest hotel he really has the best taste http t co juetiv1acd
-1	clicking on cinematic chill out and getting the grand budapest hotel soundtrack yays
-1	imagine watching the grand budapest hotel with luhan im sobbign
-1	really fun and interesting interview with the designer annieatkins for the work she did on the grand budapest hotel http t co ezgbps8gcu
-1	rt rilukkumas i even have a poster of the grand budapest hotel next to luhan on my bedroom wall its a sign http t co 84vstl7c7o
-1	rt rilukkumas oh my god luhan s favourite movie recently is the grand budapest hotel he really has the best taste http t co juetiv1acd
-1	the grand budapest hotel showed me how short and valuable life is i will charish that forever
-1	rt rilukkumas i even have a poster of the grand budapest hotel next to luhan on my bedroom wall its a sign http t co 84vstl7c7o
-1	i even have a poster of the grand budapest hotel next to luhan on my bedroom wall its a sign http t co 84vstl7c7o
-1	rt rilukkumas oh my god luhan s favourite movie recently is the grand budapest hotel he really has the best taste http t co juetiv1acd
-1	rt rilukkumas oh my god luhan s favourite movie recently is the grand budapest hotel he really has the best taste http t co juetiv1acd
-1	rt rilukkumas oh my god luhan s favourite movie recently is the grand budapest hotel he really has the best taste http t co juetiv1acd
-1	rt rilukkumas oh my god luhan s favourite movie recently is the grand budapest hotel he really has the best taste http t co juetiv1acd
-1	rt rilukkumas oh my god luhan s favourite movie recently is the grand budapest hotel he really has the best taste http t co juetiv1acd
-1	rt rilukkumas oh my god luhan s favourite movie recently is the grand budapest hotel he really has the best taste http t co juetiv1acd
-1	rt rilukkumas oh my god luhan s favourite movie recently is the grand budapest hotel he really has the best taste http t co juetiv1acd
-1	script analysis the grand budapest hotel part 3 sequences http t co cr3rbrnld8
-1	script analysis the grand budapest hotel part 3 sequences http t co aka0lbvx15
-1	rt mattsinger the second most grand budapest hotel
-1	rt rilukkumas oh my god luhan s favourite movie recently is the grand budapest hotel he really has the best taste http t co juetiv1acd
-1	rt mattsinger the second most grand budapest hotel
-1	watching the grand budapest hotel https t co niytunzdub
-1	rt rilukkumas oh my god luhan s favourite movie recently is the grand budapest hotel he really has the best taste http t co juetiv1acd
-1	rt rilukkumas oh my god luhan s favourite movie recently is the grand budapest hotel he really has the best taste http t co juetiv1acd
-1	rt rilukkumas oh my god luhan s favourite movie recently is the grand budapest hotel he really has the best taste http t co juetiv1acd
-1	meet annie atkins graphic designer of the grand budapest hotel s empire of zubrowka via i_d
-1	rt rilukkumas oh my god luhan s favourite movie recently is the grand budapest hotel he really has the best taste http t co juetiv1acd
-1	oh my god luhan s favourite movie recently is the grand budapest hotel he really has the best taste http t co juetiv1acd
-1	illcapitano94 4 you 5 the grand budapest hotel 6 spice by spice girls 7 code name verity by elizabeth wein 8 han 9 lego star wars
-1	the grand budapest hotel
-1	rt mattsinger the second most grand budapest hotel
-1	the second most grand budapest hotel
-1	nw the grand budapest hotel
-1	rt i_d enjoy a mendl s treat as we meet annieatkins graphic designer of the grand budapest hotel http t co g9r2gperrv http t co po
-1	still crying bc the grand budapest hotel and bc so hot
-1	the grand budapest hotel https t co 4o2ajphpne
-1	tyler likes the grand budapest hotel yaass
-1	chocolat e the grand budapest hotel dir wes anderson http t co vngyapthah http t co rhgh0yaghq
-1	icons explained 6 society of the crossed keys the grand budapest hotel 6 13 theautry http t co ddofajigln http t co ppdfyyzs89
-1	rt irmadesmond saoirse ronan the grand budapest hotel 2014 wes anderson http t co aq4scoshce
-1	rt bestmovieline the grand budapest hotel http t co uxff0wlrt6
-1	rt bestmovieline the grand budapest hotel http t co uxff0wlrt6
-1	we hope every1 who s attending the grand budapest hotel long itchington community centre tonight enjoys the film http t co uf1h1mv58t
-1	watching the grand budapest hotel https t co jc02lenpjd
-1	outstandingly unique the grand budapest hotel https t co ydjrc3ct6o
-1	markoshea75 agreed recently realized most of the films i like are one offs gran torino chef grand budapest hotel django or even red
-1	kece the grand budapest hotel with nadya and rusdi https t co l8tld2u7go
-1	me when watching the grand budapest hotel it s voldemort
-1	we meet annie atkins graphic designer of the grand budapest hotel s empire of zubrowka https t co tu4u1f5iam via i_d
-1	rt xhuntandgather sugarclubdublin has very pretty very new backyard well get to play in at the grand budapest hotel after party on the 1
-1	what was the last movie that made you think the grand budapest hotel http t co yha1dxu7j0
-1	so im sitting watching the grand budapest hotel and i was taking off my shoes after an errand lol i got http t co xxowy7or8j
-1	ashleymardell boyhood is my new one or the grand budapest hotel before all those it was the breakfast club
-1	rt amazingphil me amp bryony in the 1920 s had the best time at secret cinema tonight watching the grand budapest hotel d http t co oyj
-1	sugarclubdublin has very pretty very new backyard well get to play in at the grand budapest hotel after party on the 1st may
-1	behind the scenes nerd video about the grand budapest hotel http t co oevijzfxlh moviemumbojumbo thegrandbudapesthotel
-1	we meet annie atkins graphic designer of the grand budapest hotel s empire of zubrowka https t co kmtkproqwh via i_d
-1	the grand waldhaus hotel the real grand budapest hotel http t co 3kyugchzz3
-1	rt retrofuturs we meet annie atkins graphic designer of the grand budapest hotel s empire of zubrowka https t co fsakhqtth8 via i_d
-1	we meet annie atkins graphic designer of the grand budapest hotel s empire of zubrowka https t co fsakhqtth8 via i_d
-1	rt i_d meet annieatkins graphic designer of wes anderson s the grand budapest hotel http t co g9r2gperrv http t co 3osjzkbqrs
-1	rt i_d meet annieatkins graphic designer of wes anderson s the grand budapest hotel http t co g9r2gperrv http t co 3osjzkbqrs
-1	rt i_d meet annieatkins graphic designer of wes anderson s the grand budapest hotel http t co g9r2gperrv http t co 3osjzkbqrs
-1	watch fascinating behind the scenes video of the grand budapest hotel http t co itpyangevu
-1	we meet annie atkins graphic designer of the grand budapest hotel s empire of zubrowka https t co k2rt4hculj
-1	we meet annie atkins graphic designer of the grand budapest hotel s empire of zubrowka https t co xavl2iw3s5 via i_d
-1	rt i_d meet annieatkins graphic designer of wes anderson s the grand budapest hotel http t co g9r2gperrv http t co 3osjzkbqrs
-1	rt irmadesmond saoirse ronan the grand budapest hotel 2014 wes anderson http t co aq4scoshce
-1	rt i_d meet annieatkins graphic designer of wes anderson s the grand budapest hotel http t co g9r2gperrv http t co 3osjzkbqrs
-1	tell me again why the grand budapest hotel s soundtrack got the oscar instead of interstellar
-1	dad watch the grand budapest hotel is the hunger games any good dad divergent looks fun dad
-1	i was watching the grand budapest hotel and i love it so much tbh
-1	rt i_d meet annieatkins graphic designer of wes anderson s the grand budapest hotel http t co g9r2gperrv http t co 3osjzkbqrs
-1	so far 1 boyhood 2 birdman 3 mommy 4 grand budapest hotel 5 nightcrawler 6 foxcatcher 7 under the skin 8 whiplash 9 ida 10 interstellar
-1	saoirse ronan the grand budapest hotel 2014 wes anderson http t co aq4scoshce
-1	mrtiedt roymorganonline last pic i saw in cinema was the grand budapest hotel last year sometime
-1	grand budapest hotel inspirations notte degli oscar e statuette a parte the grand budapest hotel di wes anderso http t co tkoczquge5
-1	photoset the grand budapest hotel day amp night http t co 5xhtft2seu
-1	rt i_d meet annieatkins graphic designer of wes anderson s the grand budapest hotel http t co g9r2gperrv http t co 3osjzkbqrs
-1	lobby boy the grand budapest hotel https t co fsudxpyjpz
-1	http t co remsnrn8qj the grand budapest hotel 2014 comedy movie hd http t co wg4vebpxdm budapest comedy hotel movie trailer
-1	rt bestmovieline the grand budapest hotel http t co uxff0wlrt6
-1	rt i_d meet annieatkins graphic designer of wes anderson s the grand budapest hotel http t co g9r2gperrv http t co 3osjzkbqrs
-1	rt i_d meet annieatkins graphic designer of wes anderson s the grand budapest hotel http t co g9r2gperrv http t co 3osjzkbqrs
-1	annie atkins graphic designer of the grand budapest hotel s empire of zubrowka https t co 1wm72wdgpq v a i_d
-1	rt i_d meet annieatkins graphic designer of wes anderson s the grand budapest hotel http t co g9r2gperrv http t co 3osjzkbqrs
-1	rt i_d meet annieatkins graphic designer of wes anderson s the grand budapest hotel http t co g9r2gperrv http t co 3osjzkbqrs
-1	rt i_d meet annieatkins graphic designer of wes anderson s the grand budapest hotel http t co g9r2gperrv http t co 3osjzkbqrs
-1	rt i_d meet annieatkins graphic designer of wes anderson s the grand budapest hotel http t co g9r2gperrv http t co 3osjzkbqrs
-1	rt i_d meet annieatkins graphic designer of wes anderson s the grand budapest hotel http t co g9r2gperrv http t co 3osjzkbqrs
-1	the grand budapest hotel
-1	rt i_d meet annieatkins graphic designer of wes anderson s the grand budapest hotel http t co g9r2gperrv http t co 3osjzkbqrs
-1	rt i_d meet annieatkins graphic designer of wes anderson s the grand budapest hotel http t co g9r2gperrv http t co 3osjzkbqrs
-1	watched the grand budapest hotel and omg the aesthetic
-1	rt gointothestory script analysis the grand budapest hotel part 4 psychological journey http t co lhteo3xaos screenwriting movi
-1	rt cwell3filmfest 2 days before marathon_mcr we will be showing the grand budapest hotel details next week in the meantime http
-1	rt i_d meet annieatkins graphic designer of wes anderson s the grand budapest hotel http t co g9r2gperrv http t co 3osjzkbqrs
-1	rt i_d meet annieatkins graphic designer of wes anderson s the grand budapest hotel http t co g9r2gperrv http t co 3osjzkbqrs
-1	rt i_d meet annieatkins graphic designer of wes anderson s the grand budapest hotel http t co g9r2gperrv http t co 3osjzkbqrs
-1	rt i_d meet annieatkins graphic designer of wes anderson s the grand budapest hotel http t co g9r2gperrv http t co 3osjzkbqrs
-1	rt i_d meet annieatkins graphic designer of wes anderson s the grand budapest hotel http t co g9r2gperrv http t co 3osjzkbqrs
-1	rt i_d enjoy a mendl s treat as we meet annieatkins graphic designer of the grand budapest hotel http t co g9r2gperrv http t co po
-1	rt i_d meet annieatkins graphic designer of wes anderson s the grand budapest hotel http t co g9r2gperrv http t co 3osjzkbqrs
-1	rt i_d meet annieatkins graphic designer of wes anderson s the grand budapest hotel http t co g9r2gperrv http t co 3osjzkbqrs
-1	meet annieatkins graphic designer of wes anderson s the grand budapest hotel http t co g9r2gperrv http t co 3osjzkbqrs
-1	rt i_d enjoy a mendl s treat as we meet annieatkins graphic designer of the grand budapest hotel http t co g9r2gperrv http t co po
-1	we meet annie atkins graphic designer of the grand budapest hotel s empire of zubrowka https t co hure3fhrow via i_d
-1	watching the grand budapest hotel https t co w5nga3edty
-1	watching the grand budapest hotel https t co elqghehhw5
-1	we meet annie atkins graphic designer of the grand budapest hotel s empire of zubrowka https t co 8xvgxqf0dh via i_d
-1	rt hayvaninsan the grand budapest hotel pixelart by hayvaninsan http t co ekvgderxrt
-1	rt hayvaninsan the grand budapest hotel pixelart by hayvaninsan http t co ekvgderxrt
-1	annie atkins graphic designer of the grand budapest hotel s empire of zubrowka lt 3 https t co 3cqjcnvvmn via i_d
-1	i d highly recommend the movie the grand budapest hotel ralph fiennes is a real talent i mean to have grown back his nose
-1	reading the grand budapest hotel at the moment wesandersen thegrandbudapesthotel ebook boredom https t co 9e0f00cz3g
-1	rt hullocreative the grand budapest hotel graphic designer on designing for wes anderson fascinating post on itsnicethat http t co
-1	2 days before marathon_mcr we will be showing the grand budapest hotel details next week in the meantime http t co vcog7irwql
-1	rt bestmovieline the grand budapest hotel http t co uxff0wlrt6
-1	nw the grand budapest hotel
-1	rudeness is merely the expression of fear m gustave the grand budapest hotel
-1	we meet annie atkins designer of the grand budapest hotel s empire of zubrowka read i d http t co picfouxmam
-1	the grand budapest hotel guest box complete work http t co qaacpqkuj8 grand budap http t co c4ocmo6cgr http t co hfe6wrppmq
-1	annie atkins was the lead graphic designer on the grand budapest hotel which won an oscar for best production design http t co ajluxwkxys
-1	need the best hotel while staying in budapest corinthia grand hotel royal budapest is your choice
-1	rt btiflcinema the grand budapest hotel 2014 dir wes anderson http t co a5ktyf5mns
-1	rt i_d enjoy a mendl s treat as we meet annieatkins graphic designer of the grand budapest hotel http t co g9r2gperrv http t co po
-1	watching the grand budapest hotel
-1	rt exothermic_kv shifuphemmy_md nerdefiko quick 1 what would you rate the grand budapest hotel
-1	runweasley srnchls revireo lanouvellex the grand budapest hotel i told you
-1	rt i_d enjoy a mendl s treat as we meet annieatkins graphic designer of the grand budapest hotel http t co g9r2gperrv http t co po
-1	rt btiflcinema the grand budapest hotel 2014 dir wes anderson http t co a5ktyf5mns
-1	rt btiflcinema the grand budapest hotel 2014 dir wes anderson http t co a5ktyf5mns
-1	watch fascinating behind the scenes video of the grand budapest hotel http t co vxpjbruk28
-1	rt btiflcinema the grand budapest hotel 2014 dir wes anderson http t co a5ktyf5mns
-1	rt btiflcinema the grand budapest hotel 2014 dir wes anderson http t co a5ktyf5mns
-1	rt i_d enjoy a mendl s treat as we meet annieatkins graphic designer of the grand budapest hotel http t co g9r2gperrv http t co po
-1	rt i_d enjoy a mendl s treat as we meet annieatkins graphic designer of the grand budapest hotel http t co g9r2gperrv http t co po
-1	wes anderson s the grand budapest hotel with bill murray edward norton and ralph fiennes http t co d4ar84ba6j
-1	rt gointothestory script analysis the grand budapest hotel part 4 psychological journey http t co lhteo3xaos screenwriting movi
-1	rt btiflcinema the grand budapest hotel 2014 dir wes anderson http t co a5ktyf5mns
-1	nw the grand budapest hotel
-1	we meet annie atkins graphic designer of the grand budapest hotel s empire of zubrowka https t co ftsoyj6lwc via i_d
-1	no safe house from the grand budapest hotel soundtrack is too short it ends before i feel emotionally fulfilled i can t get enough ot it
-1	rt i_d enjoy a mendl s treat as we meet annieatkins graphic designer of the grand budapest hotel http t co g9r2gperrv http t co po
-1	photoset pirumparum pictures from g rlitz germany where the grand budapest hotel was filmed this is so http t co itpzj5cf0m
-1	sub_strata holy grail best in show waiting for guffman rushmore the big lebiwski zoolander grand budapest hotel bedazzled 1967
-1	rt gointothestory script analysis the grand budapest hotel part 4 psychological journey http t co lhteo3xaos screenwriting movi
-1	rt gointothestory script analysis the grand budapest hotel part 4 psychological journey http t co lhteo3xaos screenwriting movi
-1	rt i_d enjoy a mendl s treat as we meet annieatkins graphic designer of the grand budapest hotel http t co g9r2gperrv http t co po
-1	script analysis the grand budapest hotel part 4 psychological journey http t co lhteo3xaos screenwriting movies
-1	rt i_d enjoy a mendl s treat as we meet annieatkins graphic designer of the grand budapest hotel http t co g9r2gperrv http t co po
-1	nw the grand budapest hotel
-1	honestly the grand budapest hotel is such a good movie
-1	rt i_d enjoy a mendl s treat as we meet annieatkins graphic designer of the grand budapest hotel http t co g9r2gperrv http t co po
-1	rt i_d enjoy a mendl s treat as we meet annieatkins graphic designer of the grand budapest hotel http t co g9r2gperrv http t co po
-1	annie atkins graphic designer of the grand budapest hotel s empire of zubrowka https t co 4lju5wlt6p via i_d
-1	rt i_d enjoy a mendl s treat as we meet annieatkins graphic designer of the grand budapest hotel http t co g9r2gperrv http t co po
-1	rt i_d enjoy a mendl s treat as we meet annieatkins graphic designer of the grand budapest hotel http t co g9r2gperrv http t co po
-1	rt i_d enjoy a mendl s treat as we meet annieatkins graphic designer of the grand budapest hotel http t co g9r2gperrv http t co po
-1	raybrown_me bernz said something about the movie grand budapest hotel was that addressed
-1	rt chelseadudley_ the production design in the grand budapest hotel is heavenly x
-1	does anyone have a link to the grand budapest hotel
-1	so many great actors in the grand budapest hotel
-1	rt i_d enjoy a mendl s treat as we meet annieatkins graphic designer of the grand budapest hotel http t co g9r2gperrv http t co po
-1	rt onthisdayinfilm 12 april 1994 saoirse ronan 21 was born famous for atonement 07 hanna 11 amp the grand budapest hotel 14 htt
-1	rt i_d enjoy a mendl s treat as we meet annieatkins graphic designer of the grand budapest hotel http t co g9r2gperrv http t co po
-1	watching the grand budapest hotel and i love all the little details they put in wes anderson is a genius
-1	rt i_d enjoy a mendl s treat as we meet annieatkins graphic designer of the grand budapest hotel http t co g9r2gperrv http t co po
-1	rt i_d enjoy a mendl s treat as we meet annieatkins graphic designer of the grand budapest hotel http t co g9r2gperrv http t co po
-1	rt i_d enjoy a mendl s treat as we meet annieatkins graphic designer of the grand budapest hotel http t co g9r2gperrv http t co po
-1	rt i_d enjoy a mendl s treat as we meet annieatkins graphic designer of the grand budapest hotel http t co g9r2gperrv http t co po
-1	shifuphemmy_md nerdefiko quick 1 what would you rate the grand budapest hotel
-1	rt i_d enjoy a mendl s treat as we meet annieatkins graphic designer of the grand budapest hotel http t co g9r2gperrv http t co po
-1	rt i_d enjoy a mendl s treat as we meet annieatkins graphic designer of the grand budapest hotel http t co g9r2gperrv http t co po
-1	rt i_d enjoy a mendl s treat as we meet annieatkins graphic designer of the grand budapest hotel http t co g9r2gperrv http t co po
-1	rt i_d enjoy a mendl s treat as we meet annieatkins graphic designer of the grand budapest hotel http t co g9r2gperrv http t co po
-1	rt i_d enjoy a mendl s treat as we meet annieatkins graphic designer of the grand budapest hotel http t co g9r2gperrv http t co po
-1	rt amazingphil me amp bryony in the 1920 s had the best time at secret cinema tonight watching the grand budapest hotel d http t co oyj
-1	rt i_d enjoy a mendl s treat as we meet annieatkins graphic designer of the grand budapest hotel http t co g9r2gperrv http t co po
-1	rt i_d enjoy a mendl s treat as we meet annieatkins graphic designer of the grand budapest hotel http t co g9r2gperrv http t co po
-1	rt i_d enjoy a mendl s treat as we meet annieatkins graphic designer of the grand budapest hotel http t co g9r2gperrv http t co po
-1	rt i_d enjoy a mendl s treat as we meet annieatkins graphic designer of the grand budapest hotel http t co g9r2gperrv http t co po
-1	rt i_d enjoy a mendl s treat as we meet annieatkins graphic designer of the grand budapest hotel http t co g9r2gperrv http t co po
-1	rt i_d enjoy a mendl s treat as we meet annieatkins graphic designer of the grand budapest hotel http t co g9r2gperrv http t co po
-1	rt i_d enjoy a mendl s treat as we meet annieatkins graphic designer of the grand budapest hotel http t co g9r2gperrv http t co po
-1	rt i_d enjoy a mendl s treat as we meet annieatkins graphic designer of the grand budapest hotel http t co g9r2gperrv http t co po
-1	rt i_d enjoy a mendl s treat as we meet annieatkins graphic designer of the grand budapest hotel http t co g9r2gperrv http t co po
-1	rt i_d enjoy a mendl s treat as we meet annieatkins graphic designer of the grand budapest hotel http t co g9r2gperrv http t co po
-1	enjoy a mendl s treat as we meet annieatkins graphic designer of the grand budapest hotel http t co g9r2gperrv http t co poxogshlvo
-1	6 wes anderson collection the grand budapest hotel wes anderson collection the grand budapest hotelmatt zolle http t co 7t6iroziy0
-1	someone please watch the grand budapest hotel with me
-1	beginners lost in translation little miss sunshine birdman the grand budapest hotel safety not guaranteed gummo
-1	rt hayvaninsan the grand budapest hotel pixelart by hayvaninsan http t co ekvgderxrt
-1	just found out the basoon box was inspired by the grand budapest hotel
-1	rt bestmovieline the grand budapest hotel http t co uxff0wlrt6
-1	photoset contemporaryheart coffeedirt behind the scenes of the grand budapest hotel 2014 dir wes http t co hehzjmcjr9
-1	the grand budapest hotel is a great movie btw the production of the whole movies is grand and awesome
-1	grand budapest hotel napoleon dynamite forrest gump lars amp the real girl superbad submarine spiderman toby fantastic mr fox amp more
-1	the suite of madame d from the grand budapest hotel 2014 photo by martin scali http t co iviaokouby
-1	the wynn hotel addblartimproveamovie midnight grand budapest
-1	nw the grand budapest hotel
-1	grand budapest hotel is worth the hype
-1	i started watching the grand budapest hotel and the main character is the same guy who plays voldemort and the voice is creeping me out
-1	someone please explain to me the grand budapest hotel and also all other wes anderson films
-1	i m watching the grand budapest hotel 2014 https t co kkmkbtabll trakt
-1	photo lauraderns the grand budapest hotel 2014 directed by wes anderson http t co 3629bjfcte
-1	grand budapest hotel was the best film of 2k14 in my opinion
-1	rt bestmovieline the grand budapest hotel http t co uxff0wlrt6
-1	rt allcapsmovie the grand budapest hotel dir wes anderson http t co ll3i8vlhn1
-1	saoirse_ronan greetings from mexico i loved your performance in lovely bones and your moon of mexico in the grand hotel budapest haha
-1	the grand budapest hotel is on hbonow love the genius mind of wes anderson
-1	9 wes anderson collection the grand budapest hotel wes anderson collection the grand budapest hotelmatt zolle http t co rbqwwkqf1j
-1	grand budapest hotel inspirations notte degli oscar e statuette a parte the grand budapest hotel di wes anderso http t co tkoczquge5
-1	rt bestmovieline the grand budapest hotel http t co uxff0wlrt6
-1	i still dig the cinematography of the grand budapest hotel
-1	sockgyu the artist and grand budapest hotel
-1	the grand budapest hotel por movie city
-1	rt xxuelie luhan said his fav movie recently is the grand budapest hotel and i just watched that like last week omf
-1	i went from having a dream that i was in the grand budapest hotel to screaming at fisherman reeling in a whale what the hell is wrong w me
-1	other movies being reviewed on tonights list include american hustle gone girl her the grand budapest hotel 2 marvel movies amp
-1	masseybla the grand budapest hotel
-1	we meet annie atkins graphic designer of the grand budapest hotel s empire of zubrowka http t co eeogvmzd31
-1	rt youareheima will definitely make it the dessert from thegrandbudapesthotel is revealed via designtaxi http t co 4s66aoo1rm http
-1	i love the grand budapest hotel
-1	rt behindscenespic this is the real grand budapest hotel http t co hzr73c9zaj
-1	rt xhuntandgather win 2 tickets to the grand budapest hotel screening amp afterparty in the sugar club follow us on twitter and rt to win ht
-1	cr7prince4ever guardians of the galaxy grand budapest hotel or the judge the others who responded here are poopoo heads
-1	rt allcapsmovie the grand budapest hotel dir wes anderson http t co ll3i8vlhn1
-1	rt ohlolita_ the grand budapest hotel 2014 http t co 9ial4uce38
-1	ive rewatched the grand budapest hotel three times now i love it a lot
-1	rt allcapsmovie the grand budapest hotel dir wes anderson http t co ll3i8vlhn1
-1	tgif the grand budapest hotel https t co euthk3zpsu
-1	the grand budapest hotel en fox1
-1	so we had hbo for the weekend amp i was super pumped to tape the grand budapest hotel i just tried watching it i taped it on the spanish hbo
-1	we meet annie atkins graphic designer of the grand budapest hotel s empire of zubrowka https t co naioqbltzu via i_d
-1	at the beginning of the grand budapest hotel when the little boy shoots the narrator with a toy gun
-1	adrien brody is so hot in the grand budapest hotel
-1	rt allcapsmovie the grand budapest hotel dir wes anderson http t co ll3i8vlhn1
-1	rt allcapsmovie the grand budapest hotel dir wes anderson http t co ll3i8vlhn1
-1	a week has passed since i watched the grand budapest hotel and i m still thinking about it 24 7
-1	rt allcapsmovie the grand budapest hotel dir wes anderson http t co ll3i8vlhn1
-1	rt allcapsmovie the grand budapest hotel dir wes anderson http t co ll3i8vlhn1
-1	just realised a profound life saying i keep quoting from the grand budapest hotel is actually from the best exotic marigold hotel
-1	one time friends asked me if they should buy the grand budapest hotel dvd and i said no it s not that good bc i wanted to keep wes to myself
-1	rt allcapsmovie the grand budapest hotel dir wes anderson http t co ll3i8vlhn1
-1	rt outdoorfilm see the blues brothers amp the grand budapest hotel ntcalkeabbey in august gt gt http t co 6lqmte0jop http t co 4uqtalmava
-1	murkeburke have you see the grand budapest hotel you re like monsieur gustave
-1	script analysis the grand budapest hotel part 4 psychological journey http t co ridq2nwxeo via gointothestory
-1	jude law narrates during the grand budapest hotel and all i can think is how different lemony snicket looks
-1	we meet annie atkins graphic designer of the grand budapest hotel s empire of zubrowka https t co 7o6phovjbk via i_d
-1	i could watch the grand budapest hotel over and over
-1	i finally sat down and watched the grand budapest hotel and it was greatness funny as hell http t co r1awygziuu
-1	nowplaying from bottle rocket to the grand budapest hotel wes anderson soundtracks by michael park http t co 7z10naeian
-1	jclark5on the grand budapest hotel
-1	rt xhuntandgather win 2 tickets to the grand budapest hotel screening amp afterparty in the sugar club follow us on twitter and rt to win ht
-1	the grand budapest hotel was so surreal wow but at the same time its so
-1	rt xhuntandgather win 2 tickets to the grand budapest hotel screening amp afterparty in the sugar club follow us on twitter and rt to win ht
-1	rt xhuntandgather win 2 tickets to the grand budapest hotel screening amp afterparty in the sugar club follow us on twitter and rt to win ht
-1	polo lobby boy the grand budapest hotel lobbyboy thegrandbudapesthotel lumiere lumiereropa https t co fzrtbjffpl
-1	i love listening to the soundtracks for fantastic mr fox and the grand budapest hotel while i work lt 3
-1	petergmoran the grand budapest hotel for dog with a blog
-1	rt xhuntandgather win 2 tickets to the grand budapest hotel screening amp afterparty in the sugar club follow us on twitter and rt to win ht
-1	rt xhuntandgather win 2 tickets to the grand budapest hotel screening amp afterparty in the sugar club follow us on twitter and rt to win ht
-1	script analysis the grand budapest hotel part 4 psychological journey http t co obkpwe6ktq screenwriting scriptchat
-1	rt xhuntandgather win 2 tickets to the grand budapest hotel screening amp afterparty in the sugar club follow us on twitter and rt to win ht
-1	rt xhuntandgather win 2 tickets to the grand budapest hotel screening amp afterparty in the sugar club follow us on twitter and rt to win ht
-1	rt xhuntandgather win 2 tickets to the grand budapest hotel screening amp afterparty in the sugar club follow us on twitter and rt to win ht
-1	rt xhuntandgather win 2 tickets to the grand budapest hotel screening amp afterparty in the sugar club follow us on twitter and rt to win ht
-1	rt xhuntandgather win 2 tickets to the grand budapest hotel screening amp afterparty in the sugar club follow us on twitter and rt to win ht
-1	rt xhuntandgather win 2 tickets to the grand budapest hotel screening amp afterparty in the sugar club follow us on twitter and rt to win ht
-1	fotoset cinemove the grand budapest hotel 2014 dir wes anderson http t co wshpagtj8i
-1	rt xhuntandgather win 2 tickets to the grand budapest hotel screening amp afterparty in the sugar club follow us on twitter and rt to win ht
-1	rt xhuntandgather win 2 tickets to the grand budapest hotel screening amp afterparty in the sugar club follow us on twitter and rt to win ht
-1	rt xhuntandgather win 2 tickets to the grand budapest hotel screening amp afterparty in the sugar club follow us on twitter and rt to win ht
-1	the grand budapest hotel what a strange and random film loved it
-1	rt xhuntandgather win 2 tickets to the grand budapest hotel screening amp afterparty in the sugar club follow us on twitter and rt to win ht
-1	rt xhuntandgather win 2 tickets to the grand budapest hotel screening amp afterparty in the sugar club follow us on twitter and rt to win ht
-1	watched the grand budapest hotel last night thoroughly entertaining and a great cast
-1	now watching the grand budapest hotel
-1	rt i_d meet annieatkins graphic designer of the grand budapest hotel s empire of zubrowka http t co g9r2gperrv http t co ibjw2aol9b
-1	watching the grand budapest hotel
-1	rt i_d meet annieatkins graphic designer of the grand budapest hotel s empire of zubrowka http t co g9r2gperrv http t co ibjw2aol9b
-1	the grand budapest hotel soundtrack is sooooooooo good desplat is a genius hands down i love the movie as well
-1	i liked a youtube video http t co uani81nik2 the grand budapest hotel extended q amp a with wes anderson full session film 2014
-1	the grand budapest hotel on osn
-1	watching the grand budapest hotel fantastic film this
-1	fotoset cinemove the grand budapest hotel 2014 dir wes anderson http t co b7ckwnppab
-1	i rated the grand budapest hotel 2014 10 10 imdb http t co j1zdxy9jfx
-1	rt npodjace the grand budapest hotel is it darshan as was the darjeeling limited and moon rise kingdom it takes a sharp
-1	rt bestmovieline the grand budapest hotel http t co uxff0wlrt6
-1	rt i_d meet annieatkins graphic designer of the grand budapest hotel s empire of zubrowka http t co g9r2gperrv http t co ibjw2aol9b
-1	rt i_d meet annieatkins graphic designer of the grand budapest hotel s empire of zubrowka http t co g9r2gperrv http t co ibjw2aol9b
-1	rt rdlln gointothestory s script analysis the grand budapest hotel part 4 psychological journey http t co 93mgj89rz2 sc
-1	rt i_d meet annieatkins graphic designer of the grand budapest hotel s empire of zubrowka http t co g9r2gperrv http t co ibjw2aol9b
-1	meet annie atkins graphic designer of the grand budapest hotel s empire of zubrowka http t co pblhukzbbz via i_d
-1	rt i_d meet annieatkins graphic designer of the grand budapest hotel s empire of zubrowka http t co g9r2gperrv http t co ibjw2aol9b
-1	rt i_d meet annieatkins graphic designer of the grand budapest hotel s empire of zubrowka http t co g9r2gperrv http t co ibjw2aol9b
-1	the grand budapest hotel soundtrack is so good i love it
-1	grand budapest hotel inspirations notte degli oscar e statuette a parte the grand budapest hotel di wes anderso http t co tkoczquge5
-1	i this film the grand budapest hotel soundtrack complete ost https t co of9otmwkqq via youtube
-1	rt i_d meet annieatkins graphic designer of the grand budapest hotel s empire of zubrowka http t co g9r2gperrv http t co ibjw2aol9b
-1	script analysis the grand budapest hotel part 4 psychological journey reading scripts absolutely criti http t co nnsasyanx2
-1	rt i_d meet annieatkins graphic designer of the grand budapest hotel s empire of zubrowka http t co g9r2gperrv http t co ibjw2aol9b
-1	rt outdoorfilm see the blues brothers amp the grand budapest hotel ntcalkeabbey in august gt gt http t co 6lqmte0jop http t co 4uqtalmava
-1	see the blues brothers amp the grand budapest hotel ntcalkeabbey in august gt gt http t co 6lqmte0jop http t co 4uqtalmava
-1	the grand budapest hotel soundtrack ost hq daftar putar http t co a60b6nnalp business budapest daftar grand hotel hq os
-1	the grand budapest hotel
-1	the grand budapest hotel 2014 is available to stream online thegrandbudapesthotel http t co ca8gfgouxw http t co dt6rro3xnc
-1	rt i_d meet annieatkins graphic designer of the grand budapest hotel s empire of zubrowka http t co g9r2gperrv http t co ibjw2aol9b
-1	rt i_d meet annieatkins graphic designer of the grand budapest hotel s empire of zubrowka http t co g9r2gperrv http t co ibjw2aol9b
-1	rt i_d meet annieatkins graphic designer of the grand budapest hotel s empire of zubrowka http t co g9r2gperrv http t co ibjw2aol9b
-1	the grand budapest hotel
-1	but this movie the grand budapest hotel
-1	rt theblcklst script analysis the grand budapest hotel part 3 sequences http t co 7hajpf6evq via gointothestory
-1	rt i_d meet annieatkins graphic designer of the grand budapest hotel s empire of zubrowka http t co g9r2gperrv http t co ibjw2aol9b
-1	the grand budapest hotel now http t co ooz7j8xbe7
-1	the grand budapest hotel nowwatching
-1	gointothestory s script analysis the grand budapest hotel part 4 psychological journey http t co 93mgj89rz2 scriptchat
-1	one of my life goals is for sure to be as fabulous as tilda swinton in the grand budapest hotel when i m in my 80s madamed tildaswinton
-1	the grand budapest hotel 2014 full movie play now http t co msfc9vgvyx more movie http t co lzobskkm4l click the link
-1	the production design in the grand budapest hotel is heavenly x
-1	rt i_d meet annieatkins graphic designer of the grand budapest hotel s empire of zubrowka http t co g9r2gperrv http t co ibjw2aol9b
-1	watching the grand budapest hotel
-1	rt i_d meet annieatkins graphic designer of the grand budapest hotel s empire of zubrowka http t co g9r2gperrv http t co ibjw2aol9b
-1	rt i_d meet annieatkins graphic designer of the grand budapest hotel s empire of zubrowka http t co g9r2gperrv http t co ibjw2aol9b
-1	rt i_d meet annieatkins graphic designer of the grand budapest hotel s empire of zubrowka http t co g9r2gperrv http t co ibjw2aol9b
-1	rt i_d meet annieatkins graphic designer of the grand budapest hotel s empire of zubrowka http t co g9r2gperrv http t co ibjw2aol9b
-1	nw the grand budapest hotel
-1	i m starting to wonder if wes anderson shot the grand budapest hotel in the hotel northland aged but gorgeous inside greenbay
-1	rt i_d meet annieatkins graphic designer of the grand budapest hotel s empire of zubrowka http t co g9r2gperrv http t co ibjw2aol9b
-1	rt xhuntandgather win 2 tickets to the grand budapest hotel screening amp afterparty in the sugar club follow us on twitter and rt to win ht
-1	rt i_d meet annieatkins graphic designer of the grand budapest hotel s empire of zubrowka http t co g9r2gperrv http t co ibjw2aol9b
-1	we meet annie atkins graphic designer of the grand budapest hotel s empire of zubrowka https t co oatqmw568u via i_d
-1	director of photography robert yeoman of the grand budapest hotel talks alexa http t co dp8kdlywzy arri http t co jvlxu8uo1t
-1	rt i_d meet annieatkins graphic designer of the grand budapest hotel s empire of zubrowka http t co g9r2gperrv http t co ibjw2aol9b
-1	rt i_d meet annieatkins graphic designer of the grand budapest hotel s empire of zubrowka http t co g9r2gperrv http t co ibjw2aol9b
-1	rt i_d meet annieatkins graphic designer of the grand budapest hotel s empire of zubrowka http t co g9r2gperrv http t co ibjw2aol9b
-1	rt i_d meet annieatkins graphic designer of the grand budapest hotel s empire of zubrowka http t co g9r2gperrv http t co ibjw2aol9b
-1	rt i_d meet annieatkins graphic designer of the grand budapest hotel s empire of zubrowka http t co g9r2gperrv http t co ibjw2aol9b
-1	the grand budapest hotel is so in love with its characters it never actually develops them bilgeebiri
-1	rt i_d meet annieatkins graphic designer of the grand budapest hotel s empire of zubrowka http t co g9r2gperrv http t co ibjw2aol9b
-1	ive watched the grand budapest hotel everyday this week no ragrets it is an amazing film
-1	rt i_d meet annieatkins graphic designer of the grand budapest hotel s empire of zubrowka http t co g9r2gperrv http t co ibjw2aol9b
-1	annie atkins graphic designer of the grand budapest hotel s empire of zubrowka https t co pasdejz5li via i_d
-1	we meet annie atkins graphic designer of the grand budapest hotel s empire of zubrowka https t co xcggjoiwyz via i_d
-1	i love the grand budapest hotel n no wonder they won the oscar award
-1	rt i_d meet annieatkins graphic designer of the grand budapest hotel s empire of zubrowka http t co vmnjfqp3rp http t co fvxl8mlxye
-1	rt i_d meet annieatkins graphic designer of the grand budapest hotel s empire of zubrowka http t co g9r2gperrv http t co ibjw2aol9b
-1	rt i_d meet annieatkins graphic designer of the grand budapest hotel s empire of zubrowka http t co g9r2gperrv http t co ibjw2aol9b
-1	rt i_d meet annieatkins graphic designer of the grand budapest hotel s empire of zubrowka http t co g9r2gperrv http t co ibjw2aol9b
-1	rt i_d meet annieatkins graphic designer of the grand budapest hotel s empire of zubrowka http t co g9r2gperrv http t co ibjw2aol9b
-1	rt i_d meet annieatkins graphic designer of the grand budapest hotel s empire of zubrowka http t co g9r2gperrv http t co ibjw2aol9b
-1	meet annieatkins graphic designer of the grand budapest hotel s empire of zubrowka http t co g9r2gperrv http t co ibjw2aol9b
-1	rt theblcklst script analysis the grand budapest hotel part 3 sequences http t co 7hajpf6evq via gointothestory
-1	watching the grand budapest hotel
-1	the grand budapest hotel is it darshan as was the darjeeling limited and moon rise kingdom it takes a sharp one to get it
-1	rt theblcklst script analysis the grand budapest hotel part 3 sequences http t co 7hajpf6evq via gointothestory
-1	i may have found the chance to watch the grand budapest hotel or a random movie atleast but it s not responding what a shitty date
-1	diaporama cinemove the grand budapest hotel 2014 dir wes anderson http t co d0vvcc5fyg
-1	script analysis the grand budapest hotel part 3 sequences http t co 7hajpf6evq via gointothestory
-1	rt hayvaninsan the grand budapest hotel pixelart by hayvaninsan http t co ekvgderxrt
-1	rt hayvaninsan the grand budapest hotel pixelart by hayvaninsan http t co ekvgderxrt
-1	watch fascinating behind the scenes video of the grand budapest hotel http t co skmd86pbkx
-1	the grand budapest hotel
-1	are you monsieur gustave of the grand budapest hotel in nebelsbad
-1	admshfq the grand fricking budapest hotel
-1	rt bestmovieline the grand budapest hotel http t co uxff0wlrt6
-1	the grand budapest hotel was just lovely
-1	rt xxuelie luhan said his fav movie recently is the grand budapest hotel and i just watched that like last week omf
-1	rt hayvaninsan the grand budapest hotel pixelart by hayvaninsan http t co ekvgderxrt
-1	the grand budapest hotel nowwatching
-1	http t co 8npboe5t9e update the grand budapest hotel review http t co 0r1gwhhxmw
-1	rt hayvaninsan the grand budapest hotel pixelart by hayvaninsan http t co ekvgderxrt
-1	i_d annieatkins designer of the grand budapest hotel s empire of zubrowka http t co zjvds6sceo http t co krofig8s3g jackparr1989
-1	rt carolinemichaud did you know preferredhotels member hotel waldhaus sils inspired the grand budapest hotel nytimestravel reports htt
-1	annieknk salarta and by that consumer logic the grand budapest hotel was a terrible movie because it didn t sell as much as the avengers
-1	i listen to the grand budapest hotel soundtrack while i m walking the halls and i pretend i m in a wes anderson movie i shit you not
-1	rt carolinemichaud did you know preferredhotels member hotel waldhaus sils inspired the grand budapest hotel nytimestravel reports htt
-1	rt behindscenespic this is the real grand budapest hotel http t co hzr73c9zaj
-1	rt hayvaninsan the grand budapest hotel pixelart by hayvaninsan http t co ekvgderxrt
-1	rt hayvaninsan the grand budapest hotel pixelart by hayvaninsan http t co ekvgderxrt
-1	rt hayvaninsan the grand budapest hotel pixelart by hayvaninsan http t co ekvgderxrt
-1	the grand budapest hotel pixelart by hayvaninsan http t co ekvgderxrt
-1	the grand budapest hotel
-1	filmnadzi moviefortoday grand budapest hotel thegrandbudapesthotel 2014 adrienbrody ralphfiennes http t co yfteeomnvi
-1	bilderserie the grand budapest hotel day amp night http t co iqxzaxao7z
-1	rt bestmovieline the grand budapest hotel http t co uxff0wlrt6
-1	did you know preferredhotels member hotel waldhaus sils inspired the grand budapest hotel nytimestravel reports http t co yiqy0sqjmv
-1	the grand budapest hotel storyboard animatics https t co suv2grbkvm
-1	the grand budapest hotel day amp night http t co 8nmjshx1cn
-1	script analysis the grand budapest hotel part 2 major plot points http t co 3zqh6xtyvx
-1	http t co laes6sznlr new topsellers deals_uk the grand budapest hotel r2 brand new sealed http t co qy2qjc160q
-1	rt fahmirizald the grand budapest hotel dan imitation game berjaya di wga awards 2015 writers guild of america http t co 44liku
-1	watching the grand budapest hotel https t co agrrcy4sw6
-1	luhan saying that his current fave movie is the grand budapest hotel amp i m secretly hoping that he watched it in english without chi subs
-1	watching the grand budapest hotel https t co z4jnpojwuy
-1	nah switched to the grand budapest hotel
-1	nw the grand budapest hotel
-1	scarfman_ i don t even need to think about it fight club into the wild and at the minute the grand budapest hotel
-1	listening to the grand budapest hotel album there s really a touch of quirky and classic in eastern europe music
-1	watching the grand budapest hotel
-1	rt itsnicethat the grand budapest hotel graphic designer annieatkins on designing for wes anderson http t co zrtcxzrjvy http t co
-1	wow luhan watched the the grand budapest hotel and i love that movie toooo
-1	nw the grand budapest hotel
-1	the grand budapest hotel
-1	watching the grand budapest hotel https t co pxldbmyhbp
-1	rt bestmovieline the grand budapest hotel http t co uxff0wlrt6
-1	just watched the grand budapest hotel now i just feel immensely sad
-1	grand budapest hotel inspirations notte degli oscar e statuette a parte the grand budapest hotel di wes anderso http t co tkoczquge5
-1	rt bestmovieline the grand budapest hotel http t co uxff0wlrt6
-1	rt behindscenespic filming the funicular lift in the grand budapest hotel http t co ilessjgwjk
-1	rt xhuntandgather win 2 tickets to the grand budapest hotel screening amp afterparty in the sugar club follow us on twitter and rt to win ht
-1	adamwiseman meh is how i described the film the grand budapest hotel which tilted sambo_bis into oblivion
-1	i m watching the grand budapest hotel for the 92781889 time already
-1	rt xhuntandgather win 2 tickets to the grand budapest hotel screening amp afterparty in the sugar club follow us on twitter and rt to win ht
-1	rt deerluhaen the trailer for the grand budapest hotel which luhan recently watched and like https t co trlsjnhtlj
-1	win 2 tickets to the grand budapest hotel screening amp afterparty in the sugar club follow us on twitter and rt to win http t co b6ebtk0urz
-1	the grand budapest hotel https t co lpbzupbcgx
-1	rt bestmovieline the grand budapest hotel http t co uxff0wlrt6
-1	rt xhuntandgather win 2 tickets to the grand budapest hotel screening amp afterparty in the sugar club follow us on twitter and rt to win ht
-1	rt xhuntandgather win 2 tickets to the grand budapest hotel screening amp afterparty in the sugar club follow us on twitter and rt to win ht
-1	first movie the grand budapest hotel 2014 received 1 nod anthony quinonez made nod to ralph fiennes good http t co yfwww44xgm
-1	rt bestmovieline the grand budapest hotel http t co uxff0wlrt6
-1	saw the grand budapest hotel the other night best performance by ralph fiennes since schindler s list shoulda been oscar nominated riot
-1	rt stana_katic dreamofhale stana_katic have you watched the grand budapest hotel yet 1 yes very fun
-1	the grand budapest hotel full movie play now http t co danf4wbvcn http t co pvqb47emvp
-1	the grand budapest hotel
-1	the grand budapest hotel
-1	the grand budapest hotel anderson 2014 is an intelligently childish film very well written and directed https t co fviro7koee
-1	rt thomflow_ the grand budapest hotel gt gt gt gt gt gt gt
-1	like birdman comet gravity notting hill the art of getting by the breakfast club the grand budapest hotel the spectacular now the
-1	rt brockwell_lido this year we are proud to announce that we are part of the herne hill film festival again for the 3rd year http t
-1	this year we are proud to announce that we are part of the herne hill film festival again for the 3rd year http t co i2yvfb3tmc
-1	knows 75 of the lines in grand budapest hotel
-1	he said his favourite movie recently is the grand budapest hotel i ve watched it when it was on the theaters and quite enjoyed it too
-1	rt bestmovieline the grand budapest hotel http t co uxff0wlrt6
-1	the grand budapest hotel
-1	rt bestmovieline the grand budapest hotel http t co uxff0wlrt6
-1	classic hollywood by the grand budapest hotel http t co uywiw1udlj
-1	rt bestmovieline the grand budapest hotel http t co uxff0wlrt6
-1	recuerdan al inspector henckels de the grand budapest hotel exalumno csb quillota instachile https t co iiu6xuirgw
-1	rt bestmovieline the grand budapest hotel http t co uxff0wlrt6
-1	rt bestmovieline the grand budapest hotel http t co uxff0wlrt6
-1	apparently making this afternoon work with the grand budapest hotel and some spicy korean noodles
-1	watching the grand budapest hotel https t co yty7vp1unq
-1	the grand budapest hotel is the prettiest nicest movie
-1	rt outdoorfilm see the grand budapest hotel amp grease ntbaddesley warwickshire at this year s summer nights http t co 6lqmte0jop http
-1	rt xxuelie luhan said his fav movie recently is the grand budapest hotel and i just watched that like last week omf
-1	rt bestmovieline the grand budapest hotel http t co uxff0wlrt6
-1	rt rongtler the grand budapest hotel is one of the prettiest movie of all time it s just visually pleasing
-1	rt bestmovieline the grand budapest hotel http t co uxff0wlrt6
-1	the grand budapest hotel is one of the prettiest movie of all time it s just visually pleasing
-1	rt bestmovieline the grand budapest hotel http t co uxff0wlrt6
-1	chilling in the bathtub listening to the grand budapest hotel score thinking about the taste of chocolate chip cookies with milk
-1	rt bestmovieline the grand budapest hotel http t co uxff0wlrt6
-1	if anyone has the grand budapest hotel and is willing to let me borrow it i would greatly appreciate it
-1	senorgoods yeh i ll wear lobby boy from his best movie the grand budapest hotel
-1	grand budapest hotel inspirations notte degli oscar e statuette a parte the grand budapest hotel di wes anderso http t co tkoczquge5
-1	rt bestmovieline the grand budapest hotel http t co uxff0wlrt6
-1	rt xxuelie luhan said his fav movie recently is the grand budapest hotel and i just watched that like last week omf
-1	rt audreyhorned the grand budapest hotel 2014 director of photography robert d yeoman director wes anderson http t co nndgnwk0
-1	rt bestmovieline the grand budapest hotel http t co uxff0wlrt6
-1	the grand budapest hotel s very own boy with an apple http t co rrrsovpdj3
-1	watching the grand budapest hotel
-1	the grand budapest hotel 2014 v003 movie poster 27 x 40 http t co vif0qvnmhi
-1	rt bestmovieline the grand budapest hotel http t co uxff0wlrt6
-1	noche de pelis moonrise kingdom the grand budapest hotel bringing up baby me faltan dos pero no creo que mi sue o me permita verlas
-1	rt bestmovieline the grand budapest hotel http t co uxff0wlrt6
-1	rt bestmovieline the grand budapest hotel http t co uxff0wlrt6
-1	rt bestmovieline the grand budapest hotel http t co uxff0wlrt6
-1	rt bestmovieline the grand budapest hotel http t co uxff0wlrt6
-1	rt bestmovieline the grand budapest hotel http t co uxff0wlrt6
-1	grand budapest hotel is hilarious i love ralph fiennes remember when he was in the wwhl audience
-1	rt laurenxwar his whole filmography favorite director of all time _heedless the grand budapest hotel was a great movie wes anderson i
-1	that s enough for the grand budapest hotel
-1	rt xxuelie luhan said his fav movie recently is the grand budapest hotel and i just watched that like last week omf
-1	and for the grand budapest hotel the worthy things are the beautiful scenes and shots
-1	the grand budapest hotel movie pinkpinkpink hotel https t co srrykgncun
-1	rt xxuelie luhan said his fav movie recently is the grand budapest hotel and i just watched that like last week omf
-1	there is no flaw in the grand budapest hotel every single thing about this film is absolutely perfect i can t stress this enough
-1	rt bestmovieline the grand budapest hotel http t co uxff0wlrt6
-1	the grand budapest hotel i m not leaving https t co qsdan2sdi9 via youtube
-1	rt laurenxwar his whole filmography favorite director of all time _heedless the grand budapest hotel was a great movie wes anderson i
-1	rt bestmovieline the grand budapest hotel http t co uxff0wlrt6
-1	his whole filmography favorite director of all time _heedless the grand budapest hotel was a great movie wes anderson is magnificent
-1	photoset cinemove the grand budapest hotel 2014 dir wes anderson http t co yhrlsjn979
-1	changed my mind again 1 the grand budapest hotel 2 boyhood 3 closed curtain 4 interstellar 5 leviathan
-1	rt ohlolita_ the grand budapest hotel 2014 http t co 9ial4uce38
-1	rt bestmovieline the grand budapest hotel http t co uxff0wlrt6
-1	the grand budapest hotel was a great movie wes anderson is magnificent
-1	oh my god i set my dvr to rec the grand budapest hotel it recorded theomen instead ha
-1	zoebrakaen immaflyer grand budapest hotel is the absolute best one
-1	rt aksara_store the grand budapest hotel amp other new arrivals http t co oygxkumemh
-1	rt bestmovieline the grand budapest hotel http t co uxff0wlrt6
-1	rt xxuelie luhan said his fav movie recently is the grand budapest hotel and i just watched that like last week omf
-1	earlier i compared the grand budapest hotel to the shining amp i just found out the wallpaper amp camera set ups are the same in one scene
-1	rt xxuelie luhan said his fav movie recently is the grand budapest hotel and i just watched that like last week omf
-1	immaflyer i love fantastic mr fox but i have not yet seen the grand budapest hotel and it hurts my heart
-1	rt bestmovieline the grand budapest hotel http t co uxff0wlrt6
-1	zoebrakaen wes anderson is incredible have you seen the fantastic mr fox or the grand budapest hotel
-1	rt bestmovieline the grand budapest hotel http t co uxff0wlrt6
-1	rt bestmovieline the grand budapest hotel http t co uxff0wlrt6
-1	rt bestmovieline the grand budapest hotel http t co uxff0wlrt6
-1	rt bestmovieline the grand budapest hotel http t co uxff0wlrt6
-1	rt bestmovieline the grand budapest hotel http t co uxff0wlrt6
-1	the grand budapest hotel amp other new arrivals http t co oygxkumemh
-1	watching the grand budapest hotel and suddenly i struck
-1	well i guess the grand budapest hotel is what i ll watch anything for distraction
-1	rt bestmovieline the grand budapest hotel http t co uxff0wlrt6
-1	this is the complete opposite of the grand budapest hotel directv http t co ph3olgrmbp
-1	i m watching the grand budapest hotel i m kind of confused but it s good
-1	loovveeee the grand budapest hotel
-1	i rated the grand budapest hotel 2014 7 10 imdb http t co kgslwegrzs
-1	shout out to the trio of sisters in the grand budapest hotel let s get a short made about them
-1	rt bestmovieline the grand budapest hotel http t co uxff0wlrt6
-1	rt bestmovieline the grand budapest hotel http t co uxff0wlrt6
-1	rt bestmovieline the grand budapest hotel http t co uxff0wlrt6
-1	rt bestmovieline the grand budapest hotel http t co uxff0wlrt6
-1	rt bestmovieline the grand budapest hotel http t co uxff0wlrt6
-1	rt bestmovieline the grand budapest hotel http t co uxff0wlrt6
-1	rt xxuelie luhan said his fav movie recently is the grand budapest hotel and i just watched that like last week omf
-1	uptoshananigins grand budapest hotel interstellar the theory of everything
-1	rt xxuelie luhan said his fav movie recently is the grand budapest hotel and i just watched that like last week omf
-1	rt bestmovieline the grand budapest hotel http t co uxff0wlrt6
-1	the grand budapest hotel is the most aesthetically pleasing movie i ve ever watched and i love it so much lt 3
-1	rt bestmovieline the grand budapest hotel http t co uxff0wlrt6
-1	rt bestmovieline the grand budapest hotel http t co uxff0wlrt6
-1	rt bestmovieline the grand budapest hotel http t co uxff0wlrt6
-1	rt bestmovieline the grand budapest hotel http t co uxff0wlrt6
-1	rt bestmovieline the grand budapest hotel http t co uxff0wlrt6
-1	rt bestmovieline the grand budapest hotel http t co uxff0wlrt6
-1	rt bestmovieline the grand budapest hotel http t co uxff0wlrt6
-1	now watching the grand budapest hotel
-1	rt bestmovieline the grand budapest hotel http t co uxff0wlrt6
-1	rt bestmovieline the grand budapest hotel http t co uxff0wlrt6
-1	rt bestmovieline the grand budapest hotel http t co uxff0wlrt6
-1	rt bestmovieline the grand budapest hotel http t co uxff0wlrt6
-1	rt bestmovieline the grand budapest hotel http t co uxff0wlrt6
-1	rt bestmovieline the grand budapest hotel http t co uxff0wlrt6
-1	thehighsign i am although i ve sat out the last five or six so i keep meaning to watch grand budapest hotel
-1	rt bestmovieline the grand budapest hotel http t co uxff0wlrt6
-1	rt bestmovieline the grand budapest hotel http t co uxff0wlrt6
-1	rt bestmovieline the grand budapest hotel http t co uxff0wlrt6
-1	rt bestmovieline the grand budapest hotel http t co uxff0wlrt6
-1	thegrantkobo the grand budapest hotel
-1	rt bestmovieline the grand budapest hotel http t co uxff0wlrt6
-1	rt bestmovieline the grand budapest hotel http t co uxff0wlrt6
-1	rt bestmovieline the grand budapest hotel http t co uxff0wlrt6
-1	rt bestmovieline the grand budapest hotel http t co uxff0wlrt6
-1	rt bestmovieline the grand budapest hotel http t co uxff0wlrt6
-1	rt bestmovieline the grand budapest hotel http t co uxff0wlrt6
-1	i just finished watching grand budapest hotel and honestly i ll have to watch again cause i didn t get 1 2 the http t co m1rh11ss17
-1	rt bestmovieline the grand budapest hotel http t co uxff0wlrt6
-1	rt bestmovieline the grand budapest hotel http t co uxff0wlrt6
-1	rt xxuelie luhan said his fav movie recently is the grand budapest hotel and i just watched that like last week omf
-1	rt bestmovieline the grand budapest hotel http t co uxff0wlrt6
-1	rt bestmovieline the grand budapest hotel http t co uxff0wlrt6
-1	rt bestmovieline the grand budapest hotel http t co uxff0wlrt6
-1	rt bestmovieline the grand budapest hotel http t co uxff0wlrt6
-1	rt bestmovieline the grand budapest hotel http t co uxff0wlrt6
-1	rt bestmovieline the grand budapest hotel http t co uxff0wlrt6
-1	rt xxuelie luhan said his fav movie recently is the grand budapest hotel and i just watched that like last week omf
-1	rt bestmovieline the grand budapest hotel http t co uxff0wlrt6
-1	rt bestmovieline the grand budapest hotel http t co uxff0wlrt6
-1	rt bestmovieline the grand budapest hotel http t co uxff0wlrt6
-1	rt allcapsmovie the grand budapest hotel dir wes anderson http t co ll3i8vlhn1
-1	rt bestmovieline the grand budapest hotel http t co uxff0wlrt6
-1	rt bestmovieline the grand budapest hotel http t co uxff0wlrt6
-1	rt allcapsmovie the grand budapest hotel dir wes anderson http t co ll3i8vlhn1
-1	rt xxuelie luhan said his fav movie recently is the grand budapest hotel and i just watched that like last week omf
-1	rt bestmovieline the grand budapest hotel http t co uxff0wlrt6
-1	rt bestmovieline the grand budapest hotel http t co uxff0wlrt6
-1	rt bestmovieline the grand budapest hotel http t co uxff0wlrt6
-1	rt bestmovieline the grand budapest hotel http t co uxff0wlrt6
-1	rt bestmovieline the grand budapest hotel http t co uxff0wlrt6
-1	rt itsjustbenzo the grand budapest hotel is so good yet so confusing
-1	rt bestmovieline the grand budapest hotel http t co uxff0wlrt6
-1	rt bestmovieline the grand budapest hotel http t co uxff0wlrt6
-1	rt bestmovieline the grand budapest hotel http t co uxff0wlrt6
-1	rt bestmovieline the grand budapest hotel http t co uxff0wlrt6
-1	rt bestmovieline the grand budapest hotel http t co uxff0wlrt6
-1	rt bestmovieline the grand budapest hotel http t co uxff0wlrt6
-1	rt littleauthority check out my review of the movie the grand budapest hotel http t co 0ypf0np0rn http t co 1juyzbpztz
-1	true detective the grand budapest hotel bilingual blu ray http t co q1tuvzyygv
-1	the grand budapest hotel full movie 2015 http t co qjjmw4ynrr
-1	rt 90snamja gq style luhan the movie that i recently watched was the grand budapest hotel
-1	rt bestmovieline the grand budapest hotel http t co uxff0wlrt6
-1	rt bestmovieline the grand budapest hotel http t co uxff0wlrt6
-1	rt bestmovieline the grand budapest hotel http t co uxff0wlrt6
-1	rt bestmovieline the grand budapest hotel http t co uxff0wlrt6
-1	rt bestmovieline the grand budapest hotel http t co uxff0wlrt6
-1	rt bestmovieline the grand budapest hotel http t co uxff0wlrt6
-1	rt xxuelie luhan said his fav movie recently is the grand budapest hotel and i just watched that like last week omf
-1	rt bestmovieline the grand budapest hotel http t co uxff0wlrt6
-1	rt bestmovieline the grand budapest hotel http t co uxff0wlrt6
-1	rt bestmovieline the grand budapest hotel http t co uxff0wlrt6
-1	rt bestmovieline the grand budapest hotel http t co uxff0wlrt6
-1	rt bestmovieline the grand budapest hotel http t co uxff0wlrt6
-1	rt bestmovieline the grand budapest hotel http t co uxff0wlrt6
-1	quiero ver the grand budapest hotel
-1	rt bestmovieline the grand budapest hotel http t co uxff0wlrt6
-1	rt littleauthority the grand budapest hotel 2014 movie review http t co 5ly1grjw9w on bloglovin
-1	rt bestmovieline the grand budapest hotel http t co uxff0wlrt6
-1	rt bestmovieline the grand budapest hotel http t co uxff0wlrt6
-1	rt bestmovieline the grand budapest hotel http t co uxff0wlrt6
-1	rt bestmovieline the grand budapest hotel http t co uxff0wlrt6
-1	rt 90snamja gq style luhan the movie that i recently watched was the grand budapest hotel
-1	rt 90snamja gq style luhan the movie that i recently watched was the grand budapest hotel
-1	rt bestmovieline the grand budapest hotel http t co uxff0wlrt6
-1	rt bestmovieline the grand budapest hotel http t co uxff0wlrt6
-1	rt bestmovieline the grand budapest hotel http t co uxff0wlrt6
-1	rt bestmovieline the grand budapest hotel http t co uxff0wlrt6
-1	rt bestmovieline the grand budapest hotel http t co uxff0wlrt6
-1	the grand budapest hotel 2014 movie review http t co 5ly1grjw9w on bloglovin
-1	rt bestmovieline the grand budapest hotel http t co uxff0wlrt6
-1	rt bestmovieline the grand budapest hotel http t co uxff0wlrt6
-1	rt bestmovieline the grand budapest hotel http t co uxff0wlrt6
-1	rt bestmovieline the grand budapest hotel http t co uxff0wlrt6
-1	rt bestmovieline the grand budapest hotel http t co uxff0wlrt6
-1	rt bestmovieline the grand budapest hotel http t co uxff0wlrt6
-1	rt bestmovieline the grand budapest hotel http t co uxff0wlrt6
-1	rt xxuelie luhan said his fav movie recently is the grand budapest hotel and i just watched that like last week omf
-1	rt bestmovieline the grand budapest hotel http t co uxff0wlrt6
-1	rt bestmovieline the grand budapest hotel http t co uxff0wlrt6
-1	rt bestmovieline the grand budapest hotel http t co uxff0wlrt6
-1	rt bestmovieline the grand budapest hotel http t co uxff0wlrt6
-1	rt bestmovieline the grand budapest hotel http t co uxff0wlrt6
-1	rt bestmovieline the grand budapest hotel http t co uxff0wlrt6
-1	rt bestmovieline the grand budapest hotel http t co uxff0wlrt6
-1	rt bestmovieline the grand budapest hotel http t co uxff0wlrt6
-1	check out my review of the movie the grand budapest hotel http t co 0ypf0np0rn http t co 1juyzbpztz
-1	rt bestmovieline the grand budapest hotel http t co uxff0wlrt6
-1	rt bestmovieline the grand budapest hotel http t co uxff0wlrt6
-1	rt bestmovieline the grand budapest hotel http t co uxff0wlrt6
-1	rt bestmovieline the grand budapest hotel http t co uxff0wlrt6
-1	rt bestmovieline the grand budapest hotel http t co uxff0wlrt6
-1	rt bestmovieline the grand budapest hotel http t co uxff0wlrt6
-1	rt bestmovieline the grand budapest hotel http t co uxff0wlrt6
-1	rt bestmovieline the grand budapest hotel http t co uxff0wlrt6
-1	rt bestmovieline the grand budapest hotel http t co uxff0wlrt6
-1	rt bestmovieline the grand budapest hotel http t co uxff0wlrt6
-1	from bottle rocket to the grand budapest hotel wes anderson soundtracks michael park http t co yblbozdtwk
-1	rt bestmovieline the grand budapest hotel http t co uxff0wlrt6
-1	rt bestmovieline the grand budapest hotel http t co uxff0wlrt6
-1	rt bestmovieline the grand budapest hotel http t co uxff0wlrt6
-1	rt bestmovieline the grand budapest hotel http t co uxff0wlrt6
-1	rt bestmovieline the grand budapest hotel http t co uxff0wlrt6
-1	rt xxuelie luhan said his fav movie recently is the grand budapest hotel and i just watched that like last week omf
-1	rt bestmovieline the grand budapest hotel http t co uxff0wlrt6
-1	rt bestmovieline the grand budapest hotel http t co uxff0wlrt6
-1	rt bestmovieline the grand budapest hotel http t co uxff0wlrt6
-1	rt bestmovieline the grand budapest hotel http t co uxff0wlrt6
-1	rt bestmovieline the grand budapest hotel http t co uxff0wlrt6
-1	rt bestmovieline the grand budapest hotel http t co uxff0wlrt6
-1	rt bestmovieline the grand budapest hotel http t co uxff0wlrt6
-1	rt bestmovieline the grand budapest hotel http t co uxff0wlrt6
-1	rt bestmovieline the grand budapest hotel http t co uxff0wlrt6
-1	rt bestmovieline the grand budapest hotel http t co uxff0wlrt6
-1	rt bestmovieline the grand budapest hotel http t co uxff0wlrt6
-1	rt bestmovieline the grand budapest hotel http t co uxff0wlrt6
-1	rt bestmovieline the grand budapest hotel http t co uxff0wlrt6
-1	rt bestmovieline the grand budapest hotel http t co uxff0wlrt6
-1	rt bestmovieline the grand budapest hotel http t co uxff0wlrt6
-1	rt bestmovieline the grand budapest hotel http t co uxff0wlrt6
-1	rt bestmovieline the grand budapest hotel http t co uxff0wlrt6
-1	rt bestmovieline the grand budapest hotel http t co uxff0wlrt6
-1	rt bestmovieline the grand budapest hotel http t co uxff0wlrt6
-1	rt bestmovieline the grand budapest hotel http t co uxff0wlrt6
-1	rt bestmovieline the grand budapest hotel http t co uxff0wlrt6
-1	rt bestmovieline the grand budapest hotel http t co uxff0wlrt6
-1	rt bestmovieline the grand budapest hotel http t co uxff0wlrt6
-1	rt bestmovieline the grand budapest hotel http t co uxff0wlrt6
-1	rt bestmovieline the grand budapest hotel http t co uxff0wlrt6
-1	rt bestmovieline the grand budapest hotel http t co uxff0wlrt6
-1	rt bestmovieline the grand budapest hotel http t co uxff0wlrt6
-1	rt bestmovieline the grand budapest hotel http t co uxff0wlrt6
-1	rt bestmovieline the grand budapest hotel http t co uxff0wlrt6
-1	rt bestmovieline the grand budapest hotel http t co uxff0wlrt6
-1	rt bestmovieline the grand budapest hotel http t co uxff0wlrt6
-1	rt bestmovieline the grand budapest hotel http t co uxff0wlrt6
-1	rt bestmovieline the grand budapest hotel http t co uxff0wlrt6
-1	rt bestmovieline the grand budapest hotel http t co uxff0wlrt6
-1	rt bestmovieline the grand budapest hotel http t co uxff0wlrt6
-1	rt bestmovieline the grand budapest hotel http t co uxff0wlrt6
-1	rt bestmovieline the grand budapest hotel http t co uxff0wlrt6
-1	rt bestmovieline the grand budapest hotel http t co uxff0wlrt6
-1	rt bestmovieline the grand budapest hotel http t co uxff0wlrt6
-1	rt bestmovieline the grand budapest hotel http t co uxff0wlrt6
-1	rt bestmovieline the grand budapest hotel http t co uxff0wlrt6
-1	rt bestmovieline the grand budapest hotel http t co uxff0wlrt6
-1	rt bestmovieline the grand budapest hotel http t co uxff0wlrt6
-1	rt bestmovieline the grand budapest hotel http t co uxff0wlrt6
-1	rt bestmovieline the grand budapest hotel http t co uxff0wlrt6
-1	rt bestmovieline the grand budapest hotel http t co uxff0wlrt6
-1	rt bestmovieline the grand budapest hotel http t co uxff0wlrt6
-1	rt bestmovieline the grand budapest hotel http t co uxff0wlrt6
-1	was i the only one who liked grand budapest hotel
-1	rt bestmovieline the grand budapest hotel http t co uxff0wlrt6
-1	rt xxuelie luhan said his fav movie recently is the grand budapest hotel and i just watched that like last week omf
-1	rt bestmovieline the grand budapest hotel http t co uxff0wlrt6
-1	rt bestmovieline the grand budapest hotel http t co uxff0wlrt6
-1	rt bestmovieline the grand budapest hotel http t co uxff0wlrt6
-1	rt bestmovieline the grand budapest hotel http t co uxff0wlrt6
-1	rt bestmovieline the grand budapest hotel http t co uxff0wlrt6
-1	rt bestmovieline the grand budapest hotel http t co uxff0wlrt6
-1	rt bestmovieline the grand budapest hotel http t co uxff0wlrt6
-1	rt bestmovieline the grand budapest hotel http t co uxff0wlrt6
-1	rt bestmovieline the grand budapest hotel http t co uxff0wlrt6
-1	rt bestmovieline the grand budapest hotel http t co uxff0wlrt6
-1	rt bestmovieline the grand budapest hotel http t co uxff0wlrt6
-1	rt bestmovieline the grand budapest hotel http t co uxff0wlrt6
-1	rt bestmovieline the grand budapest hotel http t co uxff0wlrt6
-1	rt bestmovieline the grand budapest hotel http t co uxff0wlrt6
-1	rt bestmovieline the grand budapest hotel http t co uxff0wlrt6
-1	rt bestmovieline the grand budapest hotel http t co uxff0wlrt6
-1	rt bestmovieline the grand budapest hotel http t co uxff0wlrt6
-1	rt bestmovieline the grand budapest hotel http t co uxff0wlrt6
-1	rt bestmovieline the grand budapest hotel http t co uxff0wlrt6
-1	rt bestmovieline the grand budapest hotel http t co uxff0wlrt6
-1	rt bestmovieline the grand budapest hotel http t co uxff0wlrt6
-1	rt bestmovieline the grand budapest hotel http t co uxff0wlrt6
-1	rt bestmovieline the grand budapest hotel http t co uxff0wlrt6
-1	rt bestmovieline the grand budapest hotel http t co uxff0wlrt6
-1	rt bestmovieline the grand budapest hotel http t co uxff0wlrt6
-1	rt bestmovieline the grand budapest hotel http t co uxff0wlrt6
-1	rt bestmovieline the grand budapest hotel http t co uxff0wlrt6
-1	rt bestmovieline the grand budapest hotel http t co uxff0wlrt6
-1	the grand budapest hotel http t co uxff0wlrt6
-1	rt outdoorfilm see the grand budapest hotel amp grease ntbaddesley warwickshire at this year s summer nights http t co 6lqmte0jop http
-1	this week the grand budapest hotel comedian jack gallagher state theatre constantcontact http t co ncj9yijizv
-1	rt stana_katic dreamofhale stana_katic have you watched the grand budapest hotel yet 1 yes very fun
-1	rt xxuelie luhan said his fav movie recently is the grand budapest hotel and i just watched that like last week omf
-1	rt xxuelie luhan said his fav movie recently is the grand budapest hotel and i just watched that like last week omf
-1	the grand budapest hotel is such a fab film
-1	what i thought of the grand budapest hotel movie review http t co 6hc3tkzd29 author http t co 3bzivbtisl
-1	rt markhurne another wes anderson film is coming to criterion in july two years till the grand budapest hotel cc larsenonfilm http
-1	qntkka oh my it changes some top ones right now birdman the grand budapest hotel amelie fear and loathing in las vagas
-1	same with the inevitable grand budapest hotel release
-1	rt xxuelie luhan said his fav movie recently is the grand budapest hotel and i just watched that like last week omf
-1	the grand budapest hotel
-1	rt lolvanz the grand budapest hotel new fav
-1	the grand budapest hotel new fav
-1	rt xxuelie luhan said his fav movie recently is the grand budapest hotel and i just watched that like last week omf
-1	the grand budapest hotel truly
-1	rt xxuelie luhan said his fav movie recently is the grand budapest hotel and i just watched that like last week omf
-1	rt xxuelie luhan said his fav movie recently is the grand budapest hotel and i just watched that like last week omf
-1	rt xxuelie luhan said his fav movie recently is the grand budapest hotel and i just watched that like last week omf
-1	films the grand budapest hotel crazy fast silly disjointed wonderful and brilliant one of the best i ve seen for a while
-1	the grand budapest hotel is so aesthetically pleasing
-1	rt xxuelie luhan said his fav movie recently is the grand budapest hotel and i just watched that like last week omf
-1	rt xxuelie luhan said his fav movie recently is the grand budapest hotel and i just watched that like last week omf
-1	another wes anderson film is coming to criterion in july two years till the grand budapest hotel cc larsenonfilm http t co in6bxcdauh
-1	__chinitaa i was talking about the movie grand budapest hotel
-1	rt xxuelie luhan said his fav movie recently is the grand budapest hotel and i just watched that like last week omf
-1	rt xxuelie luhan said his fav movie recently is the grand budapest hotel and i just watched that like last week omf
-1	luhan said his fave movie is the grand budapest hotel his perfection has just reached new levels i am weak
-1	the camera shots in the grand budapest hotel are so great so great
-1	rt xxuelie luhan said his fav movie recently is the grand budapest hotel and i just watched that like last week omf
-1	rt xxuelie luhan said his fav movie recently is the grand budapest hotel and i just watched that like last week omf
-1	rt xxuelie luhan said his fav movie recently is the grand budapest hotel and i just watched that like last week omf
-1	rt xxuelie luhan said his fav movie recently is the grand budapest hotel and i just watched that like last week omf
-1	luhan said his fav movie recently is the grand budapest hotel and i just watched that like last week omf
-1	go into the story script reading amp analysis the grand budapest hotel http t co nnftyph1fe
-1	biggucci_idz his perfomance in the grand budapest hotel and birdman too good
-1	rt kodak_shootfilm film over digital continues to be the preference for robert yeoman amp wes anderson http t co vym9yirir3 nabshow htt
-1	when you want to nap but the grand budapest hotel is on
-1	blu ray best sellers in comedy 6 the grand budapest hotel blu ray http t co hc83fet36j http t co kxqvruvgjp
-1	the grand budapest hotel is a piece of art
-1	more free scripts download oscar contenders birdman the grand budapest hotel wild amp others http t co cocgluf6ch
-1	the grand budapest hotel nw
-1	watching the grand budapest hotel
-1	i love the grand budapest hotel so much
-1	rt xhuntandgather win 2 tickets to the grand budapest hotel screening amp afterparty in the sugar club follow us on twitter and rt to win ht
-1	the grand budapest hotel
-1	rt 90snamja gq style luhan the movie that i recently watched was the grand budapest hotel
-1	khairilanuar shasharyzal power macam the grand budapest hotel tak
-1	nw the grand budapest hotel
-1	enjoying the grand budapest hotel
-1	oooh putain edward norton dans the grand budapest hotel
-1	grand budapest hotel inspirations notte degli oscar e statuette a parte the grand budapest hotel di wes anderso http t co tkoczquge5
-1	putain excellent film the grand budapest hotel
-1	ralph fiennes m gustave the grand budapest hotel art illustration wesanderson http t co zqj9nidrbp
-1	rt grahaminman go into the story script analysis the grand budapest hotel part 3 sequences reading scrip http t co xr2cwqyi
-1	ramzeerawkz proud to be the grand budapest hotel book s designer venezky thanks for the mention more here http t co rwq9lxh7o8
-1	the grand budapest hotel gt gt gt gt gt gt gt
-1	photoset coffeedirt behind the scenes of the grand budapest hotel 2014 dir wes anderson http t co e00utr4mlm
-1	rt outdoorfilm see the grand budapest hotel amp grease ntbaddesley warwickshire at this year s summer nights http t co 6lqmte0jop http
-1	see the grand budapest hotel amp grease ntbaddesley warwickshire at this year s summer nights http t co 6lqmte0jop http t co cnyaasce0p
-1	photoset cinemove the grand budapest hotel 2014 dir wes anderson http t co ppoxdi82xr
-1	rt rdlln gointothestory s script analysis the grand budapest hotel part 3 sequences reading scri http t co xwvmbpnvzx sc
-1	photo the grand budapest hotel premiere in prague reblogged by tumblr viewer http t co d1mcpnbhmc
-1	rt kodak_shootfilm film over digital continues to be the preference for robert yeoman amp wes anderson http t co vym9yirir3 nabshow htt
-1	rt kodak_shootfilm film over digital continues to be the preference for robert yeoman amp wes anderson http t co vym9yirir3 nabshow htt
-1	rt kodak_shootfilm film over digital continues to be the preference for robert yeoman amp wes anderson http t co vym9yirir3 nabshow htt
-1	grand budapest hotel for the 8462728th time
-1	the trailer for the grand budapest hotel which luhan recently watched and like https t co trlsjnhtlj
-1	photoset coffeedirt behind the scenes of the grand budapest hotel 2014 dir wes anderson http t co k7sv2c6q4u
-1	the lego movie or the grand budapest hotel
-1	rt xhuntandgather win 2 tickets to the grand budapest hotel screening amp afterparty in the sugar club follow us on twitter and rt to win ht
-1	the grand budapest hotel b roll part 2 http t co kirls3szcl
-1	go into the story script analysis the grand budapest hotel part 3 sequences reading scrip http t co xr2cwqyi6t scriptchat
-1	rt kodak_shootfilm film over digital continues to be the preference for robert yeoman amp wes anderson http t co vym9yirir3 nabshow htt
-1	the grand budapest hotel b roll part 1 http t co tclkqa513d
-1	rt kodak_shootfilm film over digital continues to be the preference for robert yeoman amp wes anderson http t co vym9yirir3 nabshow htt
-1	film over digital continues to be the preference for robert yeoman amp wes anderson http t co vym9yirir3 nabshow http t co n24j76wdtr
-1	rt xhuntandgather win 2 tickets to the grand budapest hotel screening amp afterparty in the sugar club follow us on twitter and rt to win ht
-1	gointothestory s script analysis the grand budapest hotel part 3 sequences reading scri http t co xwvmbpnvzx scriptchat
-1	take your hands of my lobby boy review of grand budapest hotel http t co 3mjwzrlbkm grandbudapesthotel wesanderson review film
-1	the grand budapest hotel
-1	script analysis the grand budapest hotel part 3 sequences reading scripts absolutely critical to learn http t co m0cp6a83n7
-1	photoset motioninpictures the grand budapest hotel 2014 director wes anderson director of http t co fjsuel4fik
-1	just seen the grand budapest hotel and suddenly my life seems just the wrong colour and not well lit enough
-1	gq style luhan the movie that i recently watched was the grand budapest hotel
-1	photoset cinemove the grand budapest hotel 2014 dir wes anderson http t co xfillsr5oc
-1	watching the grand budapest hotel amp all i can think of is the sex dream i had about willem dafoe films with him in have been ruined for me
-1	every time i watch the grand budapest hotel i fall deeper and deeper in love with it
-1	rt xhuntandgather win 2 tickets to the grand budapest hotel screening amp afterparty in the sugar club follow us on twitter and rt to win ht
-1	the grand budapest hotel wild wild wes anderson http t co ysexuompgh via libe vive canalplus lgj
-1	rt xhuntandgather win 2 tickets to the grand budapest hotel screening amp afterparty in the sugar club follow us on twitter and rt to win ht
-1	rt allcapsmovie the grand budapest hotel dir wes anderson http t co ll3i8vlhn1
-1	rt un1nt3ll1g1ble 4rkain3 definitely moonrise kingdon grand budapest hotel and the life aquatic are my personal favs in the same as d
-1	4rkain3 definitely moonrise kingdon grand budapest hotel and the life aquatic are my personal favs in the same as dying in space
-1	watching the grand budapest hotel https t co xfeujlzpjh
-1	wetin do am chiji_dibbs the grand budapest hotel
-1	johnfinnemore create your own version of the grand budapest hotel in budapest don t forget a ralph fiennes mustache
-1	the grand budapest hotel won best score so i expect really good music
-1	photoset the grand budapest hotel day amp night http t co 6t68kigsvw
-1	script analysis the grand budapest hotel part 1 scene by scene breakdown http t co k1n8aoncgl
-1	this time last year i was singing the praises of the grand budapest hotel http t co ftotaedkti
-1	comet a beautiful beautiful film i love itt right next to the grand budapest hotel amp vicky cristina barcelona
-1	the grand budapest hotel
-1	rt xhuntandgather win 2 tickets to the grand budapest hotel screening amp afterparty in the sugar club follow us on twitter and rt to win ht
-1	birdman and the grand budapest hotel lead oscars race on http t co jc0wp27s1r
-1	why yes i would to buy jeff goldblum s suit from grand budapest hotel thanks spylight i said semi earnestly http t co xgf65srzej
-1	the grand budapest hotel
-1	estoy desmaya con the grand budapest hotel
-1	just watched the grand budapest hotel safe to say i was unprepared for the ending bastards
-1	i could watch the grand budapest hotel every single day
-1	rt voltvision mattcolli_hoops interpretation of the grand budapest hotel http t co unrsegesrk
-1	rt xhuntandgather win 2 tickets to the grand budapest hotel screening amp afterparty in the sugar club follow us on twitter and rt to win ht
-1	geekychappy i bought the grand budapest hotel today
-1	you know what nevermind i ll watch the grand budapest hotel instead
-1	rt blthurnscoe hope you support us tonight at dearne community cinema and come to watch the grand budapest hotel 15 biglocal http
-1	rt xhuntandgather win 2 tickets to the grand budapest hotel screening amp afterparty in the sugar club follow us on twitter and rt to win ht
-1	watching the grand budapest hotel https t co jim7ybr4ru
-1	rt xhuntandgather win 2 tickets to the grand budapest hotel screening amp afterparty in the sugar club follow us on twitter and rt to win ht
-1	les invasions barbares the grand budapest hotel last chance harvey http t co 7jewasgtvp
-1	the grand budapest hotel awesome movie dat cinematography
-1	rt xhuntandgather win 2 tickets to the grand budapest hotel screening amp afterparty in the sugar club follow us on twitter and rt to win ht
-1	rt xhuntandgather win 2 tickets to the grand budapest hotel screening amp afterparty in the sugar club follow us on twitter and rt to win ht
-1	they re showing the grand budapest hotel at the sugar club i need to go
-1	rt xhuntandgather win 2 tickets to the grand budapest hotel screening amp afterparty in the sugar club follow us on twitter and rt to win ht
-1	welcome spring http t co xynmh3ybge wesandersonproject look outfit
-1	rt xhuntandgather win 2 tickets to the grand budapest hotel screening amp afterparty in the sugar club follow us on twitter and rt to win ht
-1	rt xhuntandgather win 2 tickets to the grand budapest hotel screening amp afterparty in the sugar club follow us on twitter and rt to win ht
-1	rt xhuntandgather win 2 tickets to the grand budapest hotel screening amp afterparty in the sugar club follow us on twitter and rt to win ht
-1	you see there are still faint glimmers of civilization left in this barbaric the grand budapest hotel https t co ajtkxsut3k
