-1	angelalorraine i actually watched the skeleton twins with two of my pals
-1	i m not sure why i m still awake tbh but now i really want shevine to lip sync the scene in skeleton twins
-1	http t co 8wotl6lg1q the skeleton twins http t co h5rkh4fx4s bill hader kristen movie official skeleton trailer twins wiig
-1	has anyone seen the skeleton twins please
-1	the skeleton twins
-1	also i know i m late on this but i just got done watching the skeleton twins for the first time and oh my god kristen and bill bravo
-1	the skeleton twins nothing s gonna stop us now lip sync http t co j2ec9uhbvl
-1	he valorado the skeleton twins 2014 7 10 imdb http t co nprpsow7hk
-1	couchpotato found 16 releases for the skeleton twins before eta select and download via the dashboard
-1	rt nick_casaletto moviemantz aliciamalone my independent film review for the week check it out if you can guys theskeletontwins http
-1	the skeleton twins ending crap crappity crap rest of this mostly amusing http t co 0pntxd71k4
-1	after this horror film imma watch an emotional one oh the skeleton twins is on my list imma watch that after
-1	the gruesome twosome the skeleton twins https t co lnszfskyug
-1	rt welivefilm indie flick fridays the skeleton twins 2014 review by nicholas casaletto http t co gbtia05osk http t co sfa3hmdi
-1	moviemantz aliciamalone my independent film review for the week check it out if you can guys theskeletontwins http t co gp6nu5viyq
-1	indieflickfridays is live with my review of theskeletontwins check out my review here http t co gp6nu5viyq
-1	indie flick fridays the skeleton twins 2014 review by nicholas casaletto http t co gbtia05osk http t co sfa3hmdi1v
-1	the skeleton twins
-1	finally watching the skeleton twins
-1	me watches the skeleton twins at 1am
-1	i think im gonna watch the skeleton twins after lnsm
-1	photoset dad always told us to stick together no matter what the skeleton twins 2014 http t co bzoxpl5lsh
-1	considering i ve never heard of the skeleton twins before it s actually such a good film
-1	critique films the skeleton twins 2014 kristen wiig bill hader luke wilson ty burrell boyd holbrook et al https t co krdyp9bmp3
-1	i watched the skeleton twins for the 13th time this week bc i m actually nuts
-1	the skeleton twins is great pls go watch i almost cried
-1	rt davidjones720 everyone has a skeleton or two in their closet but the people we should avoid are those who have entire cemeteries htt
-1	i added a video to a youtube playlist http t co xvgeair3eb kristen wiig amp bill hader s epic lip sync scene from the skeleton twins
-1	ailishkilpat the skeleton twins
-1	watching the skeleton twins https t co daqvjzojqu
-1	rt straightupnicks anyone who likes bill hader or kristen wiig should check out the movie skeleton twins it is seriously themed but hila
-1	the skeleton twins
-1	rt intensekrv billhader and kristenwiig are awesome in the skeleton twins
-1	rt petercetinich nowwatching the skeleton twins 2014 http t co fazxp5ig65
-1	rt charlottewils0n i watched the skeleton twins thinking it d be a lighthearted comedy man was i wrong it s awesome though check it
-1	finished a first draft rewarding myself with a beer and the skeleton twins then starting notes for a different script tomorrow
-1	rt happychris88 finally watched the skeleton twins such a great film theskeletontwins kristenwiig billhader
-1	dear craig johnson thank u for the skeleton twins
-1	jokwons shinzisus by some members i mean skeleton undead worm king and the twins sometimes
-1	the skeleton twins is a great freakin movie
-1	i rated the skeleton twins 2014 7 10 imdb http t co yywtxkdrm5
-1	the only good from that skeleton twins movie it s that they quote johnwgrant from that ancienne belgique concert
-1	i watched the skeleton twins thinking it d be a lighthearted comedy man was i wrong it s awesome though check it out folks
-1	kristen wiig amp bill hader s epic lip sync scene from the skeleton twins chloweeinparis http t co 9smd6fgiyg
-1	something s off with the skeleton twins imdb page but what http t co ucgfdzfns6
-1	http t co dwopx04mex the skeleton twins http t co pgjyyzmeom
-1	bill haders clothing in the skeleton twins always makes me happy
-1	the skeleton twins pelicula completa youtube http t co pcewsn84qp
-1	loved the skeleton twins amp loved the wiig hader chemistry this scene worth re watching https t co bhiu0coyx5 starship
-1	omg i need to watch the skeleton twins kristen wiig and bill hader in the same movie what is this what else would you need
-1	ahalida check out the skeleton twins you d love it
-1	read eric s review of skeleton twins the http t co 4lor100kgi review skeletontwins http t co 7hv4laeg8m
-1	monicatheloser i also recommend the skeleton twins
-1	bill hader kristen wiig the skeleton twins https t co kqonjtpqxs
-1	the skeleton twins also loved it
-1	ver pelicula online the skeleton twins http t co d1c7woscm5 full hd tucinema24
-1	currently watching the skeleton twins
-1	jessnoopdogg the guy in the second one is so hot he s actually the scuba instructor in the skeleton twins
-1	jessnoopdogg smh i watched the skeleton twins and i watched very good girls and they were both so amazing no joke
-1	ginoboi hey guys since ito yung top10 have you seen the skeleton twins it s a comedy drama about lonely people it s good rxgreets
-1	muzska89 the skeleton twins
-1	paid my bills went food shopping and now back to the house to finally watch skeleton twins
-1	bingecast the skeleton twins official http t co zvdwk9pv1q bill hader kristen movie official skeleton trailer twins wiig
-1	watching the skeleton twins https t co ttzmrdaud4
-1	i feel like i could watch the skeleton twins everyday for the rest of my life
-1	http t co lov7hnrqef the skeleton http t co rtnynrbw4g bill hader kristen movie official skeleton trailer twins wiig
-1	what was the last song you sang out loud to hotel in nyc twins skeleton fall out boy http t co mncaekze4f
-1	http t co p0xt6iwr5q the skeleton twins http t co ygydae8ail bill hader kristen movie official skeleton trailer twins wiig
-1	rt 6fried6brainz6 watching the skeleton twins and i think i have a crush on kristen wiig
-1	watching the skeleton twins and i think i have a crush on kristen wiig
-1	i just finished the skeleton twins i have to be up in 2 hours smh
-1	news haberler dvd assessment the skeleton twins http t co qagupv0qhk http t co 4eatzb8tx8
-1	the skeleton twins
-1	the skeleton twins depressing
-1	rt amateurgourmet don t forget to watch the mtv movie awards tonight skeleton twins is up for best musical moment
-1	in honor of watching the skeleton twins my favorite kristen wiig moment maybe jimmy interviews michael jordan https t co spvithesj9
-1	don t forget to watch the mtv movie awards tonight skeleton twins is up for best musical moment
-1	the skeleton twins pelicula completa youtube http t co li738ofnyw
-1	and seeing kristen wiig and bill hader makes me wanna see the skeleton twins
-1	the skeleton twins streaming ita http t co nbjsjzel09
-1	ellen said the skeleton twins was hilarious ellen it wasnt a comedy
-1	everyone needs to watch the skeleton twins with billhader amp kristen wiig best film of 2014
-1	rt belindacomedy the skeleton twins is rad my crush on bill hader and kristen wiig is so big it s worrisome
-1	the skeleton twins 2014 is a graceful movie a conamaraviews lt nmoqf8 gt
-1	rt cicimiciswift i have been listening to twins skeleton s for the past two days and i am still not bored of it
-1	watching the skeleton twins
-1	bill hader kristin wiig the skeleton twins watch it indie movies need love and nurturing rent it tonight
-1	a dramatic angle of the skeleton twins https t co vjtrqvexgi
-1	the skeleton twins my second favorite trees https t co qzojt4gzfb
-1	watching the skeleton twins 2014 imdb http t co 2hqmdlcqwa
-1	the movie the skeleton twins is so under appreciated its soooo frustrating
-1	the skeleton twins is rad my crush on bill hader and kristen wiig is so big it s worrisome
-1	rt victoriajustice just watched the skeleton twins such a good movie god i love kristenwiig amp biiihader http t co a63oa0otco
-1	60 the skeleton twins 2014 the lip syncing scene was the best go and hug your sibling now 365moviesin2015
-1	rt meyershader the skeleton twins makes me so emotional
-1	finally saw the skeleton twins absolutely loved it
-1	the skeleton twins makes me so emotional
-1	the skeleton twins
-1	the skeleton twins lip sync scene http t co cihggni7mz
-1	feeling super stressed so i m going to watch this clip from the skeleton twins on repeat until i feel better https t co uzfdyofbnl
-1	the skeleton twins rare lot of 2 large promo postcards kristenwiig bill http t co 00c22vbgrf actress comedian http t co nlpqspkge0
-1	watching the skeleton twins https t co kjqfdv5k4j
-1	bomarderrick i m watching the skeleton twins and it is amazing
-1	shutupnata plus he got to makeout with bill for skeleton twins though it got cut from the movie
-1	je_thom_ it reminded me a lot of the forced offbeat charm of recent indie films like kumiko amp skeleton twins
-1	the skeleton twins http t co dohq4jgozt simple and dull maybe purposely just nice seeing hader amp wigg challenging themselves as actors
-1	in honor of national sibling day i shall watch the skeleton twins and try not to think of snl as i watch kristen wiig amp bill hader in this
-1	finished watching the skeleton twins and it was serisouly so good love me some kristne wiig
-1	thanks in movie http t co qwmlfk4wac the skeleton twins 2014 http t co juudlu2bou
-1	rt damaristrust the skeleton twins a new discussion guide by filmblogsophie on the dark sibling comedy now out on dvd http t co mce
-1	nfotd the skeleton twins
-1	rt jclillis jentay82 p s have you seen kristen wiig and bill hader lip sync to the mannequin song in the skeleton twins https t co f
-1	jentay82 p s have you seen kristen wiig and bill hader lip sync to the mannequin song in the skeleton twins https t co f9ngnlzyca
-1	digging up the skeleton twins 10 great on screen sibling stories http t co i3gjk1dit3 nationalsiblingsday
-1	i m watching the skeleton twins with mom and ava and trying not to ruin it by reciting every line iloveitsomuch
-1	the skeleton twins
-1	digging up the skeleton twins 10 great on screen sibling stories http t co a3nval6dsl nationalsiblingsday via wordandfilm
-1	kristen wiig amp bill hader s epic lip sync scene from the skeleton twins https t co qqnbrtveaq
-1	photoset how did we go ten years without talking the skeleton twins 2014 http t co tec3eu09ol
-1	the skeleton twins filme completo youtube http t co yhamchtx9f
-1	i wanna watch the skeleton twins so badly
-1	there is zero coincidence that kristen wiig s character in the skeleton twins is a dental hygienist
-1	the skeleton twins is one of the best movies i ve seen in awhile
-1	watched skeleton twins one of the more realistic portrayals of siblinghood i ve seen recently
-1	hace lipsync como en the skeleton twins nothing s gonna stop us now by starship https t co bahlbxejut
-1	http t co lcd6izhcv1 the skeleton http t co w0gcxtljil bill hader kristen movie official skeleton trailer twins wiig
-1	the skeleton twins a new discussion guide by filmblogsophie on the dark sibling comedy now out on dvd http t co mcew85l2an
-1	the skeleton twins 2014 directed by craig johnson http t co 0s0wndm0un
-1	zaynkilos the skeleton twins sunshine
-1	http t co hf236ajvg0 the skeleton twins 2014 official trailer http t co ukjbatouin drama officialtrailer theskeletontwins
-1	wow the skeleton twins was such a good but fucked up movie
-1	i love the skeleton twins so much fav movie of 2k14
-1	nw the skeleton twins
-1	the skeleton twins was powerfully acted amp had a beautiful screenplay although unconventional it surprisingly balances emotion amp funny
-1	the skeleton twins
-1	the skeleton twins
-1	everyone needs to watch the skeleton twins bc it s hilarious emotional and most importantly kristen wiig and bill hader are in it
