-1	today indy venus in fur at the south bend civic theatre http t co nawjvtvts0 indianapolis indiana venus south
-1	rt drdoublevay another standing o tonight for venus in fur don t miss out better seats available for the matinee tomorrow than http
-1	another standing o tonight for venus in fur don t miss out better seats available for the matinee tomorrow than http t co hrnrasyb6j
-1	link removed 04 18 indy venus in fur at the south bend civic theatre link removed indianapolis indiana ven
-1	04 18 indy venus in fur at the south bend civic theatre http t co yejkdqwbyb indianapolis indiana venus south bend civic
-1	7 minutes to get over to pipedreams to see venus in fur can t make it tonight you have 1 more chance tomorrow at 730 to see it
-1	rt rachelhumphrey_ if you re not coming to venus in fur tonight there s something wrong with your plans
-1	rt rachelhumphrey_ if you re not coming to venus in fur tonight there s something wrong with your plans
-1	rt rachelhumphrey_ if you re not coming to venus in fur tonight there s something wrong with your plans
-1	rt plosivepeeps a rare and thought provoking theatrical experience venus in fur gladstoneseason http t co fhkru7rrsp
-1	venus in fur feat sippy cup amp 4 hours of sleep http t co buqbxakju2
-1	watching venus in fur
-1	eirabevan amazing to think that polanski directed the very different but no less wonderful venus in fur in 2013 40 years later
-1	a rare and thought provoking theatrical experience venus in fur gladstoneseason http t co fhkru7rrsp
-1	a rare and thought provoking theatrical experience venus in fur gladstoneseason http t co jjuhjqq04s
-1	rt dianabg venus creative beautiful lebanese version of ives venus in fur outstanding performance ritahayek1 badihabouchakra http t
-1	rt dianabg venus creative beautiful lebanese version of ives venus in fur outstanding performance ritahayek1 badihabouchakra http t
-1	rt washcoll last wacdrama show of the season opens tonight venus in fur april 17 18 at 7 30 amp 10 30 in gca s rehearsal room http t c
-1	today indy venus in fur at the south bend civic theatre http t co nawjvtvts0 indianapolis indiana
-1	last wacdrama show of the season opens tonight venus in fur april 17 18 at 7 30 amp 10 30 in gca s rehearsal room http t co 2zqizl6r4i
-1	venus creative beautiful lebanese version of ives venus in fur outstanding performance ritahayek1 badihabouchakra http t co iqeepvba1e
-1	04 18 indy venus in fur at the south bend civic theatre http t co yejkdqwbyb indianapolis indiana venus south bend civic
-1	today indy venus in fur at the south bend civic theatre http t co nawjvtvts0 indianapolis indiana
-1	ottawa go see venus in fur at the gladstone theatre woo hoo http t co elh3klg55j http t co e7jpanpphq
-1	today indy venus in fur at the south bend civic theatre http t co nawjvtvts0 indianapolis indiana
-1	today indy venus in fur at the south bend civic theatre http t co vp2hswo3r5 indianapolis indiana
-1	romeybensen look at david ives theater adaptation of venus in fur
-1	rt pdtheatre free ticket delivery if you find a pd company member and purchase your venus in fur tix dominateme http t co e3acyycu
-1	montana make sure you get out to see david ives venus in fur wftheatre before it closes https t co fwo2v2go7b
-1	i ve just watched venus in fur excellent polanski film
-1	venus in fur show tonight at 7 30 o shaughnessy center only 3 more shows to see this superb piece of theatre
-1	there are still some tickets available for tonight s performance of venus in fur starring the incomparable http t co bprreddkoa
-1	04 17 indy venus in fur at the south bend civic theatre http t co nawjvtvts0 indianapolis indiana venus south bend civic
-1	see jessica clark in her current show as vanda in venus in fur later in june she also portrays miss tallulah http t co ah995qcaqr
-1	see jessica clark in her current show as vanda in venus in fur later in june she also portrays miss tallulah http t co gxqkzgq46y
-1	see jessica clark in her current show as vanda in venus in fur later in june she also portrays miss tallulah http t co 9bat9fgbkd
-1	tonight april in paris filmfest cinestudio hartford venus in fur http t co szoldnumvo http t co 2ufcmeiw0a
-1	04 17 indy venus in fur at the south bend civic theatre http t co nawjvtvts0 indianapolis indiana
-1	04 18 this weekend indy venus in fur at the south bend civic theatre http t co yejkdqwbyb weekend events indiana
-1	today indy venus in fur at the south bend civic theatre http t co vp2hswo3r5 indianapolis indiana
-1	filmuforia filmlandempire i was about to protest this fact but turns out venus in fur was shot on cinealta it really looks like film
-1	04 17 indy venus in fur at the south bend civic theatre http t co nawjvtvts0 indianapolis indiana
-1	rt pdtheatre free ticket delivery if you find a pd company member and purchase your venus in fur tix dominateme http t co e3acyycu
-1	rt pdtheatre free ticket delivery if you find a pd company member and purchase your venus in fur tix dominateme http t co e3acyycu
-1	04 18 this weekend indy venus in fur at the south bend civic theatre http t co yejkdqwbyb weekend events indiana
-1	great show at the gladstone with venus in fur congrats to catrionaleger drdoublevay chandel gambles and the whole sexy gang
-1	rt southcoastrep congrats to andrea10583 she just won a best actress irneawards for venus in fur at huntington see her onstage now i
-1	congrats to andrea10583 she just won a best actress irneawards for venus in fur at huntington see her onstage now in ofgoodstock
-1	photoset hugh dancy and nina arianda in venus in fur x http t co tune7husxd
-1	rt pdtheatre free ticket delivery if you find a pd company member and purchase your venus in fur tix dominateme http t co e3acyycu
-1	i have tickets to venus in fur this weekend if you would like to buy some it ll save you a trip to kfac
-1	free ticket delivery if you find a pd company member and purchase your venus in fur tix dominateme http t co e3acyycuom
-1	today indy venus in fur at the south bend civic theatre http t co 2lcbfaolmc indianapolis indiana venus
-1	closing weekend of hit venus in fur constantcontact http t co f0lnl72fbh
-1	today indy venus in fur at the south bend civic theatre http t co 2lcbfaolmc indianapolis indiana
-1	ebay snipe rt http t co 2sxsxucxi0 nina arianda hugh dancy signed venus in fur signed poster please favorite amp share
-1	rt wacdrama catch venus in fur this friday and saturday at 7 30 amp 10 30pm in the gibson rehearsal room https t co zpfh32f4sq
-1	catch venus in fur this friday and saturday at 7 30 amp 10 30pm in the gibson rehearsal room https t co zpfh32f4sq
-1	04 16 indy venus in fur at the south bend civic theatre http t co vp2hswo3r5 indianapolis indiana
-1	msu theatre studio season closes with venus in fur april 22 25 theatre mankato http t co 8zbo1bxbtt
-1	today indy venus in fur at the south bend civic theatre http t co 2lcbfaolmc indianapolis indiana
-1	this made me think of venus in fur which is never ever a bad thing https t co uwbjdai5ba
-1	accentsfilm rosemary s baby is on netflix http t co tempmoexkv also chinatown venus in fur and bitter moon
-1	venus in fur catriona leger s production is uncompromising in moving to a genuinely disturbing conclusion portman http t co gei3erhvg9
-1	review by portman ottawaccc http t co by4qhqby9r venusinfur
-1	on movie mashup tomorrow 71 venus in fur interstellar cinderella man
-1	thanks sharon hawthorne for this unsolicited audience response to venus in fur not since 6th street http t co ohwsgpedsz
-1	rt wacdrama you have four chances to see venus in fur this friday amp saturday catch it at 7 30 amp 10 30pm both days hailaphrodite wedop
-1	gambles i hadn t seen before but i hope to again she was phenomenal captivating from the moment she bursts in http t co ucshkydx4e
-1	sunday sunday sunday historic rucker place lunch 12 30 venus in fur 2 buy online or pay at the doors http t co bprza72xlx
-1	whiteley was an excellent fit as the charmingly pedantic playwright with little patience for air headed actors http t co ucshkydx4e
-1	04 15 indy venus in fur at the south bend civic theatre http t co 2lcbfa6kue indianapolis indiana
-1	you have four chances to see venus in fur this friday amp saturday catch it at 7 30 amp 10 30pm both days hailaphrodite wedoplays washcoll
-1	rt brianmcarroll chandel gambles is a revelation venus in fur by plosivepeeps gladstoneseason http t co xsq4hsrrt9
-1	rt plosivepeeps rt brianmcarroll chandel gambles is a revelation venus in fur by plosivepeeps gladstoneseason http t co lzv20w
-1	rt brianmcarroll chandel gambles is a revelation venus in fur by plosivepeeps gladstoneseason http t co lzv20wqvxg
-1	thanks all for the birthday wishes now if you haven t already seen venus in fur hop to it
-1	04 15 indy venus in fur at the south bend civic theatre http t co 2lcbfaolmc indianapolis indiana venus south bend civic
-1	chandel gambles is a revelation venus in fur by plosivepeeps gladstoneseason http t co xsq4hsrrt9
-1	favourite foreign films venus in fur https t co cjpzr1n51y pinterest movies french
-1	rt wacdrama catch the last production of the semester venus in fur this weekend at 7 30 and 10 30pm in the rehearsal room hailaphrodi
-1	rt huntington hurray venus in fur wins best production large company at the irneawards http t co i5qzyxu3q0
-1	rt cameronlawson7 never knew venus in fur by velvet underground was such a sexual song hcpop
-1	hurray venus in fur wins best production large company at the irneawards http t co i5qzyxu3q0
-1	best production of a play large caught up again and enjoying the pics venus in fur at huntington thanks for bringing this complexity
-1	thanks m l geiger for the beautiful light in venus in fur and congrats on your irneawards recognition
-1	best lighting design large m l geiger for huntington s venus in fur that night was electric
-1	thanks for the stunning costumes in venus in fur charles schoonmaker and kudos on the irneawards win
-1	best costume design large charles schoonmaker in huntington s venus in fur more is wearing less
-1	rt huntington andrea10583 congratulations best actress in a play large at the irneawards for venus in fur at the huntington so prou
-1	andrea10583 congratulations best actress in a play large at the irneawards for venus in fur at the huntington so proud
-1	best actress in a play large company andrea syglowski for huntington s venus in fur what a sexy performance and a hot play
-1	nealkane irneawards speakeasystage great photo venus in so much fur
-1	incredible first weekend for venus in fur make plans to attend this weekend cheap seats thursday talk back http t co jpuvpyx5jm
-1	this is how i know i m not cool enough all i did is roll my eyes venus in fur collectiondevelopment https t co aln7k0xnbi
-1	caught romen polanski venus in fur last nite interesting
-1	catch the last production of the semester venus in fur this weekend at 7 30 and 10 30pm in the rehearsal room hailaphrodite wedoplays
-1	thanks for posting that venus blog review http t co ffcybcqhl1
-1	venus in fur 9780810128224 david ives paperback new http t co iocaoo2pg1 http t co an8ac17pkc
-1	venus in fur 9780810128224 david ives paperback new http t co r723ad10h4 http t co 5lhbnuvklf
-1	rt brianmcarroll venus in fur is a sex comedy turned on its birch switched bottom http t co xsq4ht92kh cc apt613 gladstoneseason p
-1	this apt613 review for venus is a great birthday present http t co omdhiav7e2
-1	rt brianmcarroll venus in fur is a sex comedy turned on its birch switched bottom http t co xsq4ht92kh cc apt613 gladstoneseason p
-1	rt brianmcarroll venus in fur is a sex comedy turned on its birch switched bottom http t co xsq4ht92kh cc apt613 gladstoneseason p
-1	csansregret venus in fur is a sex comedy turned on its birch switched bottom http t co xsq4ht92kh
-1	venus in fur is a sex comedy turned on its birch switched bottom http t co xsq4ht92kh cc apt613 gladstoneseason plosivepeeps
-1	if you re want to do something nice for me today you can boost venus in fur as a favour as valuable as any http t co bgzw7vxqeu
-1	rt pdtheatre venus in fur cute edition pdstvenus dominateme withcuteness pdst tilnextweekend http t co cjncylhdag
-1	rt leggomyegglesto do yourself a favor and see venus in fur congratulations to all those involved shout out to keimman for rocking p
-1	rt pdtheatre venus in fur cute edition pdstvenus dominateme withcuteness pdst tilnextweekend http t co cjncylhdag
-1	should i watch venus in fur or finish my resume
-1	venus in fur cute edition pdstvenus dominateme withcuteness pdst tilnextweekend http t co cjncylhdag
-1	rt leggomyegglesto do yourself a favor and see venus in fur congratulations to all those involved shout out to keimman for rocking p
-1	rt flipfolio venus in fur coat peter paul rubens 1577 1640 http t co 7af6q7jrou
-1	rt leggomyegglesto do yourself a favor and see venus in fur congratulations to all those involved shout out to keimman for rocking p
-1	couchpotato found 56 releases for venus in fur before eta select and download via the dashboard
-1	review south bend civic s venus in fur too likeable south bend tribune http t co mxtex1qbca fur
-1	rt kingshearte theatre review venus in fur presented by plosivepeeps go see it http t co vgjn0i7twr
-1	rt brianmcarroll venus in fur is a highly entertaining evening though not one for the faint of heart gladstoneseason plosivepeeps htt
-1	rt brianmcarroll barb and i aren t the only ones impressed by venus in fur gladstoneseason https t co 4ib9wwrwik
-1	barb and i aren t the only ones impressed by venus in fur gladstoneseason https t co 4ib9wwrwik
-1	theatre review venus in fur presented by plosivepeeps go see it http t co vgjn0i7twr
-1	rt leggomyegglesto do yourself a favor and see venus in fur congratulations to all those involved shout out to keimman for rocking p
-1	review south bend civic s venus in fur too likeable http t co fepeaxsif3
-1	rt leggomyegglesto do yourself a favor and see venus in fur congratulations to all those involved shout out to keimman for rocking p
-1	went to see the play venus in fur today at the gladstone theatre i absolutely loved it terrific acting
-1	do yourself a favor and see venus in fur congratulations to all those involved shout out to keimman for rocking pdtheatre dominateme
-1	having a quick drink at the bar before pdtheatre venus in fur 3 songs played titanium la bamba beautiful day lsb gets me
-1	la venus a la fourrure venus in fur 2013 is a hilarious movie a dallascritic lt nmnxs2 gt
-1	rt southbend_nc review south bend civic s venus in fur too likeable south bend tribune south bend tribunereview south b http
-1	seems like a fine night gonna watch venus in fur
-1	film review venus in fur 2013 http t co fuuk29kjl8
-1	creepy news film review venus in fur 2013 synopsis an actress attempts to convince a director how she s per http t co 1joeqbq18b
-1	film review venus in fur 2013 http t co kalfzdxxwg horror
-1	venus in fur a provocative play featuring two fine performances venus in fur http t co z1cszjd4ng alabama
-1	grading papers amp watching venus in fur
-1	venus in fur a provocative play featuring two fine performances http t co h0b9yhfzbl http t co syfmnqpxug fur
-1	vinuz n fur a provocative play featurn two fine performancez vinuz n fur be not n http t co crv4w9elti
-1	venus in fur a provocative play featuring two fine performances http t co pcfhq4bhvw
-1	venus in fur a provocative play featuring two fine performances characters thomas throughout http t co nkevpxix5x
-1	rt alecharveybham two strong performances central to venus in fur http t co vuvxikaptl
-1	venus in fur a provocative ply featurin 2 fine performances http t co wk9arl6oqj characters thomas throughout
-1	rt alecharveybham two strong performances central to venus in fur http t co vuvxikaptl
-1	venus in fur a provocative ply featurin 2 fine performances http t co nahl4k2kvr nearly thomas throughout
-1	two strong performances central to venus in fur http t co vuvxikaptl
-1	venus in fur a provocative ply featurin 2 fine performances http t co jksvwxbrti nearly thomas without
-1	venus in fur a provocative play featuring two fine performances http t co a5jcjx19et
-1	venus in fur is a highly entertaining evening though not one for the faint of heart gladstoneseason plosivepeeps http t co d7tzrueips
-1	southbendcivictheatre saw venus in fur content will take some processing production was great http t co jf4mkgrtim
-1	the cast of venus in fur blew the socks off their audience tonight go goodluckmacbeth renoarts renotheatre http t co qewbfa2v5a
-1	polanski venus in fur can be streamed on netflix how i this play amp movie
-1	decompressing after venus in fur https t co d76qckiums
-1	opening night for venus in fur good luck macbeth artspotreno morearteverywhere https t co 47ysppqcun
-1	rt dot_morg with venus in the sign of taurus today sensual pleasures become more important satisfy your desires by coming to venus in f
-1	rt katie_keysmash happy opening pdtheatre and the boo thang keimman with venus in fur proud baeonstage dominateme later
-1	rt dot_morg with venus in the sign of taurus today sensual pleasures become more important satisfy your desires by coming to venus in f
-1	happy opening pdtheatre and the boo thang keimman with venus in fur proud baeonstage dominateme later
-1	rt dot_morg with venus in the sign of taurus today sensual pleasures become more important satisfy your desires by coming to venus in f
-1	rt dot_morg with venus in the sign of taurus today sensual pleasures become more important satisfy your desires by coming to venus in f
-1	rt dot_morg with venus in the sign of taurus today sensual pleasures become more important satisfy your desires by coming to venus in f
-1	rt dot_morg with venus in the sign of taurus today sensual pleasures become more important satisfy your desires by coming to venus in f
-1	dwyercd the whipping man was outstanding seriously powerful amp expertly written and venus in fur messed with my mind on so many levels
-1	rt sbcivic thank you you scot and libby for getting up early to talk to fox28 s faranf_fox28 about venusinfur http t co ket3tdfszs
-1	thank you you scot and libby for getting up early to talk to fox28 s faranf_fox28 about venusinfur http t co ket3tdfszs opens tonight
-1	rt dot_morg with venus in the sign of taurus today sensual pleasures become more important satisfy your desires by coming to venus in f
-1	with venus in the sign of taurus today sensual pleasures become more important satisfy your desires by coming to venus in fur pdtheatre
-1	never knew venus in fur by velvet underground was such a sexual song hcpop
-1	grab your tickets to this provocative and engaging foray into sex power and dominance venus in fur opens today http t co 1m0dphnwpy
-1	congrats to plosive prodns and everyone involved with venus in fur on a great opening don t miss it closes next weekend thegladstone ca
-1	have you seen polanski s venus in furs http t co 5jch33haog
